PDB ID/chain,Uniprot ID,Uniprot Name
1a54.A,P0AG82,PSTS_ECOLI
1aec.A,P00785,ACTN_ACTCC
1aim.A,P25779,CYSP_TRYCR
1atk.A,P43235,CATK_HUMAN
1au3.A,P43235,CATK_HUMAN
1au4.A,P43235,CATK_HUMAN
1ayu.A,P43235,CATK_HUMAN
1ayv.A,P43235,CATK_HUMAN
1ayw.A,P43235,CATK_HUMAN
1b02.A,P0CI79,TYSY1_BACSU
1b4e.A,P0ACB2,HEM2_ECOLI
1bgo.A,P43235,CATK_HUMAN
1bjg.A,P0A884,TYSY_ECOLI
1bmq.A,P29466,CASP1_HUMAN
1bmq.B,P29466,CASP1_HUMAN
1bwc.A,P00390,GSHR_HUMAN
1cqq.A,P04936,POLG_HRV2
1cte.A,P00787,CATB_RAT
1cte.B,P00787,CATB_RAT
1cv8.A,P81297,SSPP_STAAU
1cvr.A,P95493,CPG2_PORGI
1cvz.A,P00784,PAPA1_CARPA
1dc4.B,P0A9B2,G3P1_ECOLI
1dc4.A,P0A9B2,G3P1_ECOLI
1dxw.A,Q8QW30,Q8QW30_9HEPC
1dy9.C,P26662,POLG_HCVJA
1dy9.B,P26662,POLG_HCVJA
1dy9.D,P26662,POLG_HCVJA
1dy9.A,P26662,POLG_HCVJA
1eb3.A,P05373,HEM2_YEAST
1ecc.B,P0AG16,PUR1_ECOLI
1ecc.A,P0AG16,PUR1_ECOLI
1ecg.A,P0AG16,PUR1_ECOLI
1ecg.B,P0AG16,PUR1_ECOLI
1ewl.A,P25779,CYSP_TRYCR
1ewm.A,P25779,CYSP_TRYCR
1ewo.A,P25779,CYSP_TRYCR
1ewp.A,P25779,CYSP_TRYCR
1f28.D,P13100,TYSY_PNECA
1f28.A,P13100,TYSY_PNECA
1f28.C,P13100,TYSY_PNECA
1f28.B,P13100,TYSY_PNECA
1f29.B,P25779,CYSP_TRYCR
1f29.C,P25779,CYSP_TRYCR
1f29.A,P25779,CYSP_TRYCR
1f2a.A,P25779,CYSP_TRYCR
1f2b.A,P25779,CYSP_TRYCR
1f2c.A,P25779,CYSP_TRYCR
1f42.A,P29460,IL12B_HUMAN
1f4c.B,P0A884,TYSY_ECOLI
1f4c.A,P0A884,TYSY_ECOLI
1f4d.A,P0A884,TYSY_ECOLI
1f4d.B,P0A884,TYSY_ECOLI
1fh0.A,O60911,CATL2_HUMAN
1fh0.B,O60911,CATL2_HUMAN
1fj8.A,P0A953,FABB_ECOLI
1fj8.C,P0A953,FABB_ECOLI
1fj8.D,P0A953,FABB_ECOLI
1fj8.B,P0A953,FABB_ECOLI
1gjm.A,P00183,CPXA_PSEPU
1gjp.A,P05373,HEM2_YEAST
1gmy.C,P07858,CATB_HUMAN
1gmy.A,P07858,CATB_HUMAN
1gmy.B,P07858,CATB_HUMAN
1gth.D,Q28943,DPYD_PIG
1gth.A,Q28943,DPYD_PIG
1gth.B,Q28943,DPYD_PIG
1gth.C,Q28943,DPYD_PIG
1h7n.A,P05373,HEM2_YEAST
1h7o.A,P05373,HEM2_YEAST
1h7p.A,P05373,HEM2_YEAST
1h7r.A,P05373,HEM2_YEAST
1hvy.D,P04818,TYSY_HUMAN
1hvy.B,P04818,TYSY_HUMAN
1hvy.C,P04818,TYSY_HUMAN
1hvy.A,P04818,TYSY_HUMAN
1i8j.B,P0ACB2,HEM2_ECOLI
1i8j.A,P0ACB2,HEM2_ECOLI
1ito.A,P07688,CATB_BOVIN
1jcn.B,P20839,IMDH1_HUMAN
1jcn.A,P20839,IMDH1_HUMAN
1keq.B,P23589,CAH5A_MOUSE
1keq.A,P23589,CAH5A_MOUSE
1kou.A,P16113,PYP_HALHA
1kzi.B,P0A884,TYSY_ECOLI
1kzi.A,P0A884,TYSY_ECOLI
1l6s.A,P0ACB2,HEM2_ECOLI
1l6s.B,P0ACB2,HEM2_ECOLI
1lxy.A,P23793,ARCA_MYCAR
1lxy.B,P23793,ARCA_MYCAR
1m4a.A,P60568,IL2_HUMAN
1m4b.A,P60568,IL2_HUMAN
1m6d.A,Q9UBX1,CATF_HUMAN
1m6d.B,Q9UBX1,CATF_HUMAN
1meg.A,P10056,PAPA3_CARPA
1mem.A,P43235,CATK_HUMAN
1ml3.C,P22513,G3PG_TRYCR
1ml3.A,P22513,G3PG_TRYCR
1ml3.B,P22513,G3PG_TRYCR
1ml3.D,P22513,G3PG_TRYCR
1ms6.A,P25774,CATS_HUMAN
1nbp.A,P60568,IL2_HUMAN
1nlj.A,P43235,CATK_HUMAN
1nlj.B,P43235,CATK_HUMAN
1nme.A,P42574,CASP3_HUMAN
1nme.B,P42574,CASP3_HUMAN
1nmq.B,P42574,CASP3_HUMAN
1nmq.A,P42574,CASP3_HUMAN
1nms.B,P42574,CASP3_HUMAN
1nms.A,P42574,CASP3_HUMAN
1npz.B,P25774,CATS_HUMAN
1npz.A,P25774,CATS_HUMAN
1nqc.A,P25774,CATS_HUMAN
1o41.A,P12931,SRC_HUMAN
1o43.A,P12931,SRC_HUMAN
1o45.A,P12931,SRC_HUMAN
1o4a.A,P12931,SRC_HUMAN
1o4d.A,P12931,SRC_HUMAN
1o4e.A,P12931,SRC_HUMAN
1o4i.A,P12931,SRC_HUMAN
1o4k.A,P12931,SRC_HUMAN
1ofe.A,P55038,GLTS_SYNY3
1ofe.B,P55038,GLTS_SYNY3
1pe6.A,P00784,PAPA1_CARPA
1ppp.A,P00784,PAPA1_CARPA
1q6k.A,P43235,CATK_HUMAN
1qa7.B,P08617,POLG_HAVHM
1qa7.D,P08617,POLG_HAVHM
1qa7.A,P08617,POLG_HAVHM
1qa7.C,P08617,POLG_HAVHM
1qdq.A,P07688,CATB_BOVIN
1qfm.A,P23687,PPCE_PIG
1qwz.A,Q2FZE3,SRTB_STAA8
1qxa.A,Q2FZE3,SRTB_STAA8
1re1.B,P42574,CASP3_HUMAN
1re1.A,P42574,CASP3_HUMAN
1rwk.B,P29466,CASP1_HUMAN
1rwk.A,P29466,CASP1_HUMAN
1rwn.A,P29466,CASP1_HUMAN
1rwn.B,P29466,CASP1_HUMAN
1rwo.A,P29466,CASP1_HUMAN
1rwo.B,P29466,CASP1_HUMAN
1rwp.A,P29466,CASP1_HUMAN
1rwp.B,P29466,CASP1_HUMAN
1rwv.B,P29466,CASP1_HUMAN
1rwv.A,P29466,CASP1_HUMAN
1rwx.B,P29466,CASP1_HUMAN
1rwx.A,P29466,CASP1_HUMAN
1rxe.A,P0A006,ARSC_STAAU
1snk.A,P43235,CATK_HUMAN
1the.A,P00787,CATB_RAT
1the.B,P00787,CATB_RAT
1tlo.A,P97571,CAN1_RAT
1trg.A,P0A884,TYSY_ECOLI
1tu6.A,P43235,CATK_HUMAN
1tu6.B,P43235,CATK_HUMAN
1u9v.A,P43235,CATK_HUMAN
1u9w.A,P43235,CATK_HUMAN
1u9x.A,P43235,CATK_HUMAN
1vsn.A,P43235,CATK_HUMAN
1vze.A,P00469,TYSY_LACCA
1w31.A,P05373,HEM2_YEAST
1wof.A,P0C6X7,R1AB_SARS
1wof.B,P0C6X7,R1AB_SARS
1x83.B,Q46822,IDI_ECOLI
1x83.A,Q46822,IDI_ECOLI
1xlu.A,P06276,CHLE_HUMAN
1xlv.A,P06276,CHLE_HUMAN
1yk7.A,P43235,CATK_HUMAN
1ylv.A,P05373,HEM2_YEAST
1yt7.A,P43235,CATK_HUMAN
1zcm.A,P07384,CAN1_HUMAN
207l.A,P61626,LYSC_HUMAN
2a4o.A,P13901,POLG_HAVMB
2a5i.A,P0C6X7,R1AB_SARS
2a5k.B,P0C6X7,R1AB_SARS
2a5k.A,P0C6X7,R1AB_SARS
2aaz.E,P0CS12,TYSY_CRYNJ
2aaz.I,P0CS12,TYSY_CRYNJ
2aaz.H,P0CS12,TYSY_CRYNJ
2aaz.K,P0CS12,TYSY_CRYNJ
2aaz.L,P0CS12,TYSY_CRYNJ
2aaz.P,P0CS12,TYSY_CRYNJ
2aaz.B,P0CS12,TYSY_CRYNJ
2aaz.M,P0CS12,TYSY_CRYNJ
2aaz.F,P0CS12,TYSY_CRYNJ
2aaz.O,P0CS12,TYSY_CRYNJ
2aaz.A,P0CS12,TYSY_CRYNJ
2aaz.D,P0CS12,TYSY_CRYNJ
2aaz.N,P0CS12,TYSY_CRYNJ
2aaz.J,P0CS12,TYSY_CRYNJ
2aaz.G,P0CS12,TYSY_CRYNJ
2aaz.C,P0CS12,TYSY_CRYNJ
2aim.A,P25779,CYSP_TRYCR
2alv.A,P0C6X7,R1AB_SARS
2amd.A,P0C6X7,R1AB_SARS
2amd.B,P0C6X7,R1AB_SARS
2aux.A,P43235,CATK_HUMAN
2auz.A,P43235,CATK_HUMAN
2awz.B,P26663,POLG_HCVBK
2awz.A,P26663,POLG_HCVBK
2ax0.B,P26663,POLG_HCVBK
2ax0.A,P26663,POLG_HCVBK
2ax1.A,P26663,POLG_HCVBK
2ax1.B,P26663,POLG_HCVBK
2bdl.A,P43235,CATK_HUMAN
2bfg.H,Q9ZFM2,XYNB_GEOSE
2bfg.G,Q9ZFM2,XYNB_GEOSE
2bfg.C,Q9ZFM2,XYNB_GEOSE
2bfg.A,Q9ZFM2,XYNB_GEOSE
2bfg.F,Q9ZFM2,XYNB_GEOSE
2bfg.B,Q9ZFM2,XYNB_GEOSE
2bfg.D,Q9ZFM2,XYNB_GEOSE
2bfg.E,Q9ZFM2,XYNB_GEOSE
2c1e.A,P42574,CASP3_HUMAN
2c1e.B,P42574,CASP3_HUMAN
2c2k.A,P42574,CASP3_HUMAN
2c2k.B,P42574,CASP3_HUMAN
2c2m.A,P42574,CASP3_HUMAN
2c2m.B,P42574,CASP3_HUMAN
2c2o.A,P42574,CASP3_HUMAN
2c2o.B,P42574,CASP3_HUMAN
2c2z.B,Q14790,CASP8_HUMAN
2c2z.A,Q14790,CASP8_HUMAN
2cdr.B,P42574,CASP3_HUMAN
2cdr.A,P42574,CASP3_HUMAN
2ce2.X,P01112,RASH_HUMAN
2cl0.X,P01112,RASH_HUMAN
2cl6.X,P01112,RASH_HUMAN
2cl7.X,P01112,RASH_HUMAN
2clc.X,P01112,RASH_HUMAN
2cnk.A,P42574,CASP3_HUMAN
2cnk.B,P42574,CASP3_HUMAN
2cnl.A,P42574,CASP3_HUMAN
2cnl.B,P42574,CASP3_HUMAN
2cnn.B,P42574,CASP3_HUMAN
2cnn.A,P42574,CASP3_HUMAN
2cno.B,P42574,CASP3_HUMAN
2cno.A,P42574,CASP3_HUMAN
2dc6.A,P07688,CATB_BOVIN
2dc7.A,P07688,CATB_BOVIN
2dc8.A,P07688,CATB_BOVIN
2dc9.A,P07688,CATB_BOVIN
2dca.A,P07688,CATB_BOVIN
2dcb.A,P07688,CATB_BOVIN
2dcc.A,P07688,CATB_BOVIN
2dcd.A,P07688,CATB_BOVIN
2djf.C,P53634,CATC_HUMAN
2djf.A,P53634,CATC_HUMAN
2djf.B,P53634,CATC_HUMAN
2dys.L,P00430,COX7C_BOVIN
2dys.U,P00429,CX6B1_BOVIN
2dys.A,P00396,COX1_BOVIN
2dys.S,P00428,COX5B_BOVIN
2dys.Q,P00423,COX41_BOVIN
2dys.G,P07471,CX6A2_BOVIN
2dys.N,P00396,COX1_BOVIN
2dys.D,P00423,COX41_BOVIN
2dys.P,P00415,COX3_BOVIN
2dys.H,P00429,CX6B1_BOVIN
2dys.B,P68530,COX2_BOVIN
2dys.E,P00426,COX5A_BOVIN
2dys.V,P04038,COX6C_BOVIN
2dys.C,P00415,COX3_BOVIN
2dys.Z,P10175,COX8B_BOVIN
2dys.K,P13183,COX7B_BOVIN
2dys.J,P07470,CX7A1_BOVIN
2dys.X,P13183,COX7B_BOVIN
2dys.O,P68530,COX2_BOVIN
2dys.W,P07470,CX7A1_BOVIN
2dys.Y,P00430,COX7C_BOVIN
2dys.M,P10175,COX8B_BOVIN
2dys.I,P04038,COX6C_BOVIN
2dys.R,P00426,COX5A_BOVIN
2dys.F,P00428,COX5B_BOVIN
2dys.T,P07471,CX6A2_BOVIN
2evw.X,P01112,RASH_HUMAN
2f7d.A,P43236,CATK_RABIT
2fir.L,P08709,FA7_HUMAN
2fir.T,P13726,TF_HUMAN
2fir.H,P08709,FA7_HUMAN
2fq9.A,P25774,CATS_HUMAN
2fq9.B,P25774,CATS_HUMAN
2fra.A,P25774,CATS_HUMAN
2fra.B,P25774,CATS_HUMAN
2frq.A,P25774,CATS_HUMAN
2frq.B,P25774,CATS_HUMAN
2ft2.A,P25774,CATS_HUMAN
2ft2.B,P25774,CATS_HUMAN
2fud.B,P25774,CATS_HUMAN
2fud.A,P25774,CATS_HUMAN
2fye.A,P25774,CATS_HUMAN
2g6d.A,P25774,CATS_HUMAN
2g8e.A,P97571,CAN1_RAT
2g8j.A,P97571,CAN1_RAT
2gke.A,P44859,DAPF_HAEIN
2gkj.A,P44859,DAPF_HAEIN
2gtb.A,P0C6X7,R1AB_SARS
2gx4.A,P0C6X7,R1AB_SARS
2gyd.A,P02791,FRIL_HORSE
2gz3.C,A0A0H2UPS5,A0A0H2UPS5_STRPN
2gz3.A,A0A0H2UPS5,A0A0H2UPS5_STRPN
2gz3.B,A0A0H2UPS5,A0A0H2UPS5_STRPN
2gz3.D,A0A0H2UPS5,A0A0H2UPS5_STRPN
2h6m.A,P08617,POLG_HAVHM
2h9h.A,P08617,POLG_HAVHM
2hal.A,P08617,POLG_HAVHM
2hob.A,P0C6X7,R1AB_SARS
2hwo.A,P00523,SRC_CHICK
2hwo.B,P00523,SRC_CHICK
2hwp.B,P00523,SRC_CHICK
2hwp.A,P00523,SRC_CHICK
2hxz.A,P25774,CATS_HUMAN
2hxz.C,P25774,CATS_HUMAN
2hxz.B,P25774,CATS_HUMAN
2ijn.A,Q99AU2,Q99AU2_9HEPC
2ijn.B,Q99AU2,Q99AU2_9HEPC
2iph.A,Q04544,POLG_SOUV3
2iph.B,Q04544,POLG_SOUV3
2ipp.B,P07858,CATB_HUMAN
2ipp.A,P07858,CATB_HUMAN
2j6h.A,P17169,GLMS_ECOLI
2j6h.B,P17169,GLMS_ECOLI
2kid.A,Q9S446,Q9S446_STAAU
2lp8.B,Q16611,BAK_HUMAN
2lp8.A,Q07817,B2CL1_HUMAN
2m0z.A,Q12923,PTN13_HUMAN
2m10.A,Q12923,PTN13_HUMAN
2nqg.A,P97571,CAN1_RAT
2nqi.A,P97571,CAN1_RAT
2o7q.A,Q9SQT8,DHQSD_ARATH
2o7s.A,Q9SQT8,DHQSD_ARATH
2op3.A,P25774,CATS_HUMAN
2op3.B,P25774,CATS_HUMAN
2oz2.C,P25779,CYSP_TRYCR
2oz2.A,P25779,CYSP_TRYCR
2p7u.A,Q95PM0,Q95PM0_TRYBR
2p86.A,Q95PM0,Q95PM0_TRYBR
2qlq.A,P00523,SRC_CHICK
2qlq.B,P00523,SRC_CHICK
2qny.A,P9WNG3,FABH_MYCTU
2qny.B,P9WNG3,FABH_MYCTU
2qnz.B,P9WNG3,FABH_MYCTU
2qnz.A,P9WNG3,FABH_MYCTU
2qo0.A,P9WNG3,FABH_MYCTU
2qo0.B,P9WNG3,FABH_MYCTU
2qq7.B,P00523,SRC_CHICK
2qq7.A,P00523,SRC_CHICK
2r6n.A,P43235,CATK_HUMAN
2r9f.A,P97571,CAN1_RAT
2rl2.A,P45025,MURA_HAEIN
2rui.A,Q81V16,Q81V16_BACAN
2tod.B,P07805,DCOR_TRYBB
2tod.C,P07805,DCOR_TRYBB
2tod.A,P07805,DCOR_TRYBB
2tod.D,P07805,DCOR_TRYBB
2uzj.B,P0C0J0,SPEB_STRPY
2uzj.A,P0C0J0,SPEB_STRPY
2v6n.A,P0C6X7,R1AB_SARS
2vv4.A,P37231,PPARG_HUMAN
2vv4.B,P37231,PPARG_HUMAN
2wsl.A,P06276,CHLE_HUMAN
2xlq.A,Q8GHB2,CLOQ_STRRC
2xm7.A,Q8GHB2,CLOQ_STRRC
2xu1.B,P07711,CATL1_HUMAN
2xu1.C,P07711,CATL1_HUMAN
2xu1.A,P07711,CATL1_HUMAN
2xu1.D,P07711,CATL1_HUMAN
2xu3.A,P07711,CATL1_HUMAN
2xu4.A,P07711,CATL1_HUMAN
2xu5.A,P07711,CATL1_HUMAN
2xyg.A,P42574,CASP3_HUMAN
2xyg.B,P42574,CASP3_HUMAN
2xyh.B,P42574,CASP3_HUMAN
2xyh.A,P42574,CASP3_HUMAN
2xyp.B,P42574,CASP3_HUMAN
2xyp.A,P42574,CASP3_HUMAN
2yj0.C,Q8VK10,Q8VK10_MYCTO
2yj0.E,Q8VK10,Q8VK10_MYCTO
2yj0.B,Q8VK10,Q8VK10_MYCTO
2yj0.A,Q8VK10,Q8VK10_MYCTO
2yj0.D,Q8VK10,Q8VK10_MYCTO
2yj0.F,Q8VK10,Q8VK10_MYCTO
2yj2.A,P07711,CATL1_HUMAN
2yj8.A,P07711,CATL1_HUMAN
2yj9.A,P07711,CATL1_HUMAN
2yjb.A,P07711,CATL1_HUMAN
2yjc.A,P07711,CATL1_HUMAN
2ynb.A,P0C6T4,R1A_BCHK4
2ynb.B,P0C6T4,R1A_BCHK4
2zk2.A,P37231,PPARG_HUMAN
2zk2.B,P37231,PPARG_HUMAN
2zk5.A,P37231,PPARG_HUMAN
2zk5.B,P37231,PPARG_HUMAN
2zu3.A,P03313,POLG_CXB3N
2zu4.A,P0C6X7,R1AB_SARS
2zu5.A,P0C6X7,R1AB_SARS
3adw.A,P37231,PPARG_HUMAN
3adw.B,P37231,PPARG_HUMAN
3adx.B,P37231,PPARG_HUMAN
3adx.A,P37231,PPARG_HUMAN
3b0r.A,P37231,PPARG_HUMAN
3b0r.B,P37231,PPARG_HUMAN
3b9h.A,P0A884,TYSY_ECOLI
3bhl.B,P0A884,TYSY_ECOLI
3bhl.A,P0A884,TYSY_ECOLI
3bhr.A,P0A884,TYSY_ECOLI
3blt.A,P15273,YOPH_YEREN
3blu.A,P15273,YOPH_YEREN
3c9w.B,P63086,MK01_RAT
3c9w.A,P63086,MK01_RAT
3cmc.P,P00362,G3P_GEOSE
3cmc.Q,P00362,G3P_GEOSE
3cmc.R,P00362,G3P_GEOSE
3cmc.O,P00362,G3P_GEOSE
3d1l.B,Q5LAQ6,Q5LAQ6_BACFN
3d1l.A,Q5LAQ6,Q5LAQ6_BACFN
3dks.A,P52235,DSBA_SHIFL
3dks.C,P52235,DSBA_SHIFL
3dks.D,P52235,DSBA_SHIFL
3dks.B,P52235,DSBA_SHIFL
3dla.C,P9WJJ3,NADE_MYCTU
3dla.B,P9WJJ3,NADE_MYCTU
3dla.A,P9WJJ3,NADE_MYCTU
3dla.D,P9WJJ3,NADE_MYCTU
3frz.A,P26663,POLG_HCVBK
3gcd.B,Q9KS12,MARTX_VIBCH
3gcd.C,Q9KS12,MARTX_VIBCH
3gcd.A,Q9KS12,MARTX_VIBCH
3gcd.D,Q9KS12,MARTX_VIBCH
3h0e.A,P42574,CASP3_HUMAN
3h0e.B,P42574,CASP3_HUMAN
3hd3.A,P25779,CYSP_TRYCR
3hd3.B,P25779,CYSP_TRYCR
3hha.D,P07711,CATL1_HUMAN
3hha.C,P07711,CATL1_HUMAN
3hha.B,P07711,CATL1_HUMAN
3hha.A,P07711,CATL1_HUMAN
3hhi.B,Q6R7Z5,Q6R7Z5_9TRYP
3hhi.A,Q6R7Z5,Q6R7Z5_9TRYP
3hwn.D,P07711,CATL1_HUMAN
3hwn.C,P07711,CATL1_HUMAN
3hwn.A,P07711,CATL1_HUMAN
3hwn.B,P07711,CATL1_HUMAN
3i06.A,P25779,CYSP_TRYCR
3i4a.A,O94760,DDAH1_HUMAN
3i4a.B,O94760,DDAH1_HUMAN
3ioq.A,Q84XA1,Q84XA1_VASCU
3iut.A,P25779,CYSP_TRYCR
3khu.B,O60701,UGDH_HUMAN
3khu.E,O60701,UGDH_HUMAN
3khu.C,O60701,UGDH_HUMAN
3khu.D,O60701,UGDH_HUMAN
3khu.F,O60701,UGDH_HUMAN
3khu.A,O60701,UGDH_HUMAN
3kjf.B,P42574,CASP3_HUMAN
3kjf.A,P42574,CASP3_HUMAN
3kjn.A,Q14790,CASP8_HUMAN
3kjn.B,Q14790,CASP8_HUMAN
3kjq.A,Q14790,CASP8_HUMAN
3kjq.B,Q14790,CASP8_HUMAN
3kne.A,P00918,CAH2_HUMAN
3kr6.A,P0A749,MURA_ECOLI
3kw9.A,P43235,CATK_HUMAN
3kwb.X,P43235,CATK_HUMAN
3kwb.Y,P43235,CATK_HUMAN
3kwz.A,P43235,CATK_HUMAN
3lok.A,P00523,SRC_CHICK
3lok.B,P00523,SRC_CHICK
3lth.A,P33038,MURA_ENTCC
3lxs.A,P25779,CYSP_TRYCR
3lxs.C,P25779,CYSP_TRYCR
3m2z.A,P00918,CAH2_HUMAN
3m5t.A,P00918,CAH2_HUMAN
3n3g.A,P25774,CATS_HUMAN
3n3g.B,P25774,CATS_HUMAN
3n4c.B,P25774,CATS_HUMAN
3n4c.A,P25774,CATS_HUMAN
3npl.A,P14779,CPXB_BACMB
3npl.B,P14779,CPXB_BACMB
3o1g.A,P43235,CATK_HUMAN
3o6t.C,P9WG67,THIO_MYCTU
3o6t.A,P9WG67,THIO_MYCTU
3o6t.D,P9WG67,THIO_MYCTU
3o6t.B,P9WG67,THIO_MYCTU
3of8.A,P07711,CATL1_HUMAN
3of9.A,P07711,CATL1_HUMAN
3orx.A,O15530,PDPK1_HUMAN
3orx.C,O15530,PDPK1_HUMAN
3orx.B,O15530,PDPK1_HUMAN
3orx.F,O15530,PDPK1_HUMAN
3orx.D,O15530,PDPK1_HUMAN
3orx.G,O15530,PDPK1_HUMAN
3orx.E,O15530,PDPK1_HUMAN
3orx.H,O15530,PDPK1_HUMAN
3orz.C,O15530,PDPK1_HUMAN
3orz.D,O15530,PDPK1_HUMAN
3orz.B,O15530,PDPK1_HUMAN
3orz.A,O15530,PDPK1_HUMAN
3otu.A,O15530,PDPK1_HUMAN
3ovx.B,P25774,CATS_HUMAN
3ovx.A,P25774,CATS_HUMAN
3p8e.A,O94760,DDAH1_HUMAN
3p8e.B,O94760,DDAH1_HUMAN
3pa8.B,Q189K3,Q189K3_CLOD6
3pa8.A,Q189K3,Q189K3_CLOD6
3pdf.A,P53634,CATC_HUMAN
3q3y.B,Q5DSM6,Q5DSM6_9ENTO
3q3y.A,Q5DSM6,Q5DSM6_9ENTO
3qsd.A,Q8MNY2,Q8MNY2_SCHMA
3rhy.B,Q9I4E3,DDAH_PSEAE
3rhy.A,Q9I4E3,DDAH_PSEAE
3ruo.A,Q5DSM6,Q5DSM6_9ENTO
3ruo.B,Q5DSM6,Q5DSM6_9ENTO
3s19.A,Q9KTK0,QUEF_VIBCH
3s19.D,Q9KTK0,QUEF_VIBCH
3s19.B,Q9KTK0,QUEF_VIBCH
3s19.C,Q9KTK0,QUEF_VIBCH
3s3j.A,P21980,TGM2_HUMAN
3s3q.A,Q8MNY2,Q8MNY2_SCHMA
3sji.A,C8CIL7,C8CIL7_9ENTO
3sjo.H,E0WWC7,E0WWC7_HE71
3sjo.D,E0WWC7,E0WWC7_HE71
3sjo.A,E0WWC7,E0WWC7_HE71
3sjo.B,E0WWC7,E0WWC7_HE71
3sjo.E,E0WWC7,E0WWC7_HE71
3sjo.C,E0WWC7,E0WWC7_HE71
3sjo.F,E0WWC7,E0WWC7_HE71
3sjo.G,E0WWC7,E0WWC7_HE71
3sn8.A,P0C6U8,R1A_SARS
3sv6.A,A8DG50,A8DG50_9HEPC
3sv7.A,A8DG50,A8DG50_9HEPC
3sv8.A,A8DG50,A8DG50_9HEPC
3svv.B,P00523,SRC_CHICK
3svv.A,P00523,SRC_CHICK
3sz9.D,P05091,ALDH2_HUMAN
3sz9.H,P05091,ALDH2_HUMAN
3sz9.F,P05091,ALDH2_HUMAN
3sz9.E,P05091,ALDH2_HUMAN
3sz9.A,P05091,ALDH2_HUMAN
3sz9.G,P05091,ALDH2_HUMAN
3sz9.C,P05091,ALDH2_HUMAN
3sz9.B,P05091,ALDH2_HUMAN
3szb.A,P30838,AL3A1_HUMAN
3szb.B,P30838,AL3A1_HUMAN
3szn.A,P0C6X7,R1AB_SARS
3t9t.A,Q08881,ITK_HUMAN
3tit.A,P0C6X7,R1AB_SARS
3tiu.A,P0C6X7,R1AB_SARS
3tns.A,P0C6X7,R1AB_SARS
3tnt.A,P0C6X7,R1AB_SARS
3ur9.A,Q83883,POLG_NVN68
3ur9.B,Q83883,POLG_NVN68
3uxj.C,Q9KTK0,QUEF_VIBCH
3uxj.B,Q9KTK0,QUEF_VIBCH
3uxj.A,Q9KTK0,QUEF_VIBCH
3uxj.D,Q9KTK0,QUEF_VIBCH
3v4x.A,Q9FD71,HMGCS_ENTFL
3v4x.C,Q9FD71,HMGCS_ENTFL
3v4x.D,Q9FD71,HMGCS_ENTFL
3v4x.B,Q9FD71,HMGCS_ENTFL
3vb4.A,P0C6U8,R1A_SARS
3vb4.B,P0C6U8,R1A_SARS
3vb5.B,P0C6U8,R1A_SARS
3vb5.A,P0C6U8,R1A_SARS
3vb6.A,P0C6U8,R1A_SARS
3vb6.B,P0C6U8,R1A_SARS
3vb7.A,P0C6U8,R1A_SARS
3vb7.B,P0C6U8,R1A_SARS
3vcy.B,B5F9P4,MURA_ALIFM
3vcy.D,B5F9P4,MURA_ALIFM
3vcy.C,B5F9P4,MURA_ALIFM
3vcy.A,B5F9P4,MURA_ALIFM
3vyp.B,I6Y9J2,LDT2_MYCTU
3vyp.A,I6Y9J2,LDT2_MYCTU
3w2p.A,P00533,EGFR_HUMAN
3w2q.A,P00533,EGFR_HUMAN
3wjc.A,O64527,NB_ARATH
3wjc.B,O64527,NB_ARATH
3x1h.A,P37231,PPARG_HUMAN
3x1h.B,P37231,PPARG_HUMAN
3x1i.B,P37231,PPARG_HUMAN
3x1i.A,P37231,PPARG_HUMAN
3zgp.A,Q3Y185,Q3Y185_ENTFD
3zv9.A,A1E4A3,A1E4A3_HED68
3zva.A,A1E4A3,A1E4A3_HED68
3zvc.A,A1E4A3,A1E4A3_HED68
3zvd.A,A1E4A3,A1E4A3_HED68
3zve.A,A1E4A3,A1E4A3_HED68
3zvf.A,A1E4A3,A1E4A3_HED68
3zvg.A,A1E4A3,A1E4A3_HED68
3zz5.A,Q5UEA2,Q5UEA2_9ENTO
3zz6.A,Q5UEA2,Q5UEA2_9ENTO
3zz7.A,Q5UEA2,Q5UEA2_9ENTO
3zz8.A,Q5UEA2,Q5UEA2_9ENTO
3zz9.A,Q5UEA2,Q5UEA2_9ENTO
3zza.A,Q5UEA2,Q5UEA2_9ENTO
3zzb.A,Q5UEA2,Q5UEA2_9ENTO
3zzc.A,Q5UEA2,Q5UEA2_9ENTO
3zzd.A,Q5UEA2,Q5UEA2_9ENTO
4a52.A,O34816,YKUD_BACSU
4bqv.F,O70370,CATS_MOUSE
4bqv.A,O70370,CATS_MOUSE
4bqv.D,O70370,CATS_MOUSE
4bqv.H,O70370,CATS_MOUSE
4bqv.C,O70370,CATS_MOUSE
4bqv.E,O70370,CATS_MOUSE
4bqv.G,O70370,CATS_MOUSE
4bqv.B,O70370,CATS_MOUSE
4bs5.A,O70370,CATS_MOUSE
4bs6.A,O70370,CATS_MOUSE
4bs6.B,O70370,CATS_MOUSE
4bsq.A,O70370,CATS_MOUSE
4bvg.A,Q9NTG7,SIR3_HUMAN
4bvg.B,Q9NUB1,ACS2L_HUMAN
4c5l.A,A0A0H3JTP0,A0A0H3JTP0_STAAM
4c5l.D,A0A0H3JTP0,A0A0H3JTP0_STAAM
4c5l.C,A0A0H3JTP0,A0A0H3JTP0_STAAM
4c5l.B,A0A0H3JTP0,A0A0H3JTP0_STAAM
4cia.A,P10619,PPGB_HUMAN
4cl8.A,O76290,O76290_TRYBB
4cl8.D,O76290,O76290_TRYBB
4cl8.B,O76290,O76290_TRYBB
4cl8.C,O76290,O76290_TRYBB
4cm5.A,O76290,O76290_TRYBB
4cm5.D,O76290,O76290_TRYBB
4cm5.B,O76290,O76290_TRYBB
4cm5.C,O76290,O76290_TRYBB
4cyg.A,O95497,VNN1_HUMAN
4cyg.B,O95497,VNN1_HUMAN
4d9u.A,P51812,KS6A3_HUMAN
4dcd.A,P03300,POLG_POL1M
4dmx.A,P43235,CATK_HUMAN
4dmy.A,P43235,CATK_HUMAN
4dmy.B,P43235,CATK_HUMAN
4dwq.B,O59245,RTCB_PYRHO
4dwq.A,O59245,RTCB_PYRHO
4ef8.A,Q4QEW7,Q4QEW7_LEIMA
4ef8.B,Q4QEW7,Q4QEW7_LEIMA
4ef9.A,Q4QEW7,Q4QEW7_LEIMA
4ef9.B,Q4QEW7,Q4QEW7_LEIMA
4ehm.B,Q08603,PGTB2_RAT
4ehm.A,Q08602,PGTA_RAT
4etp.A,P17119,KAR3_YEAST
4etp.B,Q12045,VIK1_YEAST
4f49.B,P0C6V2,R1A_CVPPU
4f49.C,P0C6V2,R1A_CVPPU
4f49.A,P0C6V2,R1A_CVPPU
4f49.D,P0C6V2,R1A_CVPPU
4f8b.D,O31678,QUEF_BACSU
4f8b.C,O31678,QUEF_BACSU
4f8b.B,O31678,QUEF_BACSU
4f8b.E,O31678,QUEF_BACSU
4f8b.A,O31678,QUEF_BACSU
4fdn.A,P9WJF1,DPRE1_MYCTU
4gev.B,P0A884,TYSY_ECOLI
4gev.A,P0A884,TYSY_ECOLI
4ght.B,A9XG43,A9XG43_HE71
4ght.A,A9XG43,A9XG43_HE71
4gmx.C,P30822,XPO1_YEAST
4gmx.A,P62826,RAN_HUMAN
4gmx.B,P41920,YRB1_YEAST
4gpt.C,P30822,XPO1_YEAST
4gpt.B,P41920,YRB1_YEAST
4gpt.A,P62826,RAN_HUMAN
4gs6.A,O43318,M3K7_HUMAN
4gs6.A,Q15750,TAB1_HUMAN
4hat.C,P30822,XPO1_YEAST
4hat.B,P41920,YRB1_YEAST
4hat.A,P62826,RAN_HUMAN
4hau.B,P41920,YRB1_YEAST
4hau.C,P30822,XPO1_YEAST
4hau.A,P62826,RAN_HUMAN
4hav.B,P41920,YRB1_YEAST
4hav.C,P30822,XPO1_YEAST
4hav.A,P62826,RAN_HUMAN
4haw.C,P30822,XPO1_YEAST
4haw.A,P62826,RAN_HUMAN
4haw.B,P41920,YRB1_YEAST
4hax.B,P41920,YRB1_YEAST
4hax.A,P62826,RAN_HUMAN
4hax.C,P30822,XPO1_YEAST
4hay.B,P41920,YRB1_YEAST
4hay.A,P62826,RAN_HUMAN
4hay.C,P30822,XPO1_YEAST
4haz.A,P62826,RAN_HUMAN
4haz.B,P41920,YRB1_YEAST
4haz.C,P30822,XPO1_YEAST
4hb0.B,P41920,YRB1_YEAST
4hb0.A,P62826,RAN_HUMAN
4hb0.C,P30822,XPO1_YEAST
4hb4.B,P41920,YRB1_YEAST
4hb4.C,P30822,XPO1_YEAST
4hb4.A,P62826,RAN_HUMAN
4hcu.A,Q08881,ITK_HUMAN
4hcv.A,Q08881,ITK_HUMAN
4hg3.A,P47016,NIT2_YEAST
4hg3.D,P47016,NIT2_YEAST
4hg3.B,P47016,NIT2_YEAST
4hg3.C,P47016,NIT2_YEAST
4hg5.C,P47016,NIT2_YEAST
4hg5.B,P47016,NIT2_YEAST
4hg5.D,P47016,NIT2_YEAST
4hg5.A,P47016,NIT2_YEAST
4i1p.C,Q9UDY8,MALT1_HUMAN
4i1p.A,Q9UDY8,MALT1_HUMAN
4i24.A,P00533,EGFR_HUMAN
4i24.B,P00533,EGFR_HUMAN
4i3u.E,Q92UV7,PHNY_RHIME
4i3u.F,Q92UV7,PHNY_RHIME
4i3u.B,Q92UV7,PHNY_RHIME
4i3u.G,Q92UV7,PHNY_RHIME
4i3u.A,Q92UV7,PHNY_RHIME
4i3u.D,Q92UV7,PHNY_RHIME
4i3u.H,Q92UV7,PHNY_RHIME
4i3u.C,Q92UV7,PHNY_RHIME
4i3v.A,Q92UV7,PHNY_RHIME
4i3v.E,Q92UV7,PHNY_RHIME
4i3v.C,Q92UV7,PHNY_RHIME
4i3v.G,Q92UV7,PHNY_RHIME
4i3v.F,Q92UV7,PHNY_RHIME
4i3v.H,Q92UV7,PHNY_RHIME
4i3v.B,Q92UV7,PHNY_RHIME
4i3v.D,Q92UV7,PHNY_RHIME
4i3w.E,Q92UV7,PHNY_RHIME
4i3w.A,Q92UV7,PHNY_RHIME
4i3w.D,Q92UV7,PHNY_RHIME
4i3w.C,Q92UV7,PHNY_RHIME
4i3w.B,Q92UV7,PHNY_RHIME
4i3w.G,Q92UV7,PHNY_RHIME
4i3w.H,Q92UV7,PHNY_RHIME
4i3w.F,Q92UV7,PHNY_RHIME
4i9b.A,Q56R04,AADH1_SOLLC
4i9b.B,Q56R04,AADH1_SOLLC
4i9o.A,P45481,CBP_MOUSE
4imq.A,Q83883,POLG_NVN68
4itb.B,B1XMM6,B1XMM6_SYNP2
4itb.A,B1XMM6,B1XMM6_SYNP2
4j5p.B,P97612,FAAH1_RAT
4j5p.A,P97612,FAAH1_RAT
4jao.C,P9WPF3,PKS11_MYCTU
4jao.D,P9WPF3,PKS11_MYCTU
4jao.B,P9WPF3,PKS11_MYCTU
4jao.A,P9WPF3,PKS11_MYCTU
4jap.A,P9WPF3,PKS11_MYCTU
4jap.C,P9WPF3,PKS11_MYCTU
4jap.D,P9WPF3,PKS11_MYCTU
4jap.B,P9WPF3,PKS11_MYCTU
4jaq.B,P9WPF3,PKS11_MYCTU
4jaq.D,P9WPF3,PKS11_MYCTU
4jaq.A,P9WPF3,PKS11_MYCTU
4jaq.C,P9WPF3,PKS11_MYCTU
4kky.X,P00183,CPXA_PSEPU
4ks6.A,P0DPI1,BXA1_CLOBH
4kty.A,P00488,F13A_HUMAN
4kty.B,P00488,F13A_HUMAN
4l1o.B,P30838,AL3A1_HUMAN
4l1o.A,P30838,AL3A1_HUMAN
4lfd.C,A0A0H2XI76,A0A0H2XI76_STAA3
4lfd.A,A0A0H2XI76,A0A0H2XI76_STAA3
4lfd.D,A0A0H2XI76,A0A0H2XI76_STAA3
4lfd.B,A0A0H2XI76,A0A0H2XI76_STAA3
4lqm.A,P00533,EGFR_HUMAN
4ls8.A,O34340,FABF_BACSU
4ls8.B,O34340,FABF_BACSU
4luc.A,P01116,RASK_HUMAN
4luc.B,P01116,RASK_HUMAN
4lv6.B,P01116,RASK_HUMAN
4lv6.A,P01116,RASK_HUMAN
4lyf.B,P01116,RASK_HUMAN
4lyf.C,P01116,RASK_HUMAN
4lyf.A,P01116,RASK_HUMAN
4lyh.B,P01116,RASK_HUMAN
4lyh.A,P01116,RASK_HUMAN
4lyh.C,P01116,RASK_HUMAN
4lyj.A,P01116,RASK_HUMAN
4m1o.B,P01116,RASK_HUMAN
4m1o.C,P01116,RASK_HUMAN
4m1o.A,P01116,RASK_HUMAN
4m1s.B,P01116,RASK_HUMAN
4m1s.C,P01116,RASK_HUMAN
4m1s.A,P01116,RASK_HUMAN
4m1t.C,P01116,RASK_HUMAN
4m1t.A,P01116,RASK_HUMAN
4m1t.B,P01116,RASK_HUMAN
4m1y.C,P01116,RASK_HUMAN
4m1y.A,P01116,RASK_HUMAN
4m1y.B,P01116,RASK_HUMAN
4m21.A,P01116,RASK_HUMAN
4m21.B,P01116,RASK_HUMAN
4m21.C,P01116,RASK_HUMAN
4mt4.C,Q8RTE3,Q8RTE3_CAMJU
4mt4.B,Q8RTE3,Q8RTE3_CAMJU
4mt4.A,Q8RTE3,Q8RTE3_CAMJU
4mz4.B,O92972,POLG_HCVJ4
4mz4.A,O92972,POLG_HCVJ4
4mzo.D,O70370,CATS_MOUSE
4mzo.B,O70370,CATS_MOUSE
4mzo.E,O70370,CATS_MOUSE
4mzo.C,O70370,CATS_MOUSE
4mzo.F,O70370,CATS_MOUSE
4mzo.H,O70370,CATS_MOUSE
4mzo.A,O70370,CATS_MOUSE
4mzo.G,O70370,CATS_MOUSE
4mzs.B,O70370,CATS_MOUSE
4mzs.A,O70370,CATS_MOUSE
4ncr.A,P9WJF1,DPRE1_MYCTU
4ncr.B,P9WJF1,DPRE1_MYCTU
4nj4.A,Q6P6C2,ALKB5_HUMAN
4nj4.B,Q6P6C2,ALKB5_HUMAN
4nmm.A,P01116,RASK_HUMAN
4npi.B,Q83V33,Q83V33_PSEFL
4npi.C,Q83V33,Q83V33_PSEFL
4npi.D,Q83V33,Q83V33_PSEFL
4npi.A,Q83V33,Q83V33_PSEFL
4o0h.B,Q7L266,ASGL1_HUMAN
4o0h.A,Q7L266,ASGL1_HUMAN
4onm.B,P61088,UBE2N_HUMAN
4onm.A,Q15819,UB2V2_HUMAN
4onn.B,P61088,UBE2N_HUMAN
4onn.A,Q15819,UB2V2_HUMAN
4ou2.C,Q83V33,Q83V33_PSEFL
4ou2.B,Q83V33,Q83V33_PSEFL
4ou2.A,Q83V33,Q83V33_PSEFL
4ou2.D,Q83V33,Q83V33_PSEFL
4oub.A,Q83V33,Q83V33_PSEFL
4oub.B,Q83V33,Q83V33_PSEFL
4oub.C,Q83V33,Q83V33_PSEFL
4oub.D,Q83V33,Q83V33_PSEFL
4pe4.A,P02638,S100B_BOVIN
4pe4.X,P02638,S100B_BOVIN
4pe7.A,P02638,S100B_BOVIN
4phg.A,P32939,YPT7_YEAST
4phh.B,P32939,YPT7_YEAST
4phh.D,P32939,YPT7_YEAST
4phh.A,P32939,YPT7_YEAST
4phh.C,P32939,YPT7_YEAST
4pi3.B,P25779,CYSP_TRYCR
4pi3.A,P25779,CYSP_TRYCR
4pid.A,P03252,PRO_ADE02
4pid.B,P03274,CAP6_ADE02
4pie.A,P03252,PRO_ADE02
4pie.B,P03274,CAP6_ADE02
4piq.A,B9A5C1,B9A5C1_ADE08
4piq.B,B9A5B9,B9A5B9_ADE08
4pis.A,B9A5C1,B9A5C1_ADE08
4pis.B,B9A5B9,B9A5B9_ADE08
4pnc.A,C3TPN7,C3TPN7_ECOLX
4pzy.A,P01116,RASK_HUMAN
4pzy.B,P01116,RASK_HUMAN
4pzz.A,P01116,RASK_HUMAN
4q01.A,P01116,RASK_HUMAN
4q01.B,P01116,RASK_HUMAN
4q02.A,P01116,RASK_HUMAN
4q95.A,Q9JI60,LRAT_MOUSE
4q95.B,P53816,PLAT3_HUMAN
4q95.B,Q9JI60,LRAT_MOUSE
4q95.A,P53816,PLAT3_HUMAN
4qbb.C,P03305,POLG_FMDVO
4qbb.B,P03305,POLG_FMDVO
4qbb.A,P03305,POLG_FMDVO
4qps.C,P52333,JAK3_HUMAN
4qps.A,P52333,JAK3_HUMAN
4qq5.A,P22455,FGFR4_HUMAN
4qqc.A,P22455,FGFR4_HUMAN
4qr7.A,I6Y9J2,LDT2_MYCTU
4qtf.A,I6Y9J2,LDT2_MYCTU
4r6v.A,P22455,FGFR4_HUMAN
4r7u.A,Q9KP62,MURA_VIBCH
4r7u.B,Q9KP62,MURA_VIBCH
4r7u.D,Q9KP62,MURA_VIBCH
4r7u.C,Q9KP62,MURA_VIBCH
4rbm.A,Q51817,KGP83_PORGN
4rsp.A,V9TU12,V9TU12_MERS
4tkx.L,Q51817,KGP83_PORGN
4upv.B,P18187,PHNS_DESFR
4upv.A,P18187,PHNS_DESFR
4upv.Q,P18188,PHNL_DESFR
4upv.R,P18188,PHNL_DESFR
4uql.R,P18188,PHNL_DESFR
4uql.Q,P18188,PHNL_DESFR
4uql.A,P18187,PHNS_DESFR
4uql.B,P18187,PHNS_DESFR
4uqp.R,P18188,PHNL_DESFR
4uqp.Q,P18188,PHNL_DESFR
4uqp.B,P18187,PHNS_DESFR
4uqp.A,P18187,PHNS_DESFR
4us2.R,P01112,RASH_HUMAN
4us2.S,Q07889,SOS1_HUMAN
4v37.D,P17202,BADH_SPIOL
4v37.B,P17202,BADH_SPIOL
4v37.C,P17202,BADH_SPIOL
4v37.A,P17202,BADH_SPIOL
4wx6.A,B9A5C1,B9A5C1_ADE08
4wx6.D,B9A5F5,B9A5F5_ADE08
4wx6.C,B9A5C1,B9A5C1_ADE08
4wx6.B,B9A5F5,B9A5F5_ADE08
4wx7.C,B9A5C1,B9A5C1_ADE08
4wx7.B,B9A5F5,B9A5F5_ADE08
4wx7.D,B9A5F5,B9A5F5_ADE08
4wx7.A,B9A5C1,B9A5C1_ADE08
4x0t.C,P49419,AL7A1_HUMAN
4x0t.B,P49419,AL7A1_HUMAN
4x0t.D,P49419,AL7A1_HUMAN
4x0t.A,P49419,AL7A1_HUMAN
4x6j.A,P43235,CATK_HUMAN
4xbb.A,Q83883,POLG_NVN68
4xbc.A,Q83883,POLG_NVN68
4xbd.A,Q83883,POLG_NVN68
4xbd.B,Q83883,POLG_NVN68
4xcu.A,P22455,FGFR4_HUMAN
4xtd.A,Q756Z6,Q756Z6_ASHGO
4xtd.B,Q756Z6,Q756Z6_ASHGO
4xti.A,Q756Z6,Q756Z6_ASHGO
4xti.B,Q756Z6,Q756Z6_ASHGO
4xz0.A,P43403,ZAP70_HUMAN
4yec.B,A7A9N3,A7A9N3_9BACT
4yec.A,A7A9N3,A7A9N3_9BACT
4yhf.A,Q06187,BTK_HUMAN
4yhf.B,Q06187,BTK_HUMAN
4yqu.A,P78417,GSTO1_HUMAN
4yqu.B,P78417,GSTO1_HUMAN
4yrt.A,Q4DA54,Q4DA54_TRYCC
4zro.C,Q98VG9,R1AB_FIPV
4zro.D,Q98VG9,R1AB_FIPV
4zro.A,Q98VG9,R1AB_FIPV
4zro.B,Q98VG9,R1AB_FIPV
4zzm.A,P28482,MK01_HUMAN
4zzo.A,P28482,MK01_HUMAN
5a24.A,A0A0E3GLN3,A0A0E3GLN3_DIOMU
5ac0.A,P51977,AL1A1_SHEEP
5ac0.B,P51977,AL1A1_SHEEP
5ac1.A,P51977,AL1A1_SHEEP
5ac1.B,P51977,AL1A1_SHEEP
5ac1.C,P51977,AL1A1_SHEEP
5ac1.D,P51977,AL1A1_SHEEP
5ac2.A,P00352,AL1A1_HUMAN
5arb.A,P29600,SUBS_LEDLE
5arc.A,P29600,SUBS_LEDLE
5ard.A,P29600,SUBS_LEDLE
5axs.A,P02791,FRIL_HORSE
5azp.C,Q9I0Y7,Q9I0Y7_PSEAE
5azp.A,Q9I0Y7,Q9I0Y7_PSEAE
5azp.B,Q9I0Y7,Q9I0Y7_PSEAE
5c1u.B,A9XG43,A9XG43_HE71
5c1u.A,A9XG43,A9XG43_HE71
5c1x.B,A9XG43,A9XG43_HE71
5c1x.A,A9XG43,A9XG43_HE71
5c1y.A,A9XG43,A9XG43_HE71
5c5o.B,P0C6X7,R1AB_SARS
5c5o.A,P0C6X7,R1AB_SARS
5cbn.B,P0AEX9,MALE_ECOLI
5cbn.A,P38507,SPA_STAAU
5czu.A,P02791,FRIL_HORSE
5d11.B,P00523,SRC_CHICK
5d11.A,P00523,SRC_CHICK
5d63.A,Q8X123,Q8X123_9AGAR
5daf.A,Q14145,KEAP1_HUMAN
5dc2.B,I6Y9J2,LDT2_MYCTU
5dc2.A,I6Y9J2,LDT2_MYCTU
5dcc.B,I6Y9J2,LDT2_MYCTU
5dcc.A,I6Y9J2,LDT2_MYCTU
5dg6.A,Q83883,POLG_NVN68
5dg6.B,Q83883,POLG_NVN68
5dgj.A,Q83883,POLG_NVN68
5dp3.A,A9XG43,A9XG43_HE71
5dp4.B,A9XG43,A9XG43_HE71
5dp4.A,A9XG43,A9XG43_HE71
5dp4.D,A9XG43,A9XG43_HE71
5dp4.C,A9XG43,A9XG43_HE71
5dp5.A,A9XG43,A9XG43_HE71
5dp7.A,A9XG43,A9XG43_HE71
5dp8.A,A9XG43,A9XG43_HE71
5dp9.A,A9XG43,A9XG43_HE71
5dpa.A,A9XG43,A9XG43_HE71
5dql.C,P9WKK7,ACEA_MYCTU
5dql.B,P9WKK7,ACEA_MYCTU
5dql.D,P9WKK7,ACEA_MYCTU
5dql.A,P9WKK7,ACEA_MYCTU
5du9.B,Q9Z4X6,Q9Z4X6_STRCO
5du9.A,Q9Z4X6,Q9Z4X6_STRCO
5dua.A,Q9Z4X6,Q9Z4X6_STRCO
5dua.B,Q9Z4X6,Q9Z4X6_STRCO
5duj.B,I6Y9J2,LDT2_MYCTU
5duj.A,I6Y9J2,LDT2_MYCTU
5dvc.B,Q15788,NCOA1_HUMAN
5dvc.A,P37231,PPARG_HUMAN
5dvp.B,I6Y9J2,LDT2_MYCTU
5dvp.A,I6Y9J2,LDT2_MYCTU
5dzj.B,I6Y9J2,LDT2_MYCTU
5dzj.A,I6Y9J2,LDT2_MYCTU
5dzp.A,I6Y9J2,LDT2_MYCTU
5dzp.B,I6Y9J2,LDT2_MYCTU
5e0g.A,Q83883,POLG_NVN68
5e0h.A,Q83883,POLG_NVN68
5e0h.B,Q83883,POLG_NVN68
5e0j.A,Q83883,POLG_NVN68
5e1i.A,I6Y9J2,LDT2_MYCTU
5e1i.B,I6Y9J2,LDT2_MYCTU
5e7r.A,Q15750,TAB1_HUMAN
5e7r.A,O43318,M3K7_HUMAN
5ea9.B,Q4D3W2,PYRD_TRYCC
5ea9.A,Q4D3W2,PYRD_TRYCC
5el1.A,P0A6L0,DEOC_ECOLI
5emu.A,P0A6L0,DEOC_ECOLI
5eu8.A,Q98VG9,R1AB_FIPV
5ezs.A,P27282,POLN_EEVVT
5f02.A,P07711,CATL1_HUMAN
5f2e.A,P01116,RASK_HUMAN
5fct.B,P07607,TYSY_MOUSE
5fct.A,P07607,TYSY_MOUSE
5fsd.B,P41021,URE2_SPOPA
5fsd.C,P41020,URE1_SPOPA
5fsd.A,P41022,URE3_SPOPA
5fse.C,P41020,URE1_SPOPA
5fse.B,P41021,URE2_SPOPA
5fse.A,P41022,URE3_SPOPA
5g4h.B,P41021,URE2_SPOPA
5g4h.A,P41022,URE3_SPOPA
5git.A,Q14145,KEAP1_HUMAN
5gk1.D,Q7N4Z6,Q7N4Z6_PHOLL
5gk1.C,Q7N4Z6,Q7N4Z6_PHOLL
5gk1.B,Q7N4Z6,Q7N4Z6_PHOLL
5gk1.A,Q7N4Z6,Q7N4Z6_PHOLL
5gnk.A,P00533,EGFR_HUMAN
5gwz.B,P0C6V6,R1A_PEDV7
5gwz.A,P0C6V6,R1A_PEDV7
5h8i.I,G7ITU5,G7ITU5_MEDTR
5h8i.H,G7ITU5,G7ITU5_MEDTR
5h8i.P,G7ITU5,G7ITU5_MEDTR
5h8i.L,G7ITU5,G7ITU5_MEDTR
5h8i.K,G7ITU5,G7ITU5_MEDTR
5h8i.D,G7ITU5,G7ITU5_MEDTR
5h8i.N,G7ITU5,G7ITU5_MEDTR
5h8i.A,G7ITU5,G7ITU5_MEDTR
5h8i.J,G7ITU5,G7ITU5_MEDTR
5h8i.B,G7ITU5,G7ITU5_MEDTR
5h8i.G,G7ITU5,G7ITU5_MEDTR
5h8i.F,G7ITU5,G7ITU5_MEDTR
5h8i.E,G7ITU5,G7ITU5_MEDTR
5h8i.O,G7ITU5,G7ITU5_MEDTR
5h8i.C,G7ITU5,G7ITU5_MEDTR
5h8i.M,G7ITU5,G7ITU5_MEDTR
5hze.A,Q02750,MP2K1_HUMAN
5ic3.C,P06463,VE6_HPV18
5ic3.B,Q9HD26,GOPC_HUMAN
5ic3.D,P06463,VE6_HPV18
5ic3.A,Q9HD26,GOPC_HUMAN
5iyt.B,O91734,POLG_EC01F
5iyt.A,O91734,POLG_EC01F
5j7s.A,Q15750,TAB1_HUMAN
5j7s.A,O43318,M3K7_HUMAN
5j87.C,Q06187,BTK_HUMAN
5j87.A,Q06187,BTK_HUMAN
5j87.D,Q06187,BTK_HUMAN
5j87.B,Q06187,BTK_HUMAN
5j8i.A,Q15750,TAB1_HUMAN
5j8i.A,O43318,M3K7_HUMAN
5jh6.A,Q15750,TAB1_HUMAN
5jh6.A,O43318,M3K7_HUMAN
5jk3.A,O43318,M3K7_HUMAN
5jk3.A,Q15750,TAB1_HUMAN
5jq2.A,P14779,CPXB_BACMB
5jq2.B,P14779,CPXB_BACMB
5jtd.B,P14779,CPXB_BACMB
5jtd.A,P14779,CPXB_BACMB
5k69.B,I6Y9J2,LDT2_MYCTU
5k69.A,I6Y9J2,LDT2_MYCTU
5kwi.A,P9WQN9,A85C_MYCTU
5kwj.A,P9WQN9,A85C_MYCTU
5kwj.B,P9WQN9,A85C_MYCTU
5la6.A,P81947,TBA1B_BOVIN
5la6.E,P63043,STMN4_RAT
5la6.F,E1BQ43,E1BQ43_CHICK
5la6.B,Q6B856,TBB2B_BOVIN
5la6.C,P81947,TBA1B_BOVIN
5la6.D,Q6B856,TBB2B_BOVIN
5lb1.B,I6Y9J2,LDT2_MYCTU
5lb1.A,I6Y9J2,LDT2_MYCTU
5lcj.A,P28482,MK01_HUMAN
5lck.A,P28482,MK01_HUMAN
5lf0.V,Q99436,PSB7_HUMAN
5lf0.B,P25789,PSA4_HUMAN
5lf0.E,P25786,PSA1_HUMAN
5lf0.O,P25787,PSA2_HUMAN
5lf0.J,P49721,PSB2_HUMAN
5lf0.S,P25786,PSA1_HUMAN
5lf0.Y,P28074,PSB5_HUMAN
5lf0.U,P60900,PSA6_HUMAN
5lf0.W,P49720,PSB3_HUMAN
5lf0.X,P49721,PSB2_HUMAN
5lf0.I,P49720,PSB3_HUMAN
5lf0.b,P28072,PSB6_HUMAN
5lf0.K,P28074,PSB5_HUMAN
5lf0.R,P28066,PSA5_HUMAN
5lf0.M,P28070,PSB4_HUMAN
5lf0.a,P28070,PSB4_HUMAN
5lf0.Q,O14818,PSA7_HUMAN
5lf0.P,P25789,PSA4_HUMAN
5lf0.N,P28072,PSB6_HUMAN
5lf0.C,O14818,PSA7_HUMAN
5lf0.A,P25787,PSA2_HUMAN
5lf0.D,P28066,PSA5_HUMAN
5lf0.H,Q99436,PSB7_HUMAN
5lf0.T,P25788,PSA3_HUMAN
5lf0.Z,P20618,PSB1_HUMAN
5lf0.F,P25788,PSA3_HUMAN
5lf0.L,P20618,PSB1_HUMAN
5lf0.G,P60900,PSA6_HUMAN
5lf1.L,P20618,PSB1_HUMAN
5lf1.P,P25789,PSA4_HUMAN
5lf1.W,P49720,PSB3_HUMAN
5lf1.T,P25788,PSA3_HUMAN
5lf1.C,O14818,PSA7_HUMAN
5lf1.G,P60900,PSA6_HUMAN
5lf1.J,P49721,PSB2_HUMAN
5lf1.R,P28066,PSA5_HUMAN
5lf1.a,P28070,PSB4_HUMAN
5lf1.H,Q99436,PSB7_HUMAN
5lf1.Q,O14818,PSA7_HUMAN
5lf1.M,P28070,PSB4_HUMAN
5lf1.D,P28066,PSA5_HUMAN
5lf1.A,P25787,PSA2_HUMAN
5lf1.X,P49721,PSB2_HUMAN
5lf1.I,P49720,PSB3_HUMAN
5lf1.O,P25787,PSA2_HUMAN
5lf1.K,P28074,PSB5_HUMAN
5lf1.V,Q99436,PSB7_HUMAN
5lf1.B,P25789,PSA4_HUMAN
5lf1.N,P28072,PSB6_HUMAN
5lf1.E,P25786,PSA1_HUMAN
5lf1.S,P25786,PSA1_HUMAN
5lf1.U,P60900,PSA6_HUMAN
5lf1.F,P25788,PSA3_HUMAN
5lf1.b,P28072,PSB6_HUMAN
5lf1.Y,P28074,PSB5_HUMAN
5lf1.Z,P20618,PSB1_HUMAN
5lf3.X,P49721,PSB2_HUMAN
5lf3.N,P28072,PSB6_HUMAN
5lf3.M,P28070,PSB4_HUMAN
5lf3.D,P28066,PSA5_HUMAN
5lf3.F,P25788,PSA3_HUMAN
5lf3.L,P20618,PSB1_HUMAN
5lf3.Q,O14818,PSA7_HUMAN
5lf3.W,P49720,PSB3_HUMAN
5lf3.S,P25786,PSA1_HUMAN
5lf3.V,Q99436,PSB7_HUMAN
5lf3.C,O14818,PSA7_HUMAN
5lf3.P,P25789,PSA4_HUMAN
5lf3.T,P25788,PSA3_HUMAN
5lf3.Y,P28074,PSB5_HUMAN
5lf3.K,P28074,PSB5_HUMAN
5lf3.E,P25786,PSA1_HUMAN
5lf3.b,P28072,PSB6_HUMAN
5lf3.a,P28070,PSB4_HUMAN
5lf3.O,P25787,PSA2_HUMAN
5lf3.A,P25787,PSA2_HUMAN
5lf3.B,P25789,PSA4_HUMAN
5lf3.Z,P20618,PSB1_HUMAN
5lf3.J,P49721,PSB2_HUMAN
5lf3.I,P49720,PSB3_HUMAN
5lf3.G,P60900,PSA6_HUMAN
5lf3.R,P28066,PSA5_HUMAN
5lf3.H,Q99436,PSB7_HUMAN
5lf3.U,P60900,PSA6_HUMAN
5lf4.O,P25787,PSA2_HUMAN
5lf4.B,P25789,PSA4_HUMAN
5lf4.X,P49721,PSB2_HUMAN
5lf4.Q,O14818,PSA7_HUMAN
5lf4.H,Q99436,PSB7_HUMAN
5lf4.M,P28070,PSB4_HUMAN
5lf4.Y,P28074,PSB5_HUMAN
5lf4.E,P25786,PSA1_HUMAN
5lf4.b,P28072,PSB6_HUMAN
5lf4.J,P49721,PSB2_HUMAN
5lf4.T,P25788,PSA3_HUMAN
5lf4.F,P25788,PSA3_HUMAN
5lf4.P,P25789,PSA4_HUMAN
5lf4.D,P28066,PSA5_HUMAN
5lf4.R,P28066,PSA5_HUMAN
5lf4.a,P28070,PSB4_HUMAN
5lf4.Z,P20618,PSB1_HUMAN
5lf4.N,P28072,PSB6_HUMAN
5lf4.G,P60900,PSA6_HUMAN
5lf4.I,P49720,PSB3_HUMAN
5lf4.A,P25787,PSA2_HUMAN
5lf4.K,P28074,PSB5_HUMAN
5lf4.S,P25786,PSA1_HUMAN
5lf4.V,Q99436,PSB7_HUMAN
5lf4.C,O14818,PSA7_HUMAN
5lf4.W,P49720,PSB3_HUMAN
5lf4.L,P20618,PSB1_HUMAN
5lf4.U,P60900,PSA6_HUMAN
5lf6.L,P20618,PSB1_HUMAN
5lf6.T,P25788,PSA3_HUMAN
5lf6.H,Q99436,PSB7_HUMAN
5lf6.I,P49720,PSB3_HUMAN
5lf6.G,P60900,PSA6_HUMAN
5lf6.R,P28066,PSA5_HUMAN
5lf6.C,O14818,PSA7_HUMAN
5lf6.J,P49721,PSB2_HUMAN
5lf6.D,P28066,PSA5_HUMAN
5lf6.M,P28070,PSB4_HUMAN
5lf6.V,Q99436,PSB7_HUMAN
5lf6.U,P60900,PSA6_HUMAN
5lf6.P,P25789,PSA4_HUMAN
5lf6.B,P25789,PSA4_HUMAN
5lf6.a,P28070,PSB4_HUMAN
5lf6.K,P28074,PSB5_HUMAN
5lf6.W,P49720,PSB3_HUMAN
5lf6.E,P25786,PSA1_HUMAN
5lf6.Z,P20618,PSB1_HUMAN
5lf6.O,P25787,PSA2_HUMAN
5lf6.S,P25786,PSA1_HUMAN
5lf6.Q,O14818,PSA7_HUMAN
5lf6.X,P49721,PSB2_HUMAN
5lf6.F,P25788,PSA3_HUMAN
5lf6.N,P28072,PSB6_HUMAN
5lf6.A,P25787,PSA2_HUMAN
5lf6.b,P28072,PSB6_HUMAN
5lf6.Y,P28074,PSB5_HUMAN
5lf7.H,Q99436,PSB7_HUMAN
5lf7.D,P28066,PSA5_HUMAN
5lf7.Q,O14818,PSA7_HUMAN
5lf7.L,P20618,PSB1_HUMAN
5lf7.M,P28070,PSB4_HUMAN
5lf7.Y,P28074,PSB5_HUMAN
5lf7.b,P28072,PSB6_HUMAN
5lf7.X,P49721,PSB2_HUMAN
5lf7.C,O14818,PSA7_HUMAN
5lf7.P,P25789,PSA4_HUMAN
5lf7.J,P49721,PSB2_HUMAN
5lf7.a,P28070,PSB4_HUMAN
5lf7.W,P49720,PSB3_HUMAN
5lf7.E,P25786,PSA1_HUMAN
5lf7.V,Q99436,PSB7_HUMAN
5lf7.N,P28072,PSB6_HUMAN
5lf7.S,P25786,PSA1_HUMAN
5lf7.K,P28074,PSB5_HUMAN
5lf7.Z,P20618,PSB1_HUMAN
5lf7.I,P49720,PSB3_HUMAN
5lf7.R,P28066,PSA5_HUMAN
5lf7.A,P25787,PSA2_HUMAN
5lf7.G,P60900,PSA6_HUMAN
5lf7.B,P25789,PSA4_HUMAN
5lf7.F,P25788,PSA3_HUMAN
5lf7.T,P25788,PSA3_HUMAN
5lf7.U,P60900,PSA6_HUMAN
5lf7.O,P25787,PSA2_HUMAN
5lwn.A,P52333,JAK3_HUMAN
5m4z.B,Q9NDD3,Q9NDD3_TRISP
5m4z.A,Q9NDD3,Q9NDD3_TRISP
5mae.A,P07711,CATL1_HUMAN
5maj.A,P07711,CATL1_HUMAN
5mhm.B,P00488,F13A_HUMAN
5mhm.A,P00488,F13A_HUMAN
5mhn.A,P00488,F13A_HUMAN
5mhn.B,P00488,F13A_HUMAN
5mi4.A,Q89ZI2,OGA_BACTN
5mi5.A,Q89ZI2,OGA_BACTN
5mi6.A,Q89ZI2,OGA_BACTN
5mi7.A,Q89ZI2,OGA_BACTN
5mjb.A,P54762,EPHB1_HUMAN
5mjb.B,P54762,EPHB1_HUMAN
5mmv.A,P29466,CASP1_HUMAN
5mmv.B,P29466,CASP1_HUMAN
5mqy.A,P07711,CATL1_HUMAN
5mu9.A,Q8X123,Q8X123_9AGAR
5mua.B,Q75WT9,Q75WT9_9APHY
5mua.A,Q75WT9,Q75WT9_9APHY
5n0m.A,Q9UM07,PADI4_HUMAN
5n0y.A,Q9UM07,PADI4_HUMAN
5ngf.A,Q93009,UBP7_HUMAN
5ngf.B,Q93009,UBP7_HUMAN
5nh0.A,P0C6X5,R1AB_CVHNL
5nh0.C,P0C6X5,R1AB_CVHNL
5nh0.B,P0C6X5,R1AB_CVHNL
5nud.A,P22455,FGFR4_HUMAN
5nud.B,P22455,FGFR4_HUMAN
5nwz.B,P22455,FGFR4_HUMAN
5nwz.A,P22455,FGFR4_HUMAN
5o3y.F,P00441,SODC_HUMAN
5o3y.A,P00441,SODC_HUMAN
5o8u.A,Q16539,MK14_HUMAN
5o8v.A,Q16539,MK14_HUMAN
5ogq.B,Q8MNY2,Q8MNY2_SCHMA
5ogq.C,Q8MNY2,Q8MNY2_SCHMA
5ogq.A,Q8MNY2,Q8MNY2_SCHMA
5ogr.A,Q8MNY2,Q8MNY2_SCHMA
5ogr.C,Q8MNY2,Q8MNY2_SCHMA
5ogr.B,Q8MNY2,Q8MNY2_SCHMA
5oo0.A,P24941,CDK2_HUMAN
5oo1.A,P24941,CDK2_HUMAN
5oo3.A,P24941,CDK2_HUMAN
5orl.A,O14965,AURKA_HUMAN
5osj.A,P24941,CDK2_HUMAN
5osm.A,P24941,CDK2_HUMAN
5p9j.A,Q06187,BTK_HUMAN
5p9k.A,Q06187,BTK_HUMAN
5p9l.A,Q06187,BTK_HUMAN
5p9m.A,Q06187,BTK_HUMAN
5qip.A,Q96DC9,OTUB2_HUMAN
5qiq.A,Q96DC9,OTUB2_HUMAN
5qir.A,Q96DC9,OTUB2_HUMAN
5qis.A,Q96DC9,OTUB2_HUMAN
5qit.A,Q96DC9,OTUB2_HUMAN
5qiu.A,Q96DC9,OTUB2_HUMAN
5qiv.A,Q96DC9,OTUB2_HUMAN
5qiw.A,Q96DC9,OTUB2_HUMAN
5qix.A,Q96DC9,OTUB2_HUMAN
5qiy.A,Q96DC9,OTUB2_HUMAN
5qiz.A,Q96DC9,OTUB2_HUMAN
5rej.A,P0DTD1,R1AB_SARS2
5rek.A,P0DTD1,R1AB_SARS2
5rel.A,P0DTD1,R1AB_SARS2
5rem.A,P0DTD1,R1AB_SARS2
5ren.A,P0DTD1,R1AB_SARS2
5reo.A,P0DTD1,R1AB_SARS2
5rep.A,P0DTD1,R1AB_SARS2
5rer.A,P0DTD1,R1AB_SARS2
5res.A,P0DTD1,R1AB_SARS2
5ret.A,P0DTD1,R1AB_SARS2
5reu.A,P0DTD1,R1AB_SARS2
5rev.A,P0DTD1,R1AB_SARS2
5rew.A,P0DTD1,R1AB_SARS2
5rex.A,P0DTD1,R1AB_SARS2
5rey.A,P0DTD1,R1AB_SARS2
5rff.A,P0DTD1,R1AB_SARS2
5rfg.A,P0DTD1,R1AB_SARS2
5rfh.A,P0DTD1,R1AB_SARS2
5rfi.A,P0DTD1,R1AB_SARS2
5rfj.A,P0DTD1,R1AB_SARS2
5rfk.A,P0DTD1,R1AB_SARS2
5rfl.A,P0DTD1,R1AB_SARS2
5rfm.A,P0DTD1,R1AB_SARS2
5rfn.A,P0DTD1,R1AB_SARS2
5rfo.A,P0DTD1,R1AB_SARS2
5rfp.A,P0DTD1,R1AB_SARS2
5rfq.A,P0DTD1,R1AB_SARS2
5rfr.A,P0DTD1,R1AB_SARS2
5rfs.A,P0DTD1,R1AB_SARS2
5rft.A,P0DTD1,R1AB_SARS2
5rfu.A,P0DTD1,R1AB_SARS2
5rfv.A,P0DTD1,R1AB_SARS2
5rfw.A,P0DTD1,R1AB_SARS2
5rfx.A,P0DTD1,R1AB_SARS2
5rfy.A,P0DTD1,R1AB_SARS2
5rfz.A,P0DTD1,R1AB_SARS2
5rg0.A,P0DTD1,R1AB_SARS2
5rg2.A,P0DTD1,R1AB_SARS2
5rg3.A,P0DTD1,R1AB_SARS2
5rgl.A,P0DTD1,R1AB_SARS2
5rgm.A,P0DTD1,R1AB_SARS2
5rgn.A,P0DTD1,R1AB_SARS2
5rgo.A,P0DTD1,R1AB_SARS2
5rgp.A,P0DTD1,R1AB_SARS2
5rgt.A,P0DTD1,R1AB_SARS2
5rh5.A,P0DTD1,R1AB_SARS2
5rh6.A,P0DTD1,R1AB_SARS2
5rh7.A,P0DTD1,R1AB_SARS2
5rh9.A,P0DTD1,R1AB_SARS2
5rha.A,P0DTD1,R1AB_SARS2
5rhb.A,P0DTD1,R1AB_SARS2
5rhc.A,P0DTD1,R1AB_SARS2
5rhe.A,P0DTD1,R1AB_SARS2
5rhf.A,P0DTD1,R1AB_SARS2
5swh.B,P00523,SRC_CHICK
5swh.A,P00523,SRC_CHICK
5t6d.B,Q83883,POLG_NVN68
5t6d.A,Q83883,POLG_NVN68
5t6f.B,Q83883,POLG_NVN68
5t6f.A,Q83883,POLG_NVN68
5t6g.B,Q83883,POLG_NVN68
5t6g.A,Q83883,POLG_NVN68
5tdi.A,P43235,CATK_HUMAN
5tg1.A,Q83883,POLG_NVN68
5tg2.A,Q83883,POLG_NVN68
5th7.B,Q9NQR1,KMT5A_HUMAN
5th7.A,Q9NQR1,KMT5A_HUMAN
5toz.A,P52333,JAK3_HUMAN
5tts.A,P52333,JAK3_HUMAN
5ttu.A,P52333,JAK3_HUMAN
5ttv.A,P52333,JAK3_HUMAN
5u4h.B,A0A0R0VXX6,A0A0R0VXX6_ACIBA
5u4h.A,A0A0R0VXX6,A0A0R0VXX6_ACIBA
5ug8.A,P00533,EGFR_HUMAN
5ug9.A,P00533,EGFR_HUMAN
5ugc.A,P00533,EGFR_HUMAN
5v6s.A,P01116,RASK_HUMAN
5v6v.A,P01116,RASK_HUMAN
5v6v.B,P01116,RASK_HUMAN
5v71.C,P01116,RASK_HUMAN
5v71.A,P01116,RASK_HUMAN
5v71.D,P01116,RASK_HUMAN
5v71.B,P01116,RASK_HUMAN
5v71.F,P01116,RASK_HUMAN
5v71.E,P01116,RASK_HUMAN
5v9l.C,P01116,RASK_HUMAN
5v9l.A,P01116,RASK_HUMAN
5v9l.B,P01116,RASK_HUMAN
5v9o.A,P01116,RASK_HUMAN
5v9u.A,P01116,RASK_HUMAN
5v9u.B,P01116,RASK_HUMAN
5vbm.A,P01116,RASK_HUMAN
5vbz.A,P01112,RASH_HUMAN
5vbz.B,P01112,RASH_HUMAN
5vbz.C,P01112,RASH_HUMAN
5vnd.A,P11362,FGFR1_HUMAN
5vnd.B,P11362,FGFR1_HUMAN
5vqx.A,P03366,POL_HV1B1
5vqx.B,P03366,POL_HV1B1
5vqy.A,P03366,POL_HV1B1
5vqy.B,P03366,POL_HV1B1
5vqz.B,P03366,POL_HV1B1
5vqz.A,P03366,POL_HV1B1
5w1y.A,Q9NQR1,KMT5A_HUMAN
5w1y.B,Q9NQR1,KMT5A_HUMAN
5wej.A,Q83883,POLG_NVN68
5wej.B,Q83883,POLG_NVN68
5wfj.A,P52333,JAK3_HUMAN
5wi5.D,Q97NQ4,MURA1_STRPN
5wi5.C,Q97NQ4,MURA1_STRPN
5wi5.A,Q97NQ4,MURA1_STRPN
5wi5.B,Q97NQ4,MURA1_STRPN
5wkj.A,K9N638,R1A_MERS1
5wkk.A,K9N638,R1A_MERS1
5wkl.A,K9N638,R1A_MERS1
5wkm.A,K9N638,R1A_MERS1
5wqx.A,P37231,PPARG_HUMAN
5wqx.B,P37231,PPARG_HUMAN
5wr1.B,P37231,PPARG_HUMAN
5wr1.A,P37231,PPARG_HUMAN
5xdk.A,P00533,EGFR_HUMAN
5xu8.A,O75604,UBP2_HUMAN
5xu8.B,P62992,RS27A_BOVIN
5y41.A,P43354,NR4A2_HUMAN
5y41.B,P43354,NR4A2_HUMAN
5yd6.D,P43354,NR4A2_HUMAN
5yd6.B,P43354,NR4A2_HUMAN
5yd6.A,P43354,NR4A2_HUMAN
5yd6.C,P43354,NR4A2_HUMAN
5yjo.A,Q9H7B4,SMYD3_HUMAN
5yu9.D,P00533,EGFR_HUMAN
5yu9.A,P00533,EGFR_HUMAN
5yu9.B,P00533,EGFR_HUMAN
5yu9.C,P00533,EGFR_HUMAN
5yvo.A,P78417,GSTO1_HUMAN
5yxz.A,P01116,RASK_HUMAN
5yy1.A,P01116,RASK_HUMAN
5zk4.D,Q4U447,Q4U447_SORCE
5zk4.C,Q4U447,Q4U447_SORCE
5zk4.A,Q4U443,Q4U443_SORCE
5zk4.B,Q4U443,Q4U443_SORCE
6af9.A,Q99497,PARK7_HUMAN
6afd.A,Q99497,PARK7_HUMAN
6afe.A,Q99497,PARK7_HUMAN
6aff.A,Q99497,PARK7_HUMAN
6afg.A,Q99497,PARK7_HUMAN
6alj.B,O94788,AL1A2_HUMAN
6alj.C,O94788,AL1A2_HUMAN
6alj.D,O94788,AL1A2_HUMAN
6alj.A,O94788,AL1A2_HUMAN
6ark.A,P01116,RASK_HUMAN
6ay2.B,P07858,CATB_HUMAN
6ay2.A,P07858,CATB_HUMAN
6azs.D,Q1M7F4,Q1M7F4_RHIL3
6azs.B,Q1M7F4,Q1M7F4_RHIL3
6azs.C,Q1M7F4,Q1M7F4_RHIL3
6azs.A,Q1M7F4,Q1M7F4_RHIL3
6b0v.A,P01116,RASK_HUMAN
6b0v.B,P01116,RASK_HUMAN
6b0y.B,P01116,RASK_HUMAN
6b0y.A,P01116,RASK_HUMAN
6b95.A,P18031,PTN1_HUMAN
6bib.A,Q83883,POLG_NVN68
6bib.B,Q83883,POLG_NVN68
6bic.A,Q83883,POLG_NVN68
6bic.B,Q83883,POLG_NVN68
6bid.A,Q83883,POLG_NVN68
6boi.A,A5U5L6,A5U5L6_MYCTA
6boi.B,A5U5L6,A5U5L6_MYCTA
6boz.A,Q9NQR1,KMT5A_HUMAN
6boz.B,Q9NQR1,KMT5A_HUMAN
6bv5.A,Q66GI4,PRRP1_ARATH
6bv6.A,Q66GI4,PRRP1_ARATH
6bv8.A,Q66GI4,PRRP1_ARATH
6bv9.A,Q66GI4,PRRP1_ARATH
6bwu.A,P69905,HBA_HUMAN
6bwu.B,P68871,HBB_HUMAN
6c1i.B,P37231,PPARG_HUMAN
6c1i.A,P37231,PPARG_HUMAN
6chw.A,P03372,ESR1_HUMAN
6cwy.C,Q9UBE0,SAE1_HUMAN
6cwy.D,Q9UBT2,SAE2_HUMAN
6db4.A,P52333,JAK3_HUMAN
6dge.A,O94760,DDAH1_HUMAN
6di1.A,Q06187,BTK_HUMAN
6di5.A,Q06187,BTK_HUMAN
6di9.A,Q06187,BTK_HUMAN
6dq9.A,P29375,KDM5A_HUMAN
6dqb.A,P29375,KDM5A_HUMAN
6dud.A,P52333,JAK3_HUMAN
6e6t.B,A0A1X9WEN9,A0A1X9WEN9_SACSY
6e6t.A,A0A1X9WEN9,A0A1X9WEN9_SACSY
6ein.A,Q9UGL1,KDM5B_HUMAN
6exw.C,Q13490,BIRC2_HUMAN
6exw.A,Q13490,BIRC2_HUMAN
6ezp.A,P07711,CATL1_HUMAN
6ezx.B,P07711,CATL1_HUMAN
6ezx.A,P07711,CATL1_HUMAN
6f6r.B,P29466,CASP1_HUMAN
6f6r.A,P29466,CASP1_HUMAN
6fdq.A,B0B9A0,CDUB1_CHLT2
6fdq.B,B0B9A0,CDUB1_CHLT2
6fdu.A,B0B9A0,CDUB1_CHLT2
6fdu.B,B0B9A0,CDUB1_CHLT2
6ffm.A,Q14145,KEAP1_HUMAN
6fv1.C,P0C6X5,R1AB_CVHNL
6fv1.B,P0C6X5,R1AB_CVHNL
6fv1.A,P0C6X5,R1AB_CVHNL
6g54.A,P28482,MK01_HUMAN
6g58.B,P63479,ALR1_STAAM
6g58.A,P63479,ALR1_STAAM
6g83.B,P9WJF0,DPRE1_MYCTO
6g83.A,P9WJF0,DPRE1_MYCTO
6ga0.A,Q97VW7,OGT_SACS2
6ges.A,P27361,MK03_HUMAN
6ges.B,P27361,MK03_HUMAN
6gjk.B,Q70I53,HDAH_ALCSD
6gjk.A,Q70I53,HDAH_ALCSD
6gq3.A,P08243,ASNS_HUMAN
6gq3.B,P08243,ASNS_HUMAN
6gxy.B,O77404,TYPX_TRYBB
6gxy.C,O77404,TYPX_TRYBB
6gxy.A,O77404,TYPX_TRYBB
6gzy.A,Q96EP0,RNF31_HUMAN
6gzy.B,Q96EP0,RNF31_HUMAN
6h0u.A,P49841,GSK3B_HUMAN
6h0u.B,P49841,GSK3B_HUMAN
6h8t.A,P00784,PAPA1_CARPA
6h8t.J,P00784,PAPA1_CARPA
6hez.B,P9WJF1,DPRE1_MYCTU
6hez.A,P9WJF1,DPRE1_MYCTU
6hf0.B,P9WJF1,DPRE1_MYCTU
6hf0.A,P9WJF1,DPRE1_MYCTU
6hf3.A,P9WJF1,DPRE1_MYCTU
6hf3.B,P9WJF1,DPRE1_MYCTU
6hfv.A,P9WJF1,DPRE1_MYCTU
6hfv.B,P9WJF1,DPRE1_MYCTU
6hgy.A,P43235,CATK_HUMAN
6hhg.A,P31749,AKT1_HUMAN
6hhj.A,P31749,AKT1_HUMAN
6hhp.A,P31947,1433S_HUMAN
6hhp.B,P03372,ESR1_HUMAN
6hje.A,Q4DA80,PRCMA_TRYCC
6hje.B,Q4DA80,PRCMA_TRYCC
6hjf.B,Q4DA80,PRCMA_TRYCC
6hjf.A,Q4DA80,PRCMA_TRYCC
6hk2.B,P68871,HBB_HUMAN
6hk2.D,P68871,HBB_HUMAN
6hk2.C,P69905,HBA_HUMAN
6hk2.A,P69905,HBA_HUMAN
6hkb.A,P31947,1433S_HUMAN
6hkb.B,P03372,ESR1_HUMAN
6hkf.A,P31947,1433S_HUMAN
6hkf.B,P03372,ESR1_HUMAN
6hmt.A,P31947,1433S_HUMAN
6hmu.A,P31947,1433S_HUMAN
6hmu.B,P03372,ESR1_HUMAN
6hn2.A,P31947,1433S_HUMAN
6hve.A,P00523,SRC_CHICK
6hve.B,P00523,SRC_CHICK
6hvf.B,P00523,SRC_CHICK
6hvf.A,P00523,SRC_CHICK
6i0x.A,Q9RQJ2,PAD_PORGI
6i0x.B,Q9RQJ2,PAD_PORGI
6i99.A,P51813,BMX_HUMAN
6i99.B,P51813,BMX_HUMAN
6ib2.A,O14733,MP2K7_HUMAN
6ic5.C,P53634,CATC_HUMAN
6ic5.A,P53634,CATC_HUMAN
6ic5.B,P53634,CATC_HUMAN
6ic6.B,P53634,CATC_HUMAN
6ic6.C,P53634,CATC_HUMAN
6ic6.A,P53634,CATC_HUMAN
6ijl.A,Q9H7B4,SMYD3_HUMAN
6ijs.B,Q15788,NCOA1_HUMAN
6ijs.A,P37231,PPARG_HUMAN
6iuo.A,P22455,FGFR4_HUMAN
6iyv.B,I6Y9J2,LDT2_MYCTU
6iyv.A,I6Y9J2,LDT2_MYCTU
6iyw.C,I6Y9J2,LDT2_MYCTU
6iyw.B,I6Y9J2,LDT2_MYCTU
6iyw.A,I6Y9J2,LDT2_MYCTU
6iyw.F,I6Y9J2,LDT2_MYCTU
6iyw.E,I6Y9J2,LDT2_MYCTU
6iyw.D,I6Y9J2,LDT2_MYCTU
6j4p.B,Q8N300,SVBP_HUMAN
6j4p.A,Q86V25,VASH2_HUMAN
6j6m.A,Q06187,BTK_HUMAN
6jpe.A,P22455,FGFR4_HUMAN
6jxt.A,P00533,EGFR_HUMAN
6kc5.B,Q96EP0,RNF31_HUMAN
6kc6.G,Q96EP0,RNF31_HUMAN
6kc6.K,Q96EP0,RNF31_HUMAN
6kc6.E,Q96EP0,RNF31_HUMAN
6kc6.A,Q96EP0,RNF31_HUMAN
6kc6.I,Q96EP0,RNF31_HUMAN
6kc6.C,Q96EP0,RNF31_HUMAN
6ku2.E,B3ECE3,B3ECE3_CHLL2
6ku2.A,B3ECE3,B3ECE3_CHLL2
6kx3.A,P61586,RHOA_HUMAN
6l70.B,K4L9I6,K4L9I6_9ALPC
6l70.A,K4L9I6,K4L9I6_9ALPC
6lka.A,A9XG43,A9XG43_HE71
6ls5.B,P09467,F16P1_HUMAN
6ls5.C,P09467,F16P1_HUMAN
6ls5.A,P09467,F16P1_HUMAN
6ls5.D,P09467,F16P1_HUMAN
6lu7.A,P0DTD1,R1AB_SARS2
6lze.A,P0DTD1,R1AB_SARS2
6m0k.A,P0DTD1,R1AB_SARS2
6mgu.B,A0A6L8P2U9,A0A6L8P2U9_BACAN
6mgu.A,A0A6L8P2U9,A0A6L8P2U9_BACAN
6mhc.B,P78417,GSTO1_HUMAN
6mhc.A,P78417,GSTO1_HUMAN
6mhd.B,P78417,GSTO1_HUMAN
6mhd.A,P78417,GSTO1_HUMAN
6mis.B,P80884,ANAN_ANACO
6mis.A,P80884,ANAN_ANACO
6mzw.B,P11362,FGFR1_HUMAN
6mzw.A,P11362,FGFR1_HUMAN
6n2j.A,P01116,RASK_HUMAN
6n2k.A,P01116,RASK_HUMAN
6n4t.A,Q9Y5Y6,ST14_HUMAN
6n9j.A,Q8A866,Q8A866_BACTN
6n9j.B,Q8A866,Q8A866_BACTN
6n9p.A,Q06187,BTK_HUMAN
6nd3.B,Q30W70,CUTC_DESAG
6nd3.D,Q30W70,CUTC_DESAG
6nd3.A,Q30W70,CUTC_DESAG
6nd3.C,Q30W70,CUTC_DESAG
6nd3.F,Q30W70,CUTC_DESAG
6nd3.G,Q30W70,CUTC_DESAG
6nd3.E,Q30W70,CUTC_DESAG
6nd3.H,Q30W70,CUTC_DESAG
6nkj.B,Q97NQ4,MURA1_STRPN
6nkj.A,Q97NQ4,MURA1_STRPN
6nvg.A,P22455,FGFR4_HUMAN
6nvh.A,P22455,FGFR4_HUMAN
6nvi.A,P22455,FGFR4_HUMAN
6nvj.A,P22455,FGFR4_HUMAN
6nvk.A,P22455,FGFR4_HUMAN
6o8i.A,Q06187,BTK_HUMAN
6o8m.A,D5AT91,D5AT91_RHOCB
6ocg.A,Q7L8A9,VASH1_HUMAN
6ocg.B,Q8N300,SVBP_HUMAN
6och.D,Q8N300,SVBP_HUMAN
6och.C,Q7L8A9,VASH1_HUMAN
6och.A,Q7L8A9,VASH1_HUMAN
6och.B,Q8N300,SVBP_HUMAN
6oim.A,P01116,RASK_HUMAN
6ovz.A,E5KIY2,E5KIY2_ECOLX
6ovz.B,E5KIY2,E5KIY2_ECOLX
6owc.A,P03372,ESR1_HUMAN
6owc.B,P03372,ESR1_HUMAN
6p4e.A,P36400,LMCPB_LEIME
6p4e.B,P36400,LMCPB_LEIME
6p69.A,P11362,FGFR1_HUMAN
6p69.B,P11362,FGFR1_HUMAN
6p8w.A,P01116,RASK_HUMAN
6p8w.B,P01116,RASK_HUMAN
6p8y.B,P01116,RASK_HUMAN
6p8y.A,P01116,RASK_HUMAN
6p8z.B,P01116,RASK_HUMAN
6p8z.A,P01116,RASK_HUMAN
6pgo.A,P01116,RASK_HUMAN
6pgo.B,P01116,RASK_HUMAN
6pgp.A,P01116,RASK_HUMAN
6pgp.B,P01116,RASK_HUMAN
6pnm.A,P78417,GSTO1_HUMAN
6pnn.A,P78417,GSTO1_HUMAN
6pno.A,P78417,GSTO1_HUMAN
6pzp.A,P29466,CASP1_HUMAN
6pzp.B,P29466,CASP1_HUMAN
6q8n.B,A0A1L9WG58,A0A1L9WG58_ASPA1
6q8n.A,A0A1L9WG58,A0A1L9WG58_ASPA1
6qg4.A,O14733,MP2K7_HUMAN
6qg7.A,O14733,MP2K7_HUMAN
6ql8.A,P43235,CATK_HUMAN
6qlm.B,P43235,CATK_HUMAN
6qlm.A,P43235,CATK_HUMAN
6qlw.B,P43235,CATK_HUMAN
6qlw.D,P43235,CATK_HUMAN
6qlw.C,P43235,CATK_HUMAN
6qlw.A,P43235,CATK_HUMAN
6qlx.A,P43235,CATK_HUMAN
6r0r.A,Q5Y389,POLN_GETV
6r1v.A,Q2FV99,SRTA_STAA8
6r5l.A,P31947,1433S_HUMAN
6r5l.P,P04637,P53_HUMAN
6rjq.P,Q9GZV5,WWTR1_HUMAN
6rjq.A,P31947,1433S_HUMAN
6rn6.E,P53634,CATC_HUMAN
6rn6.F,P53634,CATC_HUMAN
6rn6.C,P53634,CATC_HUMAN
6rn6.A,P53634,CATC_HUMAN
6rn6.B,P53634,CATC_HUMAN
6rn6.D,P53634,CATC_HUMAN
6rn7.A,P53634,CATC_HUMAN
6rn7.C,P53634,CATC_HUMAN
6rn7.B,P53634,CATC_HUMAN
6rn9.B,P53634,CATC_HUMAN
6rn9.A,P53634,CATC_HUMAN
6rn9.C,P53634,CATC_HUMAN
6rne.A,P53634,CATC_HUMAN
6rne.C,P53634,CATC_HUMAN
6rne.B,P53634,CATC_HUMAN
6rni.B,P53634,CATC_HUMAN
6rni.C,P53634,CATC_HUMAN
6rni.A,P53634,CATC_HUMAN
6ro2.A,P42371,FPG_LACLC
6rrm.B,O53223,LDT2_MYCTO
6rrm.A,O53223,LDT2_MYCTO
6rws.A,P31947,1433S_HUMAN
6rws.P,P04637,P53_HUMAN
6rwu.A,P31947,1433S_HUMAN
6rwu.P,P04637,P53_HUMAN
6s9w.A,P31749,AKT1_HUMAN
6sc5.A,Q96EP0,RNF31_HUMAN
6sc8.A,Q96EP0,RNF31_HUMAN
6sc9.A,Q96EP0,RNF31_HUMAN
6sgd.A,P51955,NEK2_HUMAN
6slx.A,P31947,1433S_HUMAN
6slx.P,Q9GZV5,WWTR1_HUMAN
6sph.C,P00441,SODC_HUMAN
6sph.L,P00441,SODC_HUMAN
6sph.G,P00441,SODC_HUMAN
6sph.J,P00441,SODC_HUMAN
6sph.E,P00441,SODC_HUMAN
6sph.A,P00441,SODC_HUMAN
6spj.F,P00441,SODC_HUMAN
6spj.I,P00441,SODC_HUMAN
6spj.A,P00441,SODC_HUMAN
6spj.J,P00441,SODC_HUMAN
6spj.B,P00441,SODC_HUMAN
6spj.E,P00441,SODC_HUMAN
6t5b.A,P01116,RASK_HUMAN
6t5u.B,P01116,RASK_HUMAN
6t5u.A,A0A1S2ZE25,A0A1S2ZE25_ERIEU
6t5v.A,P01116,RASK_HUMAN
6tam.A,P01116,RASK_HUMAN
6tan.A,P01116,RASK_HUMAN
6umz.A,P16113,PYP_HALHA
6un0.A,P16113,PYP_HALHA
6und.A,Q4K977,Q4K977_PSEF5
6und.B,Q4K977,Q4K977_PSEF5
6usx.A,P01116,RASK_HUMAN
6usx.B,P01116,RASK_HUMAN
6usz.A,P01116,RASK_HUMAN
6v66.A,P00533,EGFR_HUMAN
6v66.D,P00533,EGFR_HUMAN
6v66.B,P00533,EGFR_HUMAN
6v66.C,P00533,EGFR_HUMAN
6v6k.H,P00533,EGFR_HUMAN
6v6k.E,P00533,EGFR_HUMAN
6v6k.A,P00533,EGFR_HUMAN
6v6k.F,P00533,EGFR_HUMAN
6v6k.D,P00533,EGFR_HUMAN
6v6k.B,P00533,EGFR_HUMAN
6v6k.G,P00533,EGFR_HUMAN
6v6k.C,P00533,EGFR_HUMAN
6v6o.F,P00533,EGFR_HUMAN
6v6o.C,P00533,EGFR_HUMAN
6v6o.D,P00533,EGFR_HUMAN
6v6o.H,P00533,EGFR_HUMAN
6v6o.B,P00533,EGFR_HUMAN
6v6o.A,P00533,EGFR_HUMAN
6v6o.G,P00533,EGFR_HUMAN
6v6o.E,P00533,EGFR_HUMAN
6v9c.A,P22455,FGFR4_HUMAN
6vgy.A,T2B9U0,T2B9U0_MERS
6vgy.B,T2B9U0,T2B9U0_MERS
6vgz.B,T2B9U0,T2B9U0_MERS
6vgz.A,T2B9U0,T2B9U0_MERS
6vh0.A,T2B9U0,T2B9U0_MERS
6vh0.B,T2B9U0,T2B9U0_MERS
6vh1.A,T2B9U0,T2B9U0_MERS
6vh1.B,T2B9U0,T2B9U0_MERS
6vh2.A,T2B9U0,T2B9U0_MERS
6vh2.B,T2B9U0,T2B9U0_MERS
6vh3.B,T2B9U0,T2B9U0_MERS
6vh3.A,T2B9U0,T2B9U0_MERS
6vpl.B,O14965,AURKA_HUMAN
6vpl.A,Q9ULW0,TPX2_HUMAN
6vpl.B,Q9ULW0,TPX2_HUMAN
6vpl.A,O14965,AURKA_HUMAN
6vpm.A,Q9ULW0,TPX2_HUMAN
6vpm.B,O14965,AURKA_HUMAN
6vpm.A,O14965,AURKA_HUMAN
6vpm.B,Q9ULW0,TPX2_HUMAN
6vwe.A,A2RI36,A2RI36_LACLM
6vwe.B,A2RI36,A2RI36_LACLM
6w2a.B,P0C6U8,R1A_SARS
6w2a.A,P0C6U8,R1A_SARS
6wnp.A,P0DTD1,R1AB_SARS2
6wtj.A,P0DTD1,R1AB_SARS2
6wtk.A,P0DTD1,R1AB_SARS2
6wtt.C,P0DTD1,R1AB_SARS2
6wtt.B,P0DTD1,R1AB_SARS2
6wtt.A,P0DTD1,R1AB_SARS2
6xa4.A,P0DTD1,R1AB_SARS2
6xbg.B,P0DTD1,R1AB_SARS2
6xbg.A,P0DTD1,R1AB_SARS2
6xbh.A,P0DTD1,R1AB_SARS2
6xbi.B,P0DTD1,R1AB_SARS2
6xbi.A,P0DTD1,R1AB_SARS2
6xfn.A,P0DTD1,R1AB_SARS2
6xhl.A,P0C6U8,R1A_SARS
6xhl.B,P0C6U8,R1A_SARS
6xhm.B,P0DTD1,R1AB_SARS2
6xhm.A,P0DTD1,R1AB_SARS2
6xhn.A,P0C6U8,R1A_SARS
6xhn.B,P0C6U8,R1A_SARS
6xho.A,P0C6U8,R1A_SARS
6xho.B,P0C6U8,R1A_SARS
6xmk.B,P0DTD1,R1AB_SARS2
6xmk.A,P0DTD1,R1AB_SARS2
6xqs.A,P0DTD1,R1AB_SARS2
6xqt.B,P0DTD1,R1AB_SARS2
6xqt.A,P0DTD1,R1AB_SARS2
6xqu.A,P0DTD1,R1AB_SARS2
6xr3.A,P0DTD1,R1AB_SARS2
6xvb.B,P10721,KIT_HUMAN
6xvb.A,P10721,KIT_HUMAN
6yg2.A,O14733,MP2K7_HUMAN
6yg3.A,O14733,MP2K7_HUMAN
6yg6.B,O14733,MP2K7_HUMAN
6yg6.A,O14733,MP2K7_HUMAN
6yg7.A,O14733,MP2K7_HUMAN
6yg7.B,O14733,MP2K7_HUMAN
6ygv.A,P28720,TGT_ZYMMO
6yl1.A,P24941,CDK2_HUMAN
6ynq.A,P0DTD1,R1AB_SARS2
6zrt.A,P0DTD1,R1AB_SARS2
6zru.A,P0DTD1,R1AB_SARS2
6zu8.A,O15178,TBXT_HUMAN
7bqy.A,P0DTD1,R1AB_SARS2
7c7p.A,P0DTD1,R1AB_SARS2
7c7p.B,P0DTD1,R1AB_SARS2
7c8r.A,P0DTD1,R1AB_SARS2
7c8t.A,P0DTD1,R1AB_SARS2
7c8u.A,P0DTD1,R1AB_SARS2
7com.A,P0DTD1,R1AB_SARS2
7com.B,P0DTD1,R1AB_SARS2
