PDBID.chain,Uniprot ID, Uniprot Name,CYS link,ligand link,ligand type
1a54.A,P0AG82,PSTS_ECOLI,CYS197,C1,C_or_S
1aec.A,P00785,ACTN_ACTCC,CYS25,C2,C_or_S
1aim.A,P25779,CYSP_TRYCR,CYS25,CM,C_or_S
1atk.A,P43235,CATK_HUMAN,CYS25,C2,C_or_S
1au3.A,P43235,CATK_HUMAN,CYS25,C22,C_or_S
1au4.A,P43235,CATK_HUMAN,CYS25,C17,C_or_S
1ayu.A,P43235,CATK_HUMAN,CYS25,C21,C_or_S
1ayv.A,P43235,CATK_HUMAN,CYS25,C21,C_or_S
1ayw.A,P43235,CATK_HUMAN,CYS25,C21,C_or_S
1b02.A,P0CI79,TYSY1_BACSU,CYS161,C6,C_or_S
1bgo.A,P43235,CATK_HUMAN,CYS25,C31,C_or_S
1bjg.A,P0A884,TYSY_ECOLI,CYS146,C6,C_or_S
1bmq.A,P29466,CASP1_HUMAN,CYS285,C27,C_or_S
1bwc.A,P00390,GSHR_HUMAN,CYS58,S5,C_or_S
1cqq.A,P04936,POLG_HRV2,CYS147,C19,C_or_S
1cte.A,P00787,CATB_RAT,CYS29,S2,C_or_S
1cte.B,P00787,CATB_RAT,CYS29,S2,C_or_S
1cv8.A,P81297,SSPP_STAAU,CYS24,C2,C_or_S
1cvr.A,P95493,CPG2_PORGI,CYS244,C3,C_or_S
1cvz.A,P00784,PAPA1_CARPA,CYS25,C10,C_or_S
1dc4.B,P0A9B2,G3P1_ECOLI,CYS149,C1,C_or_S
1dc4.A,P0A9B2,G3P1_ECOLI,CYS149,C1,C_or_S
1ecc.B,P0AG16,PUR1_ECOLI,CYS1,CE,C_or_S
1ecc.A,P0AG16,PUR1_ECOLI,CYS1,CE,C_or_S
1ecg.A,P0AG16,PUR1_ECOLI,CYS1,CE,C_or_S
1ecg.B,P0AG16,PUR1_ECOLI,CYS1,CE,C_or_S
1ewl.A,P25779,CYSP_TRYCR,CYS25,C2,C_or_S
1ewm.A,P25779,CYSP_TRYCR,CYS25,C2,C_or_S
1ewo.A,P25779,CYSP_TRYCR,CYS25,C32,C_or_S
1ewp.A,P25779,CYSP_TRYCR,CYS25,CM,C_or_S
1f28.A,P13100,TYSY_PNECA,CYS173,C6,C_or_S
1f28.C,P13100,TYSY_PNECA,CYS173,C6,C_or_S
1f29.B,P25779,CYSP_TRYCR,CYS25,C22,C_or_S
1f29.C,P25779,CYSP_TRYCR,CYS25,C22,C_or_S
1f29.A,P25779,CYSP_TRYCR,CYS25,C22,C_or_S
1f2a.A,P25779,CYSP_TRYCR,CYS25,C27,C_or_S
1f2b.A,P25779,CYSP_TRYCR,CYS25,C27,C_or_S
1f2c.A,P25779,CYSP_TRYCR,CYS25,C27,C_or_S
1f42.A,P29460,IL12B_HUMAN,CYS177,S5,C_or_S
1f42.A,P29460,IL12B_HUMAN,CYS252,S5,C_or_S
1f4c.B,P0A884,TYSY_ECOLI,CYS146,S1,C_or_S
1f4c.A,P0A884,TYSY_ECOLI,CYS146,S1,C_or_S
1f4d.A,P0A884,TYSY_ECOLI,CYS143,S1,C_or_S
1f4d.B,P0A884,TYSY_ECOLI,CYS143,S1,C_or_S
1fh0.A,O60911,CATL2_HUMAN,CYS25,C21,C_or_S
1fh0.B,O60911,CATL2_HUMAN,CYS2025,C21,C_or_S
1fj8.A,P0A953,FABB_ECOLI,CYS163,C2,C_or_S
1fj8.C,P0A953,FABB_ECOLI,CYS163,C2,C_or_S
1fj8.D,P0A953,FABB_ECOLI,CYS163,C2,C_or_S
1fj8.B,P0A953,FABB_ECOLI,CYS163,C2,C_or_S
1gjm.A,P00183,CPXA_PSEPU,CYS85,C15,C_or_S
1gjm.A,P00183,CPXA_PSEPU,CYS136,C15,C_or_S
1gjm.A,P00183,CPXA_PSEPU,CYS357,FE,other
1gmy.C,P07858,CATB_HUMAN,CYS29,C1,C_or_S
1gmy.A,P07858,CATB_HUMAN,CYS29,C1,C_or_S
1gmy.B,P07858,CATB_HUMAN,CYS29,C1,C_or_S
1gth.A,Q28943,DPYD_PIG,CYS671,C5,C_or_S
1hvy.D,P04818,TYSY_HUMAN,CYS195,C6,C_or_S
1hvy.B,P04818,TYSY_HUMAN,CYS195,C6,C_or_S
1hvy.C,P04818,TYSY_HUMAN,CYS195,C6,C_or_S
1hvy.A,P04818,TYSY_HUMAN,CYS195,C6,C_or_S
1ito.A,P07688,CATB_BOVIN,CYS29,C2,C_or_S
1jcn.B,P20839,IMDH1_HUMAN,CYS331,C6,C_or_S
1jcn.A,P20839,IMDH1_HUMAN,CYS331,C6,C_or_S
1keq.B,P23589,CAH5A_MOUSE,CYS183,C4,C_or_S
1keq.B,P23589,CAH5A_MOUSE,CYS188,C4,C_or_S
1keq.A,P23589,CAH5A_MOUSE,CYS183,C4,C_or_S
1keq.A,P23589,CAH5A_MOUSE,CYS188,C4,C_or_S
1keq.A,P23589,CAH5A_MOUSE,CYS131,C4,C_or_S
1kou.A,P16113,PYP_HALHA,CYS69,C1,C_or_S
1kzi.B,P0A884,TYSY_ECOLI,CYS146,C6,C_or_S
1kzi.A,P0A884,TYSY_ECOLI,CYS146,C6,C_or_S
1kzi.A,P0A884,TYSY_ECOLI,CYS192,S4,C_or_S
1lxy.A,P23793,ARCA_MYCAR,CYS398,C7,C_or_S
1lxy.B,P23793,ARCA_MYCAR,CYS398,C7,C_or_S
1m4a.A,P60568,IL2_HUMAN,CYS31,S1,C_or_S
1m4b.A,P60568,IL2_HUMAN,CYS43,S27,C_or_S
1m6d.A,Q9UBX1,CATF_HUMAN,CYS25,CT,C_or_S
1m6d.B,Q9UBX1,CATF_HUMAN,CYS25,CT,C_or_S
1meg.A,P10056,PAPA3_CARPA,CYS25,C2,C_or_S
1mem.A,P43235,CATK_HUMAN,CYS25,C21,C_or_S
1ml3.C,P22513,G3PG_TRYCR,CYS166,C1,C_or_S
1ml3.B,P22513,G3PG_TRYCR,CYS166,C1,C_or_S
1ml3.D,P22513,G3PG_TRYCR,CYS166,C1,C_or_S
1ms6.A,P25774,CATS_HUMAN,CYS25,C,C_or_S
1nbp.A,P60568,IL2_HUMAN,CYS31,S1,C_or_S
1nlj.A,P43235,CATK_HUMAN,CYS25,C07,C_or_S
1nlj.B,P43235,CATK_HUMAN,CYS25,C07,C_or_S
1nme.A,P42574,CASP3_HUMAN,CYS163,C1,C_or_S
1nmq.B,P42574,CASP3_HUMAN,CYS163,C1,C_or_S
1nmq.A,P42574,CASP3_HUMAN,CYS163,C1,C_or_S
1nms.B,P42574,CASP3_HUMAN,CYS163,C1,C_or_S
1nms.A,P42574,CASP3_HUMAN,CYS163,C1,C_or_S
1npz.B,P25774,CATS_HUMAN,CYS275,C18,C_or_S
1npz.A,P25774,CATS_HUMAN,CYS25,C18,C_or_S
1nqc.A,P25774,CATS_HUMAN,CYS25,C56,C_or_S
1o41.A,P12931,SRC_HUMAN,CYS44,C10,C_or_S
1o43.A,P12931,SRC_HUMAN,CYS44,C71,C_or_S
1o45.A,P12931,SRC_HUMAN,CYS44,C75,C_or_S
1o4a.A,P12931,SRC_HUMAN,CYS44,C71,C_or_S
1o4d.A,P12931,SRC_HUMAN,CYS44,C7,C_or_S
1o4e.A,P12931,SRC_HUMAN,CYS44,C11,C_or_S
1o4i.A,P12931,SRC_HUMAN,CYS44,C7,C_or_S
1o4k.A,P12931,SRC_HUMAN,CYS44,C7,C_or_S
1ofe.A,P55038,GLTS_SYNY3,CYS1,CE,C_or_S
1ofe.A,P55038,GLTS_SYNY3,CYS1137,FE1,other
1ofe.A,P55038,GLTS_SYNY3,CYS1143,FE3,other
1ofe.A,P55038,GLTS_SYNY3,CYS1148,FE4,other
1ofe.B,P55038,GLTS_SYNY3,CYS1137,FE4,other
1ofe.B,P55038,GLTS_SYNY3,CYS1143,FE3,other
1ofe.B,P55038,GLTS_SYNY3,CYS1148,FE1,other
1pe6.A,P00784,PAPA1_CARPA,CYS25,C2,C_or_S
1ppp.A,P00784,PAPA1_CARPA,CYS25,C2,C_or_S
1q6k.A,P43235,CATK_HUMAN,CYS25,C,C_or_S
1qa7.B,P08617,POLG_HAVHM,CYS172,CH3,C_or_S
1qa7.D,P08617,POLG_HAVHM,CYS172,CH3,C_or_S
1qa7.A,P08617,POLG_HAVHM,CYS172,CH3,C_or_S
1qa7.C,P08617,POLG_HAVHM,CYS172,CH3,C_or_S
1qdq.A,P07688,CATB_BOVIN,CYS29,C6,C_or_S
1qfm.A,P23687,PPCE_PIG,CYS78,S1,C_or_S
1qfm.A,P23687,PPCE_PIG,CYS532,S1,C_or_S
1qwz.A,Q2FZE3,SRTB_STAA8,CYS223,SD,C_or_S
1qxa.A,Q2FZE3,SRTB_STAA8,CYS223,SD,C_or_S
1re1.A,P42574,CASP3_HUMAN,CYS285,C4,C_or_S
1rwk.A,P29466,CASP1_HUMAN,CYS285,C1,C_or_S
1rwn.A,P29466,CASP1_HUMAN,CYS285,C18,C_or_S
1rwo.A,P29466,CASP1_HUMAN,CYS285,C31,C_or_S
1rwp.A,P29466,CASP1_HUMAN,CYS285,C20,C_or_S
1rwv.A,P29466,CASP1_HUMAN,CYS285,C36,C_or_S
1rwx.A,P29466,CASP1_HUMAN,CYS285,C31,C_or_S
1rxe.A,P0A006,ARSC_STAAU,CYS89,S5,C_or_S
1snk.A,P43235,CATK_HUMAN,CYS25,C26,C_or_S
1the.A,P00787,CATB_RAT,CYS29,C11,C_or_S
1the.B,P00787,CATB_RAT,CYS29,C11,C_or_S
1tlo.A,P97571,CAN1_RAT,CYS115,C2,C_or_S
1trg.A,P0A884,TYSY_ECOLI,CYS146,C6,C_or_S
1tu6.A,P43235,CATK_HUMAN,CYS139,C23,C_or_S
1tu6.B,P43235,CATK_HUMAN,CYS139,C23,C_or_S
1u9v.A,P43235,CATK_HUMAN,CYS25,C27,C_or_S
1u9w.A,P43235,CATK_HUMAN,CYS25,C26,C_or_S
1u9x.A,P43235,CATK_HUMAN,CYS25,C12,C_or_S
1vsn.A,P43235,CATK_HUMAN,CYS25,C44,C_or_S
1vze.A,P00469,TYSY_LACCA,CYS198,C6,C_or_S
1wof.A,P0C6X7,R1AB_SARS,CYS145,C21,C_or_S
1wof.B,P0C6X7,R1AB_SARS,CYS145,C21,C_or_S
1x83.B,Q46822,IDI_ECOLI,CYS67,C5,C_or_S
1x83.A,Q46822,IDI_ECOLI,CYS67,C5,C_or_S
1xlu.A,P06276,CHLE_HUMAN,CYS65,N,other
1xlv.A,P06276,CHLE_HUMAN,CYS65,N,other
1yk7.A,P43235,CATK_HUMAN,CYS25,C25,C_or_S
1yt7.A,P43235,CATK_HUMAN,CYS25,C31,C_or_S
1zcm.A,P07384,CAN1_HUMAN,CYS115,C32,C_or_S
207l.A,P61626,LYSC_HUMAN,CYS95,SG,C_or_S
2a4o.A,P13901,POLG_HAVMB,CYS172,CH3,C_or_S
2a5i.A,P0C6X7,R1AB_SARS,CYS145,CBM,C_or_S
2a5k.B,P0C6X7,R1AB_SARS,CYS145,CBM,C_or_S
2a5k.A,P0C6X7,R1AB_SARS,CYS145,CBM,C_or_S
2aaz.E,P0CS12,TYSY_CRYNJ,CYS187,C6,C_or_S
2aaz.I,P0CS12,TYSY_CRYNJ,CYS187,C6,C_or_S
2aaz.H,P0CS12,TYSY_CRYNJ,CYS187,C6,C_or_S
2aaz.K,P0CS12,TYSY_CRYNJ,CYS187,C6,C_or_S
2aaz.L,P0CS12,TYSY_CRYNJ,CYS187,C6,C_or_S
2aaz.P,P0CS12,TYSY_CRYNJ,CYS187,C6,C_or_S
2aaz.B,P0CS12,TYSY_CRYNJ,CYS187,C6,C_or_S
2aaz.M,P0CS12,TYSY_CRYNJ,CYS187,C6,C_or_S
2aaz.F,P0CS12,TYSY_CRYNJ,CYS187,C6,C_or_S
2aaz.O,P0CS12,TYSY_CRYNJ,CYS187,C6,C_or_S
2aaz.A,P0CS12,TYSY_CRYNJ,CYS187,C6,C_or_S
2aaz.D,P0CS12,TYSY_CRYNJ,CYS187,C6,C_or_S
2aaz.N,P0CS12,TYSY_CRYNJ,CYS187,C6,C_or_S
2aaz.J,P0CS12,TYSY_CRYNJ,CYS187,C6,C_or_S
2aaz.G,P0CS12,TYSY_CRYNJ,CYS187,C6,C_or_S
2aaz.C,P0CS12,TYSY_CRYNJ,CYS187,C6,C_or_S
2aim.A,P25779,CYSP_TRYCR,CYS25,CM,C_or_S
2alv.A,P0C6X7,R1AB_SARS,CYS145,C33,C_or_S
2amd.A,P0C6X7,R1AB_SARS,CYS145,C23,C_or_S
2amd.B,P0C6X7,R1AB_SARS,CYS145,C23,C_or_S
2aux.A,P43235,CATK_HUMAN,CYS25,C6,C_or_S
2auz.A,P43235,CATK_HUMAN,CYS25,C6,C_or_S
2awz.B,P26663,POLG_HCVBK,CYS366,C1,C_or_S
2awz.A,P26663,POLG_HCVBK,CYS366,C1,C_or_S
2ax0.B,P26663,POLG_HCVBK,CYS366,C1,C_or_S
2ax0.A,P26663,POLG_HCVBK,CYS366,C1,C_or_S
2ax1.A,P26663,POLG_HCVBK,CYS366,C1,C_or_S
2ax1.B,P26663,POLG_HCVBK,CYS366,C1,C_or_S
2bdl.A,P43235,CATK_HUMAN,CYS25,C19,C_or_S
2bfg.D,Q9ZFM2,XYNB_GEOSE,CYS201,O21,other
2c1e.A,P42574,CASP3_HUMAN,CYS163,C11,C_or_S
2c2k.A,P42574,CASP3_HUMAN,CYS163,C11,C_or_S
2c2m.A,P42574,CASP3_HUMAN,CYS163,C2,C_or_S
2c2o.A,P42574,CASP3_HUMAN,CYS163,C10,C_or_S
2c2z.A,Q14790,CASP8_HUMAN,CYS360,C10,C_or_S
2cdr.A,P42574,CASP3_HUMAN,CYS163,C9,C_or_S
2ce2.X,P01112,RASH_HUMAN,CYS32,C19,C_or_S
2cl0.X,P01112,RASH_HUMAN,CYS32,C19,C_or_S
2cl6.X,P01112,RASH_HUMAN,CYS32,C19,C_or_S
2cl7.X,P01112,RASH_HUMAN,CYS32,C19,C_or_S
2clc.X,P01112,RASH_HUMAN,CYS32,C19,C_or_S
2cnk.A,P42574,CASP3_HUMAN,CYS163,C2,C_or_S
2cnl.A,P42574,CASP3_HUMAN,CYS163,C10,C_or_S
2cnn.A,P42574,CASP3_HUMAN,CYS163,C9,C_or_S
2cno.A,P42574,CASP3_HUMAN,CYS163,C3,C_or_S
2dc6.A,P07688,CATB_BOVIN,CYS29,C2,C_or_S
2dc7.A,P07688,CATB_BOVIN,CYS29,C3,C_or_S
2dc8.A,P07688,CATB_BOVIN,CYS29,C3,C_or_S
2dc9.A,P07688,CATB_BOVIN,CYS29,C3,C_or_S
2dca.A,P07688,CATB_BOVIN,CYS29,C3,C_or_S
2dcb.A,P07688,CATB_BOVIN,CYS29,C3,C_or_S
2dcc.A,P07688,CATB_BOVIN,CYS29,C2,C_or_S
2dcd.A,P07688,CATB_BOVIN,CYS29,C3,C_or_S
2djf.B,P53634,CATC_HUMAN,CYS234,C2,C_or_S
2dys.B,P68530,COX2_BOVIN,CYS200,CU2,other
2dys.B,P68530,COX2_BOVIN,CYS196,CU1,other
2dys.O,P68530,COX2_BOVIN,CYS196,CU1,other
2dys.O,P68530,COX2_BOVIN,CYS200,CU2,other
2evw.X,P01112,RASH_HUMAN,CYS32,C19,C_or_S
2f7d.A,P43236,CATK_RABIT,CYS25,C20,C_or_S
2fir.L,P08709,FA7_HUMAN,CYS17,C,C_or_S
2fq9.A,P25774,CATS_HUMAN,CYS25,C32,C_or_S
2fq9.B,P25774,CATS_HUMAN,CYS25,C32,C_or_S
2fra.A,P25774,CATS_HUMAN,CYS25,C16,C_or_S
2fra.B,P25774,CATS_HUMAN,CYS25,C16,C_or_S
2frq.A,P25774,CATS_HUMAN,CYS25,C16,C_or_S
2frq.B,P25774,CATS_HUMAN,CYS25,C16,C_or_S
2ft2.A,P25774,CATS_HUMAN,CYS25,C31,C_or_S
2ft2.B,P25774,CATS_HUMAN,CYS25,C31,C_or_S
2fud.B,P25774,CATS_HUMAN,CYS25,C9,C_or_S
2fud.A,P25774,CATS_HUMAN,CYS25,C9,C_or_S
2fye.A,P25774,CATS_HUMAN,CYS25,CT,C_or_S
2g6d.A,P25774,CATS_HUMAN,CYS25,CT,C_or_S
2g8e.A,P97571,CAN1_RAT,CYS115,CAX,C_or_S
2g8j.A,P97571,CAN1_RAT,CYS115,C1,C_or_S
2gke.A,P44859,DAPF_HAEIN,CYS73,CAN,C_or_S
2gkj.A,P44859,DAPF_HAEIN,CYS217,CAN,C_or_S
2gtb.A,P0C6X7,R1AB_SARS,CYS145,CBM,C_or_S
2gx4.A,P0C6X7,R1AB_SARS,CYS145,C35,C_or_S
2gyd.A,P02791,FRIL_HORSE,CYS126,CD,C_or_S
2gz3.C,A0A0H2UPS5,A0A0H2UPS5_STRPN,CYS128,CG,C_or_S
2gz3.A,A0A0H2UPS5,A0A0H2UPS5_STRPN,CYS128,CG,C_or_S
2gz3.B,A0A0H2UPS5,A0A0H2UPS5_STRPN,CYS128,CG,C_or_S
2gz3.D,A0A0H2UPS5,A0A0H2UPS5_STRPN,CYS128,CG,C_or_S
2h6m.A,P08617,POLG_HAVHM,CYS172,C,C_or_S
2h9h.A,P08617,POLG_HAVHM,CYS172,C,C_or_S
2hal.A,P08617,POLG_HAVHM,CYS172,C1,C_or_S
2hob.A,P0C6X7,R1AB_SARS,CYS145,C20,C_or_S
2hwo.A,P00523,SRC_CHICK,CYS345,C51,C_or_S
2hwo.B,P00523,SRC_CHICK,CYS345,C51,C_or_S
2hwp.B,P00523,SRC_CHICK,CYS345,C51,C_or_S
2hwp.A,P00523,SRC_CHICK,CYS345,C51,C_or_S
2hxz.A,P25774,CATS_HUMAN,CYS25,C,C_or_S
2hxz.C,P25774,CATS_HUMAN,CYS25,C,C_or_S
2hxz.B,P25774,CATS_HUMAN,CYS25,C,C_or_S
2ijn.A,Q99AU2,Q99AU2_9HEPC,CYS366,S14,C_or_S
2ijn.B,Q99AU2,Q99AU2_9HEPC,CYS366,S14,C_or_S
2iph.A,Q04544,POLG_SOUV3,CYS1139,C30,C_or_S
2iph.B,Q04544,POLG_SOUV3,CYS2139,C30,C_or_S
2ipp.A,P07858,CATB_HUMAN,CYS29,S2,C_or_S
2j6h.A,P17169,GLMS_ECOLI,CYS1,CE,C_or_S
2j6h.B,P17169,GLMS_ECOLI,CYS1,CE,C_or_S
2kid.A,Q9S446,Q9S446_STAAU,CYS184,SG,C_or_S
2lp8.B,Q16611,BAK_HUMAN,CYS1003,C1,C_or_S
2lp8.B,Q16611,BAK_HUMAN,CYS1014,C20,C_or_S
2m0z.A,Q12923,PTN13_HUMAN,CYS22,C1,C_or_S
2m0z.A,Q12923,PTN13_HUMAN,CYS77,C20,C_or_S
2m10.A,Q12923,PTN13_HUMAN,CYS22,C1,C_or_S
2m10.A,Q12923,PTN13_HUMAN,CYS77,C20,C_or_S
2nqg.A,P97571,CAN1_RAT,CYS115,CBT,C_or_S
2nqi.A,P97571,CAN1_RAT,CYS115,CBS,C_or_S
2o7q.A,Q9SQT8,DHQSD_ARATH,CYS392,C,C_or_S
2o7s.A,Q9SQT8,DHQSD_ARATH,CYS392,C,C_or_S
2op3.A,P25774,CATS_HUMAN,CYS25,C17,C_or_S
2op3.B,P25774,CATS_HUMAN,CYS25,C17,C_or_S
2oz2.C,P25779,CYSP_TRYCR,CYS25,C27,C_or_S
2oz2.A,P25779,CYSP_TRYCR,CYS25,C27,C_or_S
2p7u.A,Q95PM0,Q95PM0_TRYBR,CYS25,C27,C_or_S
2p86.A,Q95PM0,Q95PM0_TRYBR,CYS25,C22,C_or_S
2qlq.A,P00523,SRC_CHICK,CYS345,C51,C_or_S
2qlq.A,P00523,SRC_CHICK,CYS483,C51,C_or_S
2qlq.B,P00523,SRC_CHICK,CYS345,C51,C_or_S
2qny.A,P9WNG3,FABH_MYCTU,CYS112,C1,C_or_S
2qny.A,P9WNG3,FABH_MYCTU,CYS154,S2,C_or_S
2qny.A,P9WNG3,FABH_MYCTU,CYS23,S2,C_or_S
2qny.B,P9WNG3,FABH_MYCTU,CYS112,C1,C_or_S
2qny.B,P9WNG3,FABH_MYCTU,CYS23,S2,C_or_S
2qnz.B,P9WNG3,FABH_MYCTU,CYS112,C1,C_or_S
2qnz.B,P9WNG3,FABH_MYCTU,CYS154,S2,C_or_S
2qnz.A,P9WNG3,FABH_MYCTU,CYS112,C1,C_or_S
2qnz.A,P9WNG3,FABH_MYCTU,CYS154,S2,C_or_S
2qo0.A,P9WNG3,FABH_MYCTU,CYS112,S1,C_or_S
2qo0.B,P9WNG3,FABH_MYCTU,CYS112,S1,C_or_S
2qq7.B,P00523,SRC_CHICK,CYS345,C51,C_or_S
2qq7.A,P00523,SRC_CHICK,CYS345,C51,C_or_S
2r6n.A,P43235,CATK_HUMAN,CYS25,C09,C_or_S
2r9f.A,P97571,CAN1_RAT,CYS115,CBM,C_or_S
2rl2.A,P45025,MURA_HAEIN,CYS117,C2,C_or_S
2rui.A,Q81V16,Q81V16_BACAN,CYS187,SG,C_or_S
2tod.B,P07805,DCOR_TRYBB,CYS360,CO,C_or_S
2tod.C,P07805,DCOR_TRYBB,CYS360,CO,C_or_S
2tod.A,P07805,DCOR_TRYBB,CYS360,CO,C_or_S
2tod.D,P07805,DCOR_TRYBB,CYS360,CO,C_or_S
2uzj.B,P0C0J0,SPEB_STRPY,CYS47,C2,C_or_S
2uzj.A,P0C0J0,SPEB_STRPY,CYS47,C2,C_or_S
2v6n.A,P0C6X7,R1AB_SARS,CYS145,CAC,C_or_S
2vv4.A,P37231,PPARG_HUMAN,CYS285,C8,C_or_S
2vv4.B,P37231,PPARG_HUMAN,CYS285,C10,C_or_S
2wsl.A,P06276,CHLE_HUMAN,CYS65,N,other
2xlq.A,Q8GHB2,CLOQ_STRRC,CYS215,C2,C_or_S
2xm7.A,Q8GHB2,CLOQ_STRRC,CYS215,C2,C_or_S
2xu1.B,P07711,CATL1_HUMAN,CYS25,C15,C_or_S
2xu1.C,P07711,CATL1_HUMAN,CYS25,C15,C_or_S
2xu1.A,P07711,CATL1_HUMAN,CYS25,C15,C_or_S
2xu1.D,P07711,CATL1_HUMAN,CYS25,C15,C_or_S
2xu3.A,P07711,CATL1_HUMAN,CYS25,C19,C_or_S
2xu4.A,P07711,CATL1_HUMAN,CYS25,C5,C_or_S
2xu5.A,P07711,CATL1_HUMAN,CYS25,C5,C_or_S
2xyg.A,P42574,CASP3_HUMAN,CYS163,C22,C_or_S
2xyh.A,P42574,CASP3_HUMAN,CYS163,C91,C_or_S
2xyp.A,P42574,CASP3_HUMAN,CYS163,C91,C_or_S
2yj0.C,Q8VK10,Q8VK10_MYCTO,CYS59,C1,C_or_S
2yj0.E,Q8VK10,Q8VK10_MYCTO,CYS59,C1,C_or_S
2yj0.B,Q8VK10,Q8VK10_MYCTO,CYS59,C1,C_or_S
2yj0.A,Q8VK10,Q8VK10_MYCTO,CYS59,C1,C_or_S
2yj0.D,Q8VK10,Q8VK10_MYCTO,CYS59,C1,C_or_S
2yj0.F,Q8VK10,Q8VK10_MYCTO,CYS59,C1,C_or_S
2yj2.A,P07711,CATL1_HUMAN,CYS25,C18,C_or_S
2yj8.A,P07711,CATL1_HUMAN,CYS25,C18,C_or_S
2yj9.A,P07711,CATL1_HUMAN,CYS25,C5,C_or_S
2yjb.A,P07711,CATL1_HUMAN,CYS25,C5,C_or_S
2yjc.A,P07711,CATL1_HUMAN,CYS25,C15,C_or_S
2ynb.A,P0C6T4,R1A_BCHK4,CYS148,NI,other
2ynb.A,P0C6T4,R1A_BCHK4,CYS145,NI,other
2ynb.B,P0C6T4,R1A_BCHK4,CYS148,C63,C_or_S
2zk2.A,P37231,PPARG_HUMAN,CYS285,C8,C_or_S
2zk5.A,P37231,PPARG_HUMAN,CYS285,C8,C_or_S
2zk5.B,P37231,PPARG_HUMAN,CYS285,C8,C_or_S
2zu3.A,P03313,POLG_CXB3N,CYS147,C63,C_or_S
2zu4.A,P0C6X7,R1AB_SARS,CYS145,C63,C_or_S
2zu5.A,P0C6X7,R1AB_SARS,CYS145,C11,C_or_S
3adw.A,P37231,PPARG_HUMAN,CYS285,C9,C_or_S
3adw.B,P37231,PPARG_HUMAN,CYS285,C9,C_or_S
3adx.A,P37231,PPARG_HUMAN,CYS285,C8,C_or_S
3b0r.A,P37231,PPARG_HUMAN,CYS285,C9,C_or_S
3b0r.B,P37231,PPARG_HUMAN,CYS285,C9,C_or_S
3b9h.A,P0A884,TYSY_ECOLI,CYS146,C6,C_or_S
3bhl.B,P0A884,TYSY_ECOLI,CYS146,C6,C_or_S
3bhl.A,P0A884,TYSY_ECOLI,CYS146,C6,C_or_S
3bhr.A,P0A884,TYSY_ECOLI,CYS146,C6,C_or_S
3blt.A,P15273,YOPH_YEREN,CYS403,C8,C_or_S
3blu.A,P15273,YOPH_YEREN,CYS403,C8,C_or_S
3c9w.B,P63086,MK01_RAT,CYS164,C11,C_or_S
3c9w.A,P63086,MK01_RAT,CYS164,C11,C_or_S
3cmc.P,P00362,G3P_GEOSE,CYS149,C1,C_or_S
3cmc.Q,P00362,G3P_GEOSE,CYS149,C1,C_or_S
3cmc.R,P00362,G3P_GEOSE,CYS149,C1,C_or_S
3cmc.O,P00362,G3P_GEOSE,CYS149,C1,C_or_S
3d1l.B,Q5LAQ6,Q5LAQ6_BACFN,CYS179,S3,C_or_S
3d1l.A,Q5LAQ6,Q5LAQ6_BACFN,CYS179,S3,C_or_S
3dks.C,P52235,DSBA_SHIFL,CYS30,C4,C_or_S
3dks.D,P52235,DSBA_SHIFL,CYS30,C4,C_or_S
3dla.C,P9WJJ3,NADE_MYCTU,CYS176,CE,C_or_S
3dla.B,P9WJJ3,NADE_MYCTU,CYS176,CE,C_or_S
3dla.A,P9WJJ3,NADE_MYCTU,CYS176,CE,C_or_S
3dla.D,P9WJJ3,NADE_MYCTU,CYS176,CE,C_or_S
3frz.A,P26663,POLG_HCVBK,CYS223,S2,C_or_S
3frz.A,P26663,POLG_HCVBK,CYS14,C15,C_or_S
3gcd.B,Q9KS12,MARTX_VIBCH,CYS140,CAG,C_or_S
3gcd.C,Q9KS12,MARTX_VIBCH,CYS140,CAG,C_or_S
3gcd.A,Q9KS12,MARTX_VIBCH,CYS140,CAG,C_or_S
3gcd.D,Q9KS12,MARTX_VIBCH,CYS140,CAG,C_or_S
3h0e.A,P42574,CASP3_HUMAN,CYS163,C5,C_or_S
3h0e.B,P42574,CASP3_HUMAN,CYS163,C5,C_or_S
3hd3.A,P25779,CYSP_TRYCR,CYS25,C10,C_or_S
3hd3.B,P25779,CYSP_TRYCR,CYS25,C10,C_or_S
3hha.D,P07711,CATL1_HUMAN,CYS25,C14,C_or_S
3hha.C,P07711,CATL1_HUMAN,CYS25,C14,C_or_S
3hha.B,P07711,CATL1_HUMAN,CYS25,C14,C_or_S
3hha.A,P07711,CATL1_HUMAN,CYS25,C14,C_or_S
3hhi.B,Q6R7Z5,Q6R7Z5_9TRYP,CYS122,C6,C_or_S
3hhi.A,Q6R7Z5,Q6R7Z5_9TRYP,CYS122,C6,C_or_S
3hwn.D,P07711,CATL1_HUMAN,CYS25,C24,C_or_S
3hwn.C,P07711,CATL1_HUMAN,CYS25,C24,C_or_S
3hwn.A,P07711,CATL1_HUMAN,CYS25,C24,C_or_S
3hwn.B,P07711,CATL1_HUMAN,CYS25,C24,C_or_S
3i06.A,P25779,CYSP_TRYCR,CYS25,CAS,C_or_S
3i4a.A,O94760,DDAH1_HUMAN,CYS274,CZ,C_or_S
3i4a.B,O94760,DDAH1_HUMAN,CYS274,CZ,C_or_S
3ioq.A,Q84XA1,Q84XA1_VASCU,CYS25,C2,C_or_S
3iut.A,P25779,CYSP_TRYCR,CYS25,C22,C_or_S
3khu.B,O60701,UGDH_HUMAN,CYS276,C6',C_or_S
3khu.E,O60701,UGDH_HUMAN,CYS276,C6',C_or_S
3khu.C,O60701,UGDH_HUMAN,CYS276,C6',C_or_S
3khu.D,O60701,UGDH_HUMAN,CYS276,C6',C_or_S
3khu.F,O60701,UGDH_HUMAN,CYS276,C6',C_or_S
3khu.A,O60701,UGDH_HUMAN,CYS276,C6',C_or_S
3kjf.A,P42574,CASP3_HUMAN,CYS163,C1,C_or_S
3kjn.A,Q14790,CASP8_HUMAN,CYS360,C1,C_or_S
3kjq.A,Q14790,CASP8_HUMAN,CYS360,C1,C_or_S
3kne.A,P00918,CAH2_HUMAN,CYS64,S2,C_or_S
3kr6.A,P0A749,MURA_ECOLI,CYS115,C1,C_or_S
3kw9.A,P43235,CATK_HUMAN,CYS25,C9,C_or_S
3kwb.X,P43235,CATK_HUMAN,CYS1025,C14,C_or_S
3kwb.Y,P43235,CATK_HUMAN,CYS2025,C14,C_or_S
3kwz.A,P43235,CATK_HUMAN,CYS25,C26,C_or_S
3lok.A,P00523,SRC_CHICK,CYS345,C51,C_or_S
3lok.B,P00523,SRC_CHICK,CYS345,C51,C_or_S
3lth.A,P33038,MURA_ENTCC,CYS115,C1,C_or_S
3lxs.A,P25779,CYSP_TRYCR,CYS25,C27,C_or_S
3lxs.C,P25779,CYSP_TRYCR,CYS25,C27,C_or_S
3m2z.A,P00918,CAH2_HUMAN,CYS64,S12,C_or_S
3m5t.A,P00918,CAH2_HUMAN,CYS64,S20,C_or_S
3n3g.B,P25774,CATS_HUMAN,CYS25,N19,other
3n4c.B,P25774,CATS_HUMAN,CYS25,C26,C_or_S
3n4c.A,P25774,CATS_HUMAN,CYS25,C26,C_or_S
3npl.A,P14779,CPXB_BACMB,CYS400,FE,other
3npl.B,P14779,CPXB_BACMB,CYS400,FE,other
3npl.B,P14779,CPXB_BACMB,CYS97,C49,C_or_S
3o1g.A,P43235,CATK_HUMAN,CYS25,C7,C_or_S
3o6t.C,P9WG67,THIO_MYCTU,CYS37,C15,C_or_S
3o6t.A,P9WG67,THIO_MYCTU,CYS37,C15,C_or_S
3of8.A,P07711,CATL1_HUMAN,CYS26,C21,C_or_S
3of9.A,P07711,CATL1_HUMAN,CYS26,C31,C_or_S
3orx.A,O15530,PDPK1_HUMAN,CYS148,SD,C_or_S
3orx.C,O15530,PDPK1_HUMAN,CYS148,SD,C_or_S
3orx.B,O15530,PDPK1_HUMAN,CYS148,SD,C_or_S
3orx.F,O15530,PDPK1_HUMAN,CYS148,SD,C_or_S
3orx.D,O15530,PDPK1_HUMAN,CYS148,SD,C_or_S
3orx.G,O15530,PDPK1_HUMAN,CYS148,SD,C_or_S
3orx.E,O15530,PDPK1_HUMAN,CYS148,SD,C_or_S
3orx.H,O15530,PDPK1_HUMAN,CYS148,SD,C_or_S
3orz.C,O15530,PDPK1_HUMAN,CYS148,SD,C_or_S
3orz.D,O15530,PDPK1_HUMAN,CYS148,SD,C_or_S
3orz.B,O15530,PDPK1_HUMAN,CYS148,SD,C_or_S
3orz.A,O15530,PDPK1_HUMAN,CYS148,SD,C_or_S
3otu.A,O15530,PDPK1_HUMAN,CYS148,SD,C_or_S
3ovx.B,P25774,CATS_HUMAN,CYS25,C12,C_or_S
3ovx.A,P25774,CATS_HUMAN,CYS25,C12,C_or_S
3p8e.A,O94760,DDAH1_HUMAN,CYS274,CZ,C_or_S
3p8e.B,O94760,DDAH1_HUMAN,CYS274,CZ,C_or_S
3pa8.B,Q189K3,Q189K3_CLOD6,CYS155,CAC,C_or_S
3pa8.A,Q189K3,Q189K3_CLOD6,CYS155,CAC,C_or_S
3pdf.A,P53634,CATC_HUMAN,CYS234,C18,C_or_S
3q3y.B,Q5DSM6,Q5DSM6_9ENTO,CYS147,C06,C_or_S
3q3y.A,Q5DSM6,Q5DSM6_9ENTO,CYS147,C06,C_or_S
3qsd.A,Q8MNY2,Q8MNY2_SCHMA,CYS100,C6,C_or_S
3rhy.B,Q9I4E3,DDAH_PSEAE,CYS249,C4,C_or_S
3rhy.A,Q9I4E3,DDAH_PSEAE,CYS249,C4,C_or_S
3ruo.A,Q5DSM6,Q5DSM6_9ENTO,CYS147,C19,C_or_S
3ruo.B,Q5DSM6,Q5DSM6_9ENTO,CYS147,C19,C_or_S
3s19.A,Q9KTK0,QUEF_VIBCH,CYS194,C10,C_or_S
3s19.D,Q9KTK0,QUEF_VIBCH,CYS194,C10,C_or_S
3s19.B,Q9KTK0,QUEF_VIBCH,CYS194,C10,C_or_S
3s19.C,Q9KTK0,QUEF_VIBCH,CYS194,C10,C_or_S
3s3j.A,P21980,TGM2_HUMAN,CYS277,C6,C_or_S
3s3q.A,Q8MNY2,Q8MNY2_SCHMA,CYS100,C18,C_or_S
3sji.A,C8CIL7,C8CIL7_9ENTO,CYS147,C19,C_or_S
3sjo.H,E0WWC7,E0WWC7_HE71,CYS147,C19,C_or_S
3sjo.D,E0WWC7,E0WWC7_HE71,CYS147,C19,C_or_S
3sjo.A,E0WWC7,E0WWC7_HE71,CYS147,C19,C_or_S
3sjo.B,E0WWC7,E0WWC7_HE71,CYS147,C19,C_or_S
3sjo.E,E0WWC7,E0WWC7_HE71,CYS147,C19,C_or_S
3sjo.C,E0WWC7,E0WWC7_HE71,CYS147,C19,C_or_S
3sjo.F,E0WWC7,E0WWC7_HE71,CYS147,C19,C_or_S
3sjo.G,E0WWC7,E0WWC7_HE71,CYS147,C19,C_or_S
3sn8.A,P0C6U8,R1A_SARS,CYS145,C,C_or_S
3svv.B,P00523,SRC_CHICK,CYS338,C18,C_or_S
3svv.A,P00523,SRC_CHICK,CYS338,C18,C_or_S
3sz9.D,P05091,ALDH2_HUMAN,CYS302,C11,C_or_S
3sz9.H,P05091,ALDH2_HUMAN,CYS302,C11,C_or_S
3sz9.F,P05091,ALDH2_HUMAN,CYS302,C11,C_or_S
3sz9.E,P05091,ALDH2_HUMAN,CYS302,C11,C_or_S
3sz9.A,P05091,ALDH2_HUMAN,CYS302,C11,C_or_S
3sz9.G,P05091,ALDH2_HUMAN,CYS302,C11,C_or_S
3sz9.C,P05091,ALDH2_HUMAN,CYS302,C11,C_or_S
3sz9.B,P05091,ALDH2_HUMAN,CYS302,C11,C_or_S
3szb.A,P30838,AL3A1_HUMAN,CYS243,C9,C_or_S
3szb.B,P30838,AL3A1_HUMAN,CYS243,C9,C_or_S
3szn.A,P0C6X7,R1AB_SARS,CYS145,C63,C_or_S
3t9t.A,Q08881,ITK_HUMAN,CYS442,C28,C_or_S
3tit.A,P0C6X7,R1AB_SARS,CYS145,C63,C_or_S
3tiu.A,P0C6X7,R1AB_SARS,CYS145,C63,C_or_S
3tns.A,P0C6X7,R1AB_SARS,CYS145,C63,C_or_S
3tnt.A,P0C6X7,R1AB_SARS,CYS145,C63,C_or_S
3ur9.A,Q83883,POLG_NVN68,CYS139,C21,C_or_S
3ur9.B,Q83883,POLG_NVN68,CYS139,C21,C_or_S
3uxj.C,Q9KTK0,QUEF_VIBCH,CYS194,C10,C_or_S
3uxj.B,Q9KTK0,QUEF_VIBCH,CYS194,C10,C_or_S
3uxj.A,Q9KTK0,QUEF_VIBCH,CYS194,C10,C_or_S
3uxj.D,Q9KTK0,QUEF_VIBCH,CYS194,C10,C_or_S
3v4x.A,Q9FD71,HMGCS_ENTFL,CYS111,C8,C_or_S
3v4x.C,Q9FD71,HMGCS_ENTFL,CYS111,C8,C_or_S
3v4x.D,Q9FD71,HMGCS_ENTFL,CYS111,C8,C_or_S
3v4x.B,Q9FD71,HMGCS_ENTFL,CYS111,C8,C_or_S
3vb4.A,P0C6U8,R1A_SARS,CYS145,C,C_or_S
3vb4.B,P0C6U8,R1A_SARS,CYS145,C,C_or_S
3vb5.B,P0C6U8,R1A_SARS,CYS145,C,C_or_S
3vb5.A,P0C6U8,R1A_SARS,CYS145,C,C_or_S
3vb6.A,P0C6U8,R1A_SARS,CYS145,C,C_or_S
3vb6.B,P0C6U8,R1A_SARS,CYS145,C,C_or_S
3vb7.A,P0C6U8,R1A_SARS,CYS145,C,C_or_S
3vb7.B,P0C6U8,R1A_SARS,CYS145,C,C_or_S
3vcy.B,B5F9P4,MURA_ALIFM,CYS116,C1,C_or_S
3vcy.D,B5F9P4,MURA_ALIFM,CYS116,C1,C_or_S
3vcy.C,B5F9P4,MURA_ALIFM,CYS116,C1,C_or_S
3vcy.A,B5F9P4,MURA_ALIFM,CYS116,C1,C_or_S
3vyp.B,I6Y9J2,LDT2_MYCTU,CYS354,C1,C_or_S
3vyp.A,I6Y9J2,LDT2_MYCTU,CYS354,C1,C_or_S
3w2p.A,P00533,EGFR_HUMAN,CYS797,C35,C_or_S
3w2q.A,P00533,EGFR_HUMAN,CYS797,CBT,C_or_S
3wjc.A,O64527,NB_ARATH,CYS96,C2A,C_or_S
3wjc.B,O64527,NB_ARATH,CYS96,C2A,C_or_S
3x1h.A,P37231,PPARG_HUMAN,CYS285,C15,C_or_S
3x1h.B,P37231,PPARG_HUMAN,CYS285,C15,C_or_S
3x1i.B,P37231,PPARG_HUMAN,CYS285,C15,C_or_S
3x1i.A,P37231,PPARG_HUMAN,CYS285,C15,C_or_S
3zgp.A,Q3Y185,Q3Y185_ENTFD,CYS442,CAA,C_or_S
3zv9.A,A1E4A3,A1E4A3_HED68,CYS147,C63,C_or_S
3zva.A,A1E4A3,A1E4A3_HED68,CYS147,C63,C_or_S
3zvc.A,A1E4A3,A1E4A3_HED68,CYS147,C63,C_or_S
3zvd.A,A1E4A3,A1E4A3_HED68,CYS147,C63,C_or_S
3zve.A,A1E4A3,A1E4A3_HED68,CYS147,C63,C_or_S
3zvf.A,A1E4A3,A1E4A3_HED68,CYS147,C63,C_or_S
3zvg.A,A1E4A3,A1E4A3_HED68,CYS147,C63,C_or_S
3zz5.A,Q5UEA2,Q5UEA2_9ENTO,CYS147,C63,C_or_S
3zz6.A,Q5UEA2,Q5UEA2_9ENTO,CYS147,C63,C_or_S
3zz7.A,Q5UEA2,Q5UEA2_9ENTO,CYS147,C63,C_or_S
3zz8.A,Q5UEA2,Q5UEA2_9ENTO,CYS147,C63,C_or_S
3zz9.A,Q5UEA2,Q5UEA2_9ENTO,CYS147,C63,C_or_S
3zza.A,Q5UEA2,Q5UEA2_9ENTO,CYS147,C63,C_or_S
3zzb.A,Q5UEA2,Q5UEA2_9ENTO,CYS147,C63,C_or_S
3zzc.A,Q5UEA2,Q5UEA2_9ENTO,CYS147,C63,C_or_S
3zzd.A,Q5UEA2,Q5UEA2_9ENTO,CYS147,C63,C_or_S
4a52.A,O34816,YKUD_BACSU,CYS142,C7,C_or_S
4bqv.F,O70370,CATS_MOUSE,CYS147,C18,C_or_S
4bqv.A,O70370,CATS_MOUSE,CYS147,C18,C_or_S
4bqv.D,O70370,CATS_MOUSE,CYS147,C18,C_or_S
4bqv.H,O70370,CATS_MOUSE,CYS147,C18,C_or_S
4bqv.C,O70370,CATS_MOUSE,CYS147,C18,C_or_S
4bqv.E,O70370,CATS_MOUSE,CYS147,C18,C_or_S
4bqv.G,O70370,CATS_MOUSE,CYS147,C18,C_or_S
4bqv.B,O70370,CATS_MOUSE,CYS147,C18,C_or_S
4bs5.A,O70370,CATS_MOUSE,CYS147,C12,C_or_S
4bs6.A,O70370,CATS_MOUSE,CYS147,C20,C_or_S
4bs6.B,O70370,CATS_MOUSE,CYS147,C20,C_or_S
4bsq.A,O70370,CATS_MOUSE,CYS147,C14,C_or_S
4c5l.A,A0A0H3JTP0,A0A0H3JTP0_STAAM,CYS110,C4A,C_or_S
4c5l.D,A0A0H3JTP0,A0A0H3JTP0_STAAM,CYS110,C4A,C_or_S
4c5l.C,A0A0H3JTP0,A0A0H3JTP0_STAAM,CYS110,C4A,C_or_S
4cia.A,P10619,PPGB_HUMAN,CYS375,CD,C_or_S
4cl8.A,O76290,O76290_TRYBB,CYS168,CAF,C_or_S
4cl8.D,O76290,O76290_TRYBB,CYS168,CAF,C_or_S
4cl8.B,O76290,O76290_TRYBB,CYS168,CAF,C_or_S
4cl8.C,O76290,O76290_TRYBB,CYS168,CAF,C_or_S
4cm5.A,O76290,O76290_TRYBB,CYS168,CAV,C_or_S
4cm5.D,O76290,O76290_TRYBB,CYS168,CAV,C_or_S
4cm5.B,O76290,O76290_TRYBB,CYS168,CAV,C_or_S
4cm5.C,O76290,O76290_TRYBB,CYS168,CAV,C_or_S
4cyg.A,O95497,VNN1_HUMAN,CYS211,C12,C_or_S
4cyg.B,O95497,VNN1_HUMAN,CYS211,C12,C_or_S
4d9u.A,P51812,KS6A3_HUMAN,CYS436,C11,C_or_S
4dcd.A,P03300,POLG_POL1M,CYS147,C21,C_or_S
4dmx.A,P43235,CATK_HUMAN,CYS25,C28,C_or_S
4dmy.A,P43235,CATK_HUMAN,CYS25,C29,C_or_S
4dmy.B,P43235,CATK_HUMAN,CYS25,C29,C_or_S
4dwq.A,O59245,RTCB_PYRHO,CYS98,MN,other
4ef8.A,Q4QEW7,Q4QEW7_LEIMA,CYS150,C4,C_or_S
4ef8.B,Q4QEW7,Q4QEW7_LEIMA,CYS150,C4,C_or_S
4ef9.A,Q4QEW7,Q4QEW7_LEIMA,CYS150,C4,C_or_S
4ef9.B,Q4QEW7,Q4QEW7_LEIMA,CYS150,C4,C_or_S
4etp.B,Q12045,VIK1_YEAST,CYS355,C1,C_or_S
4etp.B,Q12045,VIK1_YEAST,CYS423,C8,C_or_S
4f49.B,P0C6V2,R1A_CVPPU,CYS144,C21,C_or_S
4f49.C,P0C6V2,R1A_CVPPU,CYS144,C21,C_or_S
4f49.A,P0C6V2,R1A_CVPPU,CYS144,C21,C_or_S
4f49.D,P0C6V2,R1A_CVPPU,CYS144,C21,C_or_S
4f8b.D,O31678,QUEF_BACSU,CYS55,C77,C_or_S
4f8b.C,O31678,QUEF_BACSU,CYS55,C77,C_or_S
4f8b.B,O31678,QUEF_BACSU,CYS55,C77,C_or_S
4f8b.E,O31678,QUEF_BACSU,CYS55,C77,C_or_S
4fdn.A,P9WJF1,DPRE1_MYCTU,CYS387,N8,other
4gev.B,P0A884,TYSY_ECOLI,CYS146,C6,C_or_S
4gev.A,P0A884,TYSY_ECOLI,CYS146,C6,C_or_S
4ght.B,A9XG43,A9XG43_HE71,CYS147,C19,C_or_S
4ght.A,A9XG43,A9XG43_HE71,CYS147,C19,C_or_S
4gmx.C,P30822,XPO1_YEAST,CYS539,C3,C_or_S
4gpt.C,P30822,XPO1_YEAST,CYS539,C7,C_or_S
4gs6.A,O43318,M3K7_HUMAN,CYS174,C42,C_or_S
4gs6.A,Q15750,TAB1_HUMAN,CYS174,C42,C_or_S
4hat.C,P30822,XPO1_YEAST,CYS539,C3,C_or_S
4hau.C,P30822,XPO1_YEAST,CYS539,C3,C_or_S
4hav.C,P30822,XPO1_YEAST,CYS539,C3,C_or_S
4haw.C,P30822,XPO1_YEAST,CYS539,C3,C_or_S
4hax.C,P30822,XPO1_YEAST,CYS539,C3,C_or_S
4hay.C,P30822,XPO1_YEAST,CYS539,C3,C_or_S
4haz.C,P30822,XPO1_YEAST,CYS539,C3,C_or_S
4hb0.C,P30822,XPO1_YEAST,CYS539,C3,C_or_S
4hb4.C,P30822,XPO1_YEAST,CYS539,C3,C_or_S
4hcu.A,Q08881,ITK_HUMAN,CYS442,C25,C_or_S
4hcv.A,Q08881,ITK_HUMAN,CYS442,C25,C_or_S
4hg3.A,P47016,NIT2_YEAST,CYS169,C5,C_or_S
4hg3.D,P47016,NIT2_YEAST,CYS169,C5,C_or_S
4hg3.B,P47016,NIT2_YEAST,CYS169,C5,C_or_S
4hg3.C,P47016,NIT2_YEAST,CYS169,C5,C_or_S
4hg5.C,P47016,NIT2_YEAST,CYS169,C1,C_or_S
4hg5.B,P47016,NIT2_YEAST,CYS169,C1,C_or_S
4hg5.D,P47016,NIT2_YEAST,CYS169,C1,C_or_S
4hg5.A,P47016,NIT2_YEAST,CYS169,C1,C_or_S
4i1p.C,Q9UDY8,MALT1_HUMAN,CYS464,C7,C_or_S
4i1p.A,Q9UDY8,MALT1_HUMAN,CYS464,C7,C_or_S
4i24.A,P00533,EGFR_HUMAN,CYS797,C23,C_or_S
4i24.B,P00533,EGFR_HUMAN,CYS797,C23,C_or_S
4i3u.E,Q92UV7,PHNY_RHIME,CYS291,C2,C_or_S
4i3u.F,Q92UV7,PHNY_RHIME,CYS291,C2,C_or_S
4i3u.B,Q92UV7,PHNY_RHIME,CYS291,C2,C_or_S
4i3u.G,Q92UV7,PHNY_RHIME,CYS291,C2,C_or_S
4i3u.A,Q92UV7,PHNY_RHIME,CYS291,C2,C_or_S
4i3u.D,Q92UV7,PHNY_RHIME,CYS291,C2,C_or_S
4i3u.H,Q92UV7,PHNY_RHIME,CYS291,C2,C_or_S
4i3u.C,Q92UV7,PHNY_RHIME,CYS291,C2,C_or_S
4i3v.A,Q92UV7,PHNY_RHIME,CYS291,C2,C_or_S
4i3v.E,Q92UV7,PHNY_RHIME,CYS291,C2,C_or_S
4i3v.C,Q92UV7,PHNY_RHIME,CYS291,C2,C_or_S
4i3v.G,Q92UV7,PHNY_RHIME,CYS291,C2,C_or_S
4i3v.F,Q92UV7,PHNY_RHIME,CYS291,C2,C_or_S
4i3v.H,Q92UV7,PHNY_RHIME,CYS291,C2,C_or_S
4i3v.B,Q92UV7,PHNY_RHIME,CYS291,C2,C_or_S
4i3v.D,Q92UV7,PHNY_RHIME,CYS291,C2,C_or_S
4i3w.E,Q92UV7,PHNY_RHIME,CYS291,C1,C_or_S
4i3w.A,Q92UV7,PHNY_RHIME,CYS291,C1,C_or_S
4i3w.D,Q92UV7,PHNY_RHIME,CYS291,C1,C_or_S
4i3w.C,Q92UV7,PHNY_RHIME,CYS291,C1,C_or_S
4i3w.B,Q92UV7,PHNY_RHIME,CYS291,C1,C_or_S
4i3w.G,Q92UV7,PHNY_RHIME,CYS291,C1,C_or_S
4i3w.H,Q92UV7,PHNY_RHIME,CYS291,C1,C_or_S
4i3w.F,Q92UV7,PHNY_RHIME,CYS291,C1,C_or_S
4i9b.A,Q56R04,AADH1_SOLLC,CYS295,C1,C_or_S
4i9o.A,P45481,CBP_MOUSE,CYS664,S,C_or_S
4imq.A,Q83883,POLG_NVN68,CYS139,C,C_or_S
4itb.B,B1XMM6,B1XMM6_SYNP2,CYS262,C4,C_or_S
4itb.A,B1XMM6,B1XMM6_SYNP2,CYS262,C4,C_or_S
4j5p.B,P97612,FAAH1_RAT,CYS269,C21,C_or_S
4j5p.A,P97612,FAAH1_RAT,CYS269,C21,C_or_S
4jao.C,P9WPF3,PKS11_MYCTU,CYS138,CAE,C_or_S
4jao.B,P9WPF3,PKS11_MYCTU,CYS138,CAE,C_or_S
4jap.A,P9WPF3,PKS11_MYCTU,CYS138,CAE,C_or_S
4jap.B,P9WPF3,PKS11_MYCTU,CYS138,CAE,C_or_S
4jaq.D,P9WPF3,PKS11_MYCTU,CYS138,CAE,C_or_S
4jaq.A,P9WPF3,PKS11_MYCTU,CYS138,CAE,C_or_S
4jaq.C,P9WPF3,PKS11_MYCTU,CYS138,C1,C_or_S
4kky.X,P00183,CPXA_PSEPU,CYS357,FE,other
4kky.X,P00183,CPXA_PSEPU,CYS113,C19,C_or_S
4ks6.A,P0DPI1,BXA1_CLOBH,CYS165,SG,C_or_S
4kty.A,P00488,F13A_HUMAN,CYS314,C23,C_or_S
4kty.B,P00488,F13A_HUMAN,CYS314,C23,C_or_S
4l1o.B,P30838,AL3A1_HUMAN,CYS243,C7,C_or_S
4l1o.A,P30838,AL3A1_HUMAN,CYS243,C7,C_or_S
4lfd.C,A0A0H2XI76,A0A0H2XI76_STAA3,CYS223,SG,C_or_S
4lfd.A,A0A0H2XI76,A0A0H2XI76_STAA3,CYS223,SG,C_or_S
4lfd.D,A0A0H2XI76,A0A0H2XI76_STAA3,CYS223,SG,C_or_S
4lfd.B,A0A0H2XI76,A0A0H2XI76_STAA3,CYS223,SG,C_or_S
4lqm.A,P00533,EGFR_HUMAN,CYS797,C51,C_or_S
4ls8.A,O34340,FABF_BACSU,CYS164,C3,C_or_S
4ls8.B,O34340,FABF_BACSU,CYS164,C3,C_or_S
4luc.A,P01116,RASK_HUMAN,CYS12,S19,C_or_S
4luc.B,P01116,RASK_HUMAN,CYS12,S19,C_or_S
4lv6.B,P01116,RASK_HUMAN,CYS12,S17,C_or_S
4lv6.A,P01116,RASK_HUMAN,CYS12,S17,C_or_S
4lyf.B,P01116,RASK_HUMAN,CYS12,C18,C_or_S
4lyh.B,P01116,RASK_HUMAN,CYS12,C17,C_or_S
4lyh.C,P01116,RASK_HUMAN,CYS12,C17,C_or_S
4lyj.A,P01116,RASK_HUMAN,CYS12,C17,C_or_S
4m1o.B,P01116,RASK_HUMAN,CYS12,C28,C_or_S
4m1s.B,P01116,RASK_HUMAN,CYS12,C23,C_or_S
4m1t.B,P01116,RASK_HUMAN,CYS12,C16,C_or_S
4m1y.B,P01116,RASK_HUMAN,CYS12,C14,C_or_S
4m21.B,P01116,RASK_HUMAN,CYS12,C21,C_or_S
4mt4.C,Q8RTE3,Q8RTE3_CAMJU,CYS1,CG3,C_or_S
4mt4.B,Q8RTE3,Q8RTE3_CAMJU,CYS1,CG3,C_or_S
4mt4.A,Q8RTE3,Q8RTE3_CAMJU,CYS1,CG3,C_or_S
4mz4.B,O92972,POLG_HCVJ4,CYS366,C9,C_or_S
4mz4.A,O92972,POLG_HCVJ4,CYS366,C9,C_or_S
4mzo.D,O70370,CATS_MOUSE,CYS147,C14,C_or_S
4mzo.B,O70370,CATS_MOUSE,CYS147,C14,C_or_S
4mzo.E,O70370,CATS_MOUSE,CYS147,C14,C_or_S
4mzo.C,O70370,CATS_MOUSE,CYS147,C14,C_or_S
4mzo.F,O70370,CATS_MOUSE,CYS147,C14,C_or_S
4mzo.H,O70370,CATS_MOUSE,CYS147,C14,C_or_S
4mzo.A,O70370,CATS_MOUSE,CYS147,C14,C_or_S
4mzo.G,O70370,CATS_MOUSE,CYS147,C14,C_or_S
4mzs.B,O70370,CATS_MOUSE,CYS147,C14,C_or_S
4mzs.A,O70370,CATS_MOUSE,CYS147,C14,C_or_S
4ncr.A,P9WJF1,DPRE1_MYCTU,CYS387,NBE,other
4ncr.B,P9WJF1,DPRE1_MYCTU,CYS387,NBE,other
4nj4.A,Q6P6C2,ALKB5_HUMAN,CYS200,C7,C_or_S
4nj4.B,Q6P6C2,ALKB5_HUMAN,CYS200,C7,C_or_S
4nmm.A,P01116,RASK_HUMAN,CYS12,C13,C_or_S
4npi.B,Q83V33,Q83V33_PSEFL,CYS302,CA6,C_or_S
4npi.C,Q83V33,Q83V33_PSEFL,CYS302,CA6,C_or_S
4npi.D,Q83V33,Q83V33_PSEFL,CYS302,CA6,C_or_S
4npi.A,Q83V33,Q83V33_PSEFL,CYS302,CA6,C_or_S
4o0h.B,Q7L266,ASGL1_HUMAN,CYS65,NA,other
4o0h.A,Q7L266,ASGL1_HUMAN,CYS65,NA,other
4onm.B,P61088,UBE2N_HUMAN,CYS87,C5,C_or_S
4onn.B,P61088,UBE2N_HUMAN,CYS87,C12,C_or_S
4ou2.C,Q83V33,Q83V33_PSEFL,CYS302,C5,C_or_S
4ou2.B,Q83V33,Q83V33_PSEFL,CYS302,C5,C_or_S
4ou2.A,Q83V33,Q83V33_PSEFL,CYS302,C5,C_or_S
4ou2.D,Q83V33,Q83V33_PSEFL,CYS302,C5,C_or_S
4oub.A,Q83V33,Q83V33_PSEFL,CYS302,CA6,C_or_S
4oub.B,Q83V33,Q83V33_PSEFL,CYS302,CA6,C_or_S
4oub.C,Q83V33,Q83V33_PSEFL,CYS302,CA6,C_or_S
4oub.D,Q83V33,Q83V33_PSEFL,CYS302,CA6,C_or_S
4pe4.A,P02638,S100B_BOVIN,CYS84,C03,C_or_S
4pe4.X,P02638,S100B_BOVIN,CYS84,C03,C_or_S
4pe7.A,P02638,S100B_BOVIN,CYS84,C14,C_or_S
4phg.A,P32939,YPT7_YEAST,CYS35,CAA,C_or_S
4phh.B,P32939,YPT7_YEAST,CYS35,CAA,C_or_S
4phh.D,P32939,YPT7_YEAST,CYS35,CAA,C_or_S
4phh.A,P32939,YPT7_YEAST,CYS35,CAA,C_or_S
4phh.C,P32939,YPT7_YEAST,CYS35,CAA,C_or_S
4pi3.B,P25779,CYSP_TRYCR,CYS25,C22,C_or_S
4pi3.A,P25779,CYSP_TRYCR,CYS25,C22,C_or_S
4pid.A,P03252,PRO_ADE02,CYS122,C12,C_or_S
4pie.A,P03252,PRO_ADE02,CYS122,C32,C_or_S
4piq.A,B9A5C1,B9A5C1_ADE08,CYS122,C24,C_or_S
4pis.A,B9A5C1,B9A5C1_ADE08,CYS122,C31,C_or_S
4pnc.A,C3TPN7,C3TPN7_ECOLX,CYS59,CAN,C_or_S
4pzy.A,P01116,RASK_HUMAN,CYS70,CAH,C_or_S
4pzy.B,P01116,RASK_HUMAN,CYS70,CAH,C_or_S
4pzz.A,P01116,RASK_HUMAN,CYS39,SAH,C_or_S
4q01.A,P01116,RASK_HUMAN,CYS39,SAH,C_or_S
4q01.B,P01116,RASK_HUMAN,CYS39,SAH,C_or_S
4q02.A,P01116,RASK_HUMAN,CYS39,SAG,C_or_S
4q95.A,Q9JI60,LRAT_MOUSE,CYS125,C1,C_or_S
4q95.B,P53816,PLAT3_HUMAN,CYS125,C1,C_or_S
4q95.B,Q9JI60,LRAT_MOUSE,CYS125,C1,C_or_S
4q95.A,P53816,PLAT3_HUMAN,CYS125,C1,C_or_S
4qbb.C,P03305,POLG_FMDVO,CYS51,C1,C_or_S
4qbb.B,P03305,POLG_FMDVO,CYS51,C1,C_or_S
4qbb.A,P03305,POLG_FMDVO,CYS51,C1,C_or_S
4qps.C,P52333,JAK3_HUMAN,CYS909,C1,C_or_S
4qps.A,P52333,JAK3_HUMAN,CYS909,C1,C_or_S
4qq5.A,P22455,FGFR4_HUMAN,CYS482,C46,C_or_S
4qqc.A,P22455,FGFR4_HUMAN,CYS477,C46,C_or_S
4qr7.A,I6Y9J2,LDT2_MYCTU,CYS354,CAA,C_or_S
4qtf.A,I6Y9J2,LDT2_MYCTU,CYS354,CAT,C_or_S
4r6v.A,P22455,FGFR4_HUMAN,CYS477,CAV,C_or_S
4r7u.A,Q9KP62,MURA_VIBCH,CYS116,C1,C_or_S
4r7u.B,Q9KP62,MURA_VIBCH,CYS116,C1,C_or_S
4r7u.D,Q9KP62,MURA_VIBCH,CYS116,C1,C_or_S
4r7u.C,Q9KP62,MURA_VIBCH,CYS116,C1,C_or_S
4rbm.A,Q51817,KGP83_PORGN,CYS477,CAK,C_or_S
4rsp.A,V9TU12,V9TU12_MERS,CYS148,C63,C_or_S
4tkx.L,Q51817,KGP83_PORGN,CYS477,CM,C_or_S
4upv.B,P18187,PHNS_DESFR,CYS17,FE4,other
4upv.B,P18187,PHNS_DESFR,CYS20,FE2,other
4upv.B,P18187,PHNS_DESFR,CYS114,FE3,other
4upv.B,P18187,PHNS_DESFR,CYS147,FE1,other
4upv.B,P18187,PHNS_DESFR,CYS187,FE2,other
4upv.B,P18187,PHNS_DESFR,CYS212,FE1,other
4upv.B,P18187,PHNS_DESFR,CYS218,FE4,other
4upv.B,P18187,PHNS_DESFR,CYS227,FE3,other
4upv.B,P18187,PHNS_DESFR,CYS245,FE4,other
4upv.B,P18187,PHNS_DESFR,CYS248,FE1,other
4upv.A,P18187,PHNS_DESFR,CYS17,FE4,other
4upv.A,P18187,PHNS_DESFR,CYS20,FE2,other
4upv.A,P18187,PHNS_DESFR,CYS114,FE3,other
4upv.A,P18187,PHNS_DESFR,CYS147,FE1,other
4upv.A,P18187,PHNS_DESFR,CYS187,FE2,other
4upv.A,P18187,PHNS_DESFR,CYS212,FE1,other
4upv.A,P18187,PHNS_DESFR,CYS218,FE4,other
4upv.A,P18187,PHNS_DESFR,CYS227,FE3,other
4upv.A,P18187,PHNS_DESFR,CYS245,FE4,other
4upv.A,P18187,PHNS_DESFR,CYS248,FE1,other
4upv.Q,P18188,PHNL_DESFR,CYS546,FE,other
4upv.Q,P18188,PHNL_DESFR,CYS72,NI,other
4upv.R,P18188,PHNL_DESFR,CYS546,FE,other
4upv.R,P18188,PHNL_DESFR,CYS72,NI,other
4uql.R,P18188,PHNL_DESFR,CYS546,FE,other
4uql.R,P18188,PHNL_DESFR,CYS72,NI,other
4uql.Q,P18188,PHNL_DESFR,CYS546,FE,other
4uql.Q,P18188,PHNL_DESFR,CYS72,NI,other
4uql.A,P18187,PHNS_DESFR,CYS17,FE4,other
4uql.A,P18187,PHNS_DESFR,CYS20,FE2,other
4uql.A,P18187,PHNS_DESFR,CYS114,FE3,other
4uql.A,P18187,PHNS_DESFR,CYS147,FE1,other
4uql.A,P18187,PHNS_DESFR,CYS187,FE4,other
4uql.A,P18187,PHNS_DESFR,CYS212,FE1,other
4uql.A,P18187,PHNS_DESFR,CYS218,FE2,other
4uql.A,P18187,PHNS_DESFR,CYS227,FE3,other
4uql.A,P18187,PHNS_DESFR,CYS245,FE4,other
4uql.A,P18187,PHNS_DESFR,CYS248,FE1,other
4uql.B,P18187,PHNS_DESFR,CYS17,FE2,other
4uql.B,P18187,PHNS_DESFR,CYS20,FE4,other
4uql.B,P18187,PHNS_DESFR,CYS114,FE3,other
4uql.B,P18187,PHNS_DESFR,CYS147,FE1,other
4uql.B,P18187,PHNS_DESFR,CYS187,FE2,other
4uql.B,P18187,PHNS_DESFR,CYS212,FE1,other
4uql.B,P18187,PHNS_DESFR,CYS218,FE4,other
4uql.B,P18187,PHNS_DESFR,CYS227,FE3,other
4uql.B,P18187,PHNS_DESFR,CYS245,FE4,other
4uql.B,P18187,PHNS_DESFR,CYS248,FE1,other
4uqp.R,P18188,PHNL_DESFR,CYS546,FE,other
4uqp.R,P18188,PHNL_DESFR,CYS72,NI,other
4uqp.Q,P18188,PHNL_DESFR,CYS546,FE,other
4uqp.Q,P18188,PHNL_DESFR,CYS72,NI,other
4uqp.B,P18187,PHNS_DESFR,CYS17,FE2,other
4uqp.B,P18187,PHNS_DESFR,CYS20,FE4,other
4uqp.B,P18187,PHNS_DESFR,CYS114,FE3,other
4uqp.B,P18187,PHNS_DESFR,CYS147,FE1,other
4uqp.B,P18187,PHNS_DESFR,CYS187,FE2,other
4uqp.B,P18187,PHNS_DESFR,CYS212,FE1,other
4uqp.B,P18187,PHNS_DESFR,CYS218,FE4,other
4uqp.B,P18187,PHNS_DESFR,CYS227,FE3,other
4uqp.B,P18187,PHNS_DESFR,CYS245,FE4,other
4uqp.B,P18187,PHNS_DESFR,CYS248,FE1,other
4uqp.A,P18187,PHNS_DESFR,CYS17,FE4,other
4uqp.A,P18187,PHNS_DESFR,CYS20,FE3,other
4uqp.A,P18187,PHNS_DESFR,CYS114,FE2,other
4uqp.A,P18187,PHNS_DESFR,CYS147,FE1,other
4uqp.A,P18187,PHNS_DESFR,CYS187,FE2,other
4uqp.A,P18187,PHNS_DESFR,CYS212,FE1,other
4uqp.A,P18187,PHNS_DESFR,CYS218,FE4,other
4uqp.A,P18187,PHNS_DESFR,CYS227,FE3,other
4uqp.A,P18187,PHNS_DESFR,CYS245,FE4,other
4uqp.A,P18187,PHNS_DESFR,CYS248,FE1,other
4us2.R,P01112,RASH_HUMAN,CYS118,C3,C_or_S
4v37.D,P17202,BADH_SPIOL,CYS450,C8,C_or_S
4v37.B,P17202,BADH_SPIOL,CYS450,C8,C_or_S
4v37.C,P17202,BADH_SPIOL,CYS450,C8,C_or_S
4v37.A,P17202,BADH_SPIOL,CYS450,C8,C_or_S
4wx6.A,B9A5C1,B9A5C1_ADE08,CYS122,C27,C_or_S
4wx6.C,B9A5C1,B9A5C1_ADE08,CYS122,C27,C_or_S
4wx7.C,B9A5C1,B9A5C1_ADE08,CYS122,C30,C_or_S
4wx7.A,B9A5C1,B9A5C1_ADE08,CYS122,C30,C_or_S
4x0t.C,P49419,AL7A1_HUMAN,CYS302,C13,C_or_S
4x0t.B,P49419,AL7A1_HUMAN,CYS302,C13,C_or_S
4x0t.D,P49419,AL7A1_HUMAN,CYS302,C13,C_or_S
4x0t.A,P49419,AL7A1_HUMAN,CYS302,C13,C_or_S
4x6j.A,P43235,CATK_HUMAN,CYS25,C1,C_or_S
4xbb.A,Q83883,POLG_NVN68,CYS139,C31,C_or_S
4xbc.A,Q83883,POLG_NVN68,CYS139,C30,C_or_S
4xbd.A,Q83883,POLG_NVN68,CYS139,C30,C_or_S
4xbd.B,Q83883,POLG_NVN68,CYS139,C30,C_or_S
4xcu.A,P22455,FGFR4_HUMAN,CYS552,C8,C_or_S
4xtd.A,Q756Z6,Q756Z6_ASHGO,CYS334,C2,C_or_S
4xtd.B,Q756Z6,Q756Z6_ASHGO,CYS334,C2,C_or_S
4xti.A,Q756Z6,Q756Z6_ASHGO,CYS334,K,other
4xti.B,Q756Z6,Q756Z6_ASHGO,CYS334,K,other
4xz0.A,P43403,ZAP70_HUMAN,CYS117,CAF,C_or_S
4yec.B,A7A9N3,A7A9N3_9BACT,CYS179,CAK,C_or_S
4yhf.A,Q06187,BTK_HUMAN,CYS481,C1,C_or_S
4yhf.B,Q06187,BTK_HUMAN,CYS481,C1,C_or_S
4yqu.A,P78417,GSTO1_HUMAN,CYS32,C3,C_or_S
4yqu.B,P78417,GSTO1_HUMAN,CYS32,C3,C_or_S
4yrt.A,Q4DA54,Q4DA54_TRYCC,CYS365,C9,C_or_S
4zro.C,Q98VG9,R1AB_FIPV,CYS144,C63,C_or_S
4zro.D,Q98VG9,R1AB_FIPV,CYS144,C63,C_or_S
4zro.A,Q98VG9,R1AB_FIPV,CYS144,C63,C_or_S
4zro.B,Q98VG9,R1AB_FIPV,CYS144,C63,C_or_S
4zzm.A,P28482,MK01_HUMAN,CYS166,C,C_or_S
4zzo.A,P28482,MK01_HUMAN,CYS166,C,C_or_S
5a24.A,A0A0E3GLN3,A0A0E3GLN3_DIOMU,CYS26,C2,C_or_S
5ac0.A,P51977,AL1A1_SHEEP,CYS301,C8,C_or_S
5ac0.B,P51977,AL1A1_SHEEP,CYS301,C8,C_or_S
5ac1.B,P51977,AL1A1_SHEEP,CYS301,C8,C_or_S
5ac1.C,P51977,AL1A1_SHEEP,CYS301,C8,C_or_S
5ac2.A,P00352,AL1A1_HUMAN,CYS302,C8,C_or_S
5arb.A,P29600,SUBS_LEDLE,CYS217,C1,C_or_S
5arc.A,P29600,SUBS_LEDLE,CYS217,C1,C_or_S
5ard.A,P29600,SUBS_LEDLE,CYS217,C1,C_or_S
5axs.A,P02791,FRIL_HORSE,CYS119,C4,C_or_S
5azp.C,Q9I0Y7,Q9I0Y7_PSEAE,CYS1,CG3,C_or_S
5azp.A,Q9I0Y7,Q9I0Y7_PSEAE,CYS1,CG3,C_or_S
5c1u.B,A9XG43,A9XG43_HE71,CYS147,C27,C_or_S
5c1u.A,A9XG43,A9XG43_HE71,CYS147,C27,C_or_S
5c1x.B,A9XG43,A9XG43_HE71,CYS147,C27,C_or_S
5c1x.A,A9XG43,A9XG43_HE71,CYS147,C27,C_or_S
5c1y.A,A9XG43,A9XG43_HE71,CYS147,C27,C_or_S
5c5o.B,P0C6X7,R1AB_SARS,CYS145,C20,C_or_S
5c5o.A,P0C6X7,R1AB_SARS,CYS145,C20,C_or_S
5cbn.A,P38507,SPA_STAAU,CYS133,C03,C_or_S
5cbn.A,P38507,SPA_STAAU,CYS1226,C19,C_or_S
5czu.A,P02791,FRIL_HORSE,CYS119,C4,C_or_S
5d11.B,P00523,SRC_CHICK,CYS345,CAA,C_or_S
5d11.A,P00523,SRC_CHICK,CYS345,CAA,C_or_S
5d63.A,Q8X123,Q8X123_9AGAR,CYS215,C1,C_or_S
5daf.A,Q14145,KEAP1_HUMAN,CYS151,C1,C_or_S
5dc2.B,I6Y9J2,LDT2_MYCTU,CYS354,C7,C_or_S
5dc2.A,I6Y9J2,LDT2_MYCTU,CYS354,C7,C_or_S
5dcc.B,I6Y9J2,LDT2_MYCTU,CYS354,C7,C_or_S
5dcc.A,I6Y9J2,LDT2_MYCTU,CYS354,C7,C_or_S
5dg6.A,Q83883,POLG_NVN68,CYS139,C25,C_or_S
5dgj.A,Q83883,POLG_NVN68,CYS139,C24,C_or_S
5dp3.A,A9XG43,A9XG43_HE71,CYS147,C14,C_or_S
5dp4.B,A9XG43,A9XG43_HE71,CYS147,C14,C_or_S
5dp4.A,A9XG43,A9XG43_HE71,CYS147,C14,C_or_S
5dp4.D,A9XG43,A9XG43_HE71,CYS147,C14,C_or_S
5dp4.C,A9XG43,A9XG43_HE71,CYS147,C14,C_or_S
5dp5.A,A9XG43,A9XG43_HE71,CYS147,C14,C_or_S
5dp7.A,A9XG43,A9XG43_HE71,CYS147,C14,C_or_S
5dp8.A,A9XG43,A9XG43_HE71,CYS147,C14,C_or_S
5dp9.A,A9XG43,A9XG43_HE71,CYS147,C14,C_or_S
5dpa.A,A9XG43,A9XG43_HE71,CYS147,C14,C_or_S
5dql.C,P9WKK7,ACEA_MYCTU,CYS191,C01,C_or_S
5dql.B,P9WKK7,ACEA_MYCTU,CYS191,C01,C_or_S
5dql.D,P9WKK7,ACEA_MYCTU,CYS191,C01,C_or_S
5dql.A,P9WKK7,ACEA_MYCTU,CYS191,C01,C_or_S
5du9.B,Q9Z4X6,Q9Z4X6_STRCO,CYS17,CCH,C_or_S
5du9.A,Q9Z4X6,Q9Z4X6_STRCO,CYS17,CCH,C_or_S
5dua.A,Q9Z4X6,Q9Z4X6_STRCO,CYS17,C01,C_or_S
5dua.B,Q9Z4X6,Q9Z4X6_STRCO,CYS17,C01,C_or_S
5duj.B,I6Y9J2,LDT2_MYCTU,CYS354,CAT,C_or_S
5duj.A,I6Y9J2,LDT2_MYCTU,CYS354,CAT,C_or_S
5dvc.A,P37231,PPARG_HUMAN,CYS285,CAL,C_or_S
5dvp.B,I6Y9J2,LDT2_MYCTU,CYS354,CAJ,C_or_S
5dvp.A,I6Y9J2,LDT2_MYCTU,CYS354,CAJ,C_or_S
5dzj.B,I6Y9J2,LDT2_MYCTU,CYS354,C13,C_or_S
5dzj.A,I6Y9J2,LDT2_MYCTU,CYS354,C13,C_or_S
5dzp.A,I6Y9J2,LDT2_MYCTU,CYS354,C13,C_or_S
5e0g.A,Q83883,POLG_NVN68,CYS139,C19,C_or_S
5e0h.A,Q83883,POLG_NVN68,CYS139,C02,C_or_S
5e0j.A,Q83883,POLG_NVN68,CYS139,C02,C_or_S
5e1i.A,I6Y9J2,LDT2_MYCTU,CYS354,C02,C_or_S
5e7r.A,Q15750,TAB1_HUMAN,CYS174,C30,C_or_S
5e7r.A,O43318,M3K7_HUMAN,CYS174,C30,C_or_S
5ea9.B,Q4D3W2,PYRD_TRYCC,CYS130,CAJ,C_or_S
5ea9.A,Q4D3W2,PYRD_TRYCC,CYS130,CAJ,C_or_S
5el1.A,P0A6L0,DEOC_ECOLI,CYS47,C2,C_or_S
5emu.A,P0A6L0,DEOC_ECOLI,CYS47,C2,C_or_S
5eu8.A,Q98VG9,R1AB_FIPV,CYS144,C20,C_or_S
5ezs.A,P27282,POLN_EEVVT,CYS477,C2,C_or_S
5f02.A,P07711,CATL1_HUMAN,CYS25,C11,C_or_S
5f2e.A,P01116,RASK_HUMAN,CYS12,C15,C_or_S
5fct.B,P07607,TYSY_MOUSE,CYS189,C6,C_or_S
5fct.A,P07607,TYSY_MOUSE,CYS189,C6,C_or_S
5fsd.C,P41020,URE1_SPOPA,CYS322,C4,C_or_S
5fse.C,P41020,URE1_SPOPA,CYS322,C2,C_or_S
5fse.C,P41020,URE1_SPOPA,CYS555,C2,C_or_S
5git.A,Q14145,KEAP1_HUMAN,CYS151,C14,C_or_S
5gk1.C,Q7N4Z6,Q7N4Z6_PHOLL,CYS126,CAH,C_or_S
5gk1.A,Q7N4Z6,Q7N4Z6_PHOLL,CYS126,CAH,C_or_S
5gnk.A,P00533,EGFR_HUMAN,CYS797,CAO,C_or_S
5gwz.B,P0C6V6,R1A_PEDV7,CYS144,C20,C_or_S
5gwz.A,P0C6V6,R1A_PEDV7,CYS144,C20,C_or_S
5h8i.L,G7ITU5,G7ITU5_MEDTR,CYS158,C1,C_or_S
5h8i.K,G7ITU5,G7ITU5_MEDTR,CYS158,C1,C_or_S
5h8i.D,G7ITU5,G7ITU5_MEDTR,CYS158,C1,C_or_S
5h8i.N,G7ITU5,G7ITU5_MEDTR,CYS158,C1,C_or_S
5h8i.J,G7ITU5,G7ITU5_MEDTR,CYS158,C1,C_or_S
5h8i.B,G7ITU5,G7ITU5_MEDTR,CYS158,C1,C_or_S
5h8i.G,G7ITU5,G7ITU5_MEDTR,CYS158,C1,C_or_S
5h8i.F,G7ITU5,G7ITU5_MEDTR,CYS158,C1,C_or_S
5h8i.E,G7ITU5,G7ITU5_MEDTR,CYS158,C1,C_or_S
5h8i.O,G7ITU5,G7ITU5_MEDTR,CYS158,C1,C_or_S
5h8i.C,G7ITU5,G7ITU5_MEDTR,CYS158,C1,C_or_S
5h8i.M,G7ITU5,G7ITU5_MEDTR,CYS158,C1,C_or_S
5hze.A,Q02750,MP2K1_HUMAN,CYS207,CAT,C_or_S
5ic3.A,Q9HD26,GOPC_HUMAN,CYS319,C4,C_or_S
5iyt.B,O91734,POLG_EC01F,CYS147,C26,C_or_S
5j7s.A,Q15750,TAB1_HUMAN,CYS174,C31,C_or_S
5j7s.A,O43318,M3K7_HUMAN,CYS174,C31,C_or_S
5j87.C,Q06187,BTK_HUMAN,CYS481,CBA,C_or_S
5j87.A,Q06187,BTK_HUMAN,CYS481,CBA,C_or_S
5j87.D,Q06187,BTK_HUMAN,CYS481,CBA,C_or_S
5j87.B,Q06187,BTK_HUMAN,CYS481,CBA,C_or_S
5j8i.A,Q15750,TAB1_HUMAN,CYS174,C31,C_or_S
5j8i.A,O43318,M3K7_HUMAN,CYS174,C31,C_or_S
5jh6.A,Q15750,TAB1_HUMAN,CYS174,C31,C_or_S
5jh6.A,O43318,M3K7_HUMAN,CYS174,C31,C_or_S
5jk3.A,O43318,M3K7_HUMAN,CYS174,C25,C_or_S
5jk3.A,Q15750,TAB1_HUMAN,CYS174,C25,C_or_S
5jq2.A,P14779,CPXB_BACMB,CYS400,FE,other
5jq2.A,P14779,CPXB_BACMB,CYS407,C49,C_or_S
5jq2.B,P14779,CPXB_BACMB,CYS400,FE,other
5jq2.B,P14779,CPXB_BACMB,CYS407,C49,C_or_S
5jtd.B,P14779,CPXB_BACMB,CYS400,FE,other
5jtd.B,P14779,CPXB_BACMB,CYS407,C49,C_or_S
5jtd.A,P14779,CPXB_BACMB,CYS400,FE,other
5jtd.A,P14779,CPXB_BACMB,CYS407,C49,C_or_S
5k69.B,I6Y9J2,LDT2_MYCTU,CYS354,C1,C_or_S
5k69.A,I6Y9J2,LDT2_MYCTU,CYS354,C1,C_or_S
5kwi.A,P9WQN9,A85C_MYCTU,CYS209,SE05,C_or_S
5kwj.A,P9WQN9,A85C_MYCTU,CYS209,SE07,C_or_S
5kwj.B,P9WQN9,A85C_MYCTU,CYS209,SE07,C_or_S
5la6.C,P81947,TBA1B_BOVIN,CYS316,C03,C_or_S
5lb1.B,I6Y9J2,LDT2_MYCTU,CYS354,S5,C_or_S
5lb1.A,I6Y9J2,LDT2_MYCTU,CYS354,S5,C_or_S
5lcj.A,P28482,MK01_HUMAN,CYS166,C43,C_or_S
5lck.A,P28482,MK01_HUMAN,CYS166,C25,C_or_S
5lf0.U,P60900,PSA6_HUMAN,CYS136,N,other
5lf0.G,P60900,PSA6_HUMAN,CYS136,N,other
5lf1.G,P60900,PSA6_HUMAN,CYS136,N,other
5lf1.U,P60900,PSA6_HUMAN,CYS136,N,other
5lf3.G,P60900,PSA6_HUMAN,CYS136,N,other
5lf3.U,P60900,PSA6_HUMAN,CYS136,N,other
5lf4.G,P60900,PSA6_HUMAN,CYS136,N,other
5lf4.U,P60900,PSA6_HUMAN,CYS136,N,other
5lf6.G,P60900,PSA6_HUMAN,CYS136,N,other
5lf6.U,P60900,PSA6_HUMAN,CYS136,N,other
5lf7.G,P60900,PSA6_HUMAN,CYS136,N,other
5lf7.U,P60900,PSA6_HUMAN,CYS136,N,other
5lwn.A,P52333,JAK3_HUMAN,CYS909,C12,C_or_S
5m4z.B,Q9NDD3,Q9NDD3_TRISP,CYS189,C6,C_or_S
5m4z.A,Q9NDD3,Q9NDD3_TRISP,CYS189,C6,C_or_S
5mae.A,P07711,CATL1_HUMAN,CYS25,C8,C_or_S
5maj.A,P07711,CATL1_HUMAN,CYS25,C8,C_or_S
5mhm.B,P00488,F13A_HUMAN,CYS314,C23,C_or_S
5mhm.A,P00488,F13A_HUMAN,CYS314,C23,C_or_S
5mhn.A,P00488,F13A_HUMAN,CYS314,C23,C_or_S
5mhn.B,P00488,F13A_HUMAN,CYS314,C23,C_or_S
5mi4.A,Q89ZI2,OGA_BACTN,CYS550,C7,C_or_S
5mi5.A,Q89ZI2,OGA_BACTN,CYS550,C7,C_or_S
5mi6.A,Q89ZI2,OGA_BACTN,CYS550,C7,C_or_S
5mi7.A,Q89ZI2,OGA_BACTN,CYS550,C01,C_or_S
5mjb.A,P54762,EPHB1_HUMAN,CYS703,C7,C_or_S
5mjb.B,P54762,EPHB1_HUMAN,CYS703,C7,C_or_S
5mmv.A,P29466,CASP1_HUMAN,CYS285,C36,C_or_S
5mqy.A,P07711,CATL1_HUMAN,CYS25,C24,C_or_S
5mu9.A,Q8X123,Q8X123_9AGAR,CYS215,C2,C_or_S
5mua.B,Q75WT9,Q75WT9_9APHY,CYS208,C2,C_or_S
5mua.A,Q75WT9,Q75WT9_9APHY,CYS208,C2,C_or_S
5n0m.A,Q9UM07,PADI4_HUMAN,CYS645,C2,C_or_S
5n0y.A,Q9UM07,PADI4_HUMAN,CYS645,C14,C_or_S
5ngf.A,Q93009,UBP7_HUMAN,CYS223,CAA,C_or_S
5ngf.B,Q93009,UBP7_HUMAN,CYS223,CAA,C_or_S
5nh0.A,P0C6X5,R1AB_CVHNL,CYS144,C57,C_or_S
5nh0.C,P0C6X5,R1AB_CVHNL,CYS144,C57,C_or_S
5nh0.B,P0C6X5,R1AB_CVHNL,CYS144,C57,C_or_S
5nud.A,P22455,FGFR4_HUMAN,CYS552,C7,C_or_S
5nud.B,P22455,FGFR4_HUMAN,CYS552,C7,C_or_S
5nwz.B,P22455,FGFR4_HUMAN,CYS477,C1,C_or_S
5nwz.A,P22455,FGFR4_HUMAN,CYS477,C1,C_or_S
5o3y.F,P00441,SODC_HUMAN,CYS111,S01,C_or_S
5o3y.A,P00441,SODC_HUMAN,CYS111,S01,C_or_S
5o8u.A,Q16539,MK14_HUMAN,CYS252,CAE,C_or_S
5o8v.A,Q16539,MK14_HUMAN,CYS251,CAJ,C_or_S
5ogq.B,Q8MNY2,Q8MNY2_SCHMA,CYS100,C27,C_or_S
5ogq.C,Q8MNY2,Q8MNY2_SCHMA,CYS100,C27,C_or_S
5ogq.A,Q8MNY2,Q8MNY2_SCHMA,CYS100,C27,C_or_S
5ogr.A,Q8MNY2,Q8MNY2_SCHMA,CYS100,C27,C_or_S
5ogr.C,Q8MNY2,Q8MNY2_SCHMA,CYS100,C27,C_or_S
5ogr.B,Q8MNY2,Q8MNY2_SCHMA,CYS100,C27,C_or_S
5oo0.A,P24941,CDK2_HUMAN,CYS177,C2,C_or_S
5oo1.A,P24941,CDK2_HUMAN,CYS80,C2,C_or_S
5oo3.A,P24941,CDK2_HUMAN,CYS80,C2,C_or_S
5orl.A,O14965,AURKA_HUMAN,CYS247,S08,C_or_S
5osj.A,P24941,CDK2_HUMAN,CYS177,C9,C_or_S
5osm.A,P24941,CDK2_HUMAN,CYS80,C2,C_or_S
5p9j.A,Q06187,BTK_HUMAN,CYS481,CAA,C_or_S
5p9k.A,Q06187,BTK_HUMAN,CYS481,C37,C_or_S
5p9l.A,Q06187,BTK_HUMAN,CYS481,C29,C_or_S
5p9m.A,Q06187,BTK_HUMAN,CYS481,C19,C_or_S
5qip.A,Q96DC9,OTUB2_HUMAN,CYS51,C1,C_or_S
5qiq.A,Q96DC9,OTUB2_HUMAN,CYS51,C,C_or_S
5qir.A,Q96DC9,OTUB2_HUMAN,CYS51,C,C_or_S
5qis.A,Q96DC9,OTUB2_HUMAN,CYS51,C,C_or_S
5qit.A,Q96DC9,OTUB2_HUMAN,CYS51,C,C_or_S
5qiu.A,Q96DC9,OTUB2_HUMAN,CYS51,C,C_or_S
5qiv.A,Q96DC9,OTUB2_HUMAN,CYS51,C,C_or_S
5qiw.A,Q96DC9,OTUB2_HUMAN,CYS51,C,C_or_S
5qix.A,Q96DC9,OTUB2_HUMAN,CYS51,C,C_or_S
5qiy.A,Q96DC9,OTUB2_HUMAN,CYS51,C,C_or_S
5qiz.A,Q96DC9,OTUB2_HUMAN,CYS51,C1,C_or_S
5rej.A,P0DTD1,R1AB_SARS2,CYS145,C,C_or_S
5rek.A,P0DTD1,R1AB_SARS2,CYS145,C11,C_or_S
5rel.A,P0DTD1,R1AB_SARS2,CYS145,C12,C_or_S
5rem.A,P0DTD1,R1AB_SARS2,CYS145,C11,C_or_S
5ren.A,P0DTD1,R1AB_SARS2,CYS145,C,C_or_S
5reo.A,P0DTD1,R1AB_SARS2,CYS145,C,C_or_S
5rep.A,P0DTD1,R1AB_SARS2,CYS145,C11,C_or_S
5rer.A,P0DTD1,R1AB_SARS2,CYS145,C03,C_or_S
5res.A,P0DTD1,R1AB_SARS2,CYS145,C11,C_or_S
5ret.A,P0DTD1,R1AB_SARS2,CYS145,C,C_or_S
5reu.A,P0DTD1,R1AB_SARS2,CYS145,C,C_or_S
5rev.A,P0DTD1,R1AB_SARS2,CYS145,C,C_or_S
5rew.A,P0DTD1,R1AB_SARS2,CYS145,C3,C_or_S
5rex.A,P0DTD1,R1AB_SARS2,CYS145,C,C_or_S
5rey.A,P0DTD1,R1AB_SARS2,CYS145,C14,C_or_S
5rff.A,P0DTD1,R1AB_SARS2,CYS145,C,C_or_S
5rfg.A,P0DTD1,R1AB_SARS2,CYS145,C03,C_or_S
5rfh.A,P0DTD1,R1AB_SARS2,CYS145,C,C_or_S
5rfi.A,P0DTD1,R1AB_SARS2,CYS145,C13,C_or_S
5rfj.A,P0DTD1,R1AB_SARS2,CYS145,C8,C_or_S
5rfk.A,P0DTD1,R1AB_SARS2,CYS145,C,C_or_S
5rfl.A,P0DTD1,R1AB_SARS2,CYS145,C13,C_or_S
5rfm.A,P0DTD1,R1AB_SARS2,CYS145,C09,C_or_S
5rfn.A,P0DTD1,R1AB_SARS2,CYS145,C03,C_or_S
5rfo.A,P0DTD1,R1AB_SARS2,CYS145,C,C_or_S
5rfp.A,P0DTD1,R1AB_SARS2,CYS145,C06,C_or_S
5rfq.A,P0DTD1,R1AB_SARS2,CYS145,C,C_or_S
5rfr.A,P0DTD1,R1AB_SARS2,CYS145,C,C_or_S
5rfs.A,P0DTD1,R1AB_SARS2,CYS145,C,C_or_S
5rft.A,P0DTD1,R1AB_SARS2,CYS145,C03,C_or_S
5rfu.A,P0DTD1,R1AB_SARS2,CYS145,C,C_or_S
5rfv.A,P0DTD1,R1AB_SARS2,CYS145,C,C_or_S
5rfw.A,P0DTD1,R1AB_SARS2,CYS145,C,C_or_S
5rfx.A,P0DTD1,R1AB_SARS2,CYS145,C12,C_or_S
5rfy.A,P0DTD1,R1AB_SARS2,CYS145,C11,C_or_S
5rfz.A,P0DTD1,R1AB_SARS2,CYS145,C,C_or_S
5rg0.A,P0DTD1,R1AB_SARS2,CYS145,C7,C_or_S
5rg2.A,P0DTD1,R1AB_SARS2,CYS145,C8,C_or_S
5rg3.A,P0DTD1,R1AB_SARS2,CYS145,C8,C_or_S
5rgl.A,P0DTD1,R1AB_SARS2,CYS145,C13,C_or_S
5rgm.A,P0DTD1,R1AB_SARS2,CYS145,C,C_or_S
5rgn.A,P0DTD1,R1AB_SARS2,CYS145,C12,C_or_S
5rgo.A,P0DTD1,R1AB_SARS2,CYS145,C,C_or_S
5rgp.A,P0DTD1,R1AB_SARS2,CYS145,C13,C_or_S
5rgt.A,P0DTD1,R1AB_SARS2,CYS145,C,C_or_S
5rh5.A,P0DTD1,R1AB_SARS2,CYS145,C,C_or_S
5rh6.A,P0DTD1,R1AB_SARS2,CYS145,C,C_or_S
5rh7.A,P0DTD1,R1AB_SARS2,CYS145,C,C_or_S
5rh9.A,P0DTD1,R1AB_SARS2,CYS145,C,C_or_S
5rha.A,P0DTD1,R1AB_SARS2,CYS145,C,C_or_S
5rhb.A,P0DTD1,R1AB_SARS2,CYS145,C,C_or_S
5rhc.A,P0DTD1,R1AB_SARS2,CYS145,C,C_or_S
5rhe.A,P0DTD1,R1AB_SARS2,CYS145,C5,C_or_S
5rhf.A,P0DTD1,R1AB_SARS2,CYS145,C5,C_or_S
5swh.B,P00523,SRC_CHICK,CYS281,C12,C_or_S
5swh.A,P00523,SRC_CHICK,CYS281,C12,C_or_S
5t6d.B,Q83883,POLG_NVN68,CYS139,C31,C_or_S
5t6d.A,Q83883,POLG_NVN68,CYS139,C31,C_or_S
5t6f.B,Q83883,POLG_NVN68,CYS139,C31,C_or_S
5t6f.A,Q83883,POLG_NVN68,CYS139,C31,C_or_S
5t6g.B,Q83883,POLG_NVN68,CYS139,C30,C_or_S
5t6g.A,Q83883,POLG_NVN68,CYS139,C30,C_or_S
5tdi.A,P43235,CATK_HUMAN,CYS25,C12,C_or_S
5tg1.A,Q83883,POLG_NVN68,CYS139,C12,C_or_S
5tg2.A,Q83883,POLG_NVN68,CYS139,C20,C_or_S
5th7.B,Q9NQR1,KMT5A_HUMAN,CYS311,CAA,C_or_S
5th7.A,Q9NQR1,KMT5A_HUMAN,CYS311,CAA,C_or_S
5toz.A,P52333,JAK3_HUMAN,CYS909,C9,C_or_S
5tts.A,P52333,JAK3_HUMAN,CYS909,C1,C_or_S
5ttu.A,P52333,JAK3_HUMAN,CYS909,C16,C_or_S
5ttv.A,P52333,JAK3_HUMAN,CYS909,C1,C_or_S
5u4h.B,A0A0R0VXX6,A0A0R0VXX6_ACIBA,CYS116,C2,C_or_S
5u4h.A,A0A0R0VXX6,A0A0R0VXX6_ACIBA,CYS116,C2,C_or_S
5ug8.A,P00533,EGFR_HUMAN,CYS797,C29,C_or_S
5ug9.A,P00533,EGFR_HUMAN,CYS797,C31,C_or_S
5ugc.A,P00533,EGFR_HUMAN,CYS797,C29,C_or_S
5v6s.A,P01116,RASK_HUMAN,CYS12,C27,C_or_S
5v6v.A,P01116,RASK_HUMAN,CYS12,C26,C_or_S
5v6v.B,P01116,RASK_HUMAN,CYS12,C26,C_or_S
5v71.C,P01116,RASK_HUMAN,CYS12,C28,C_or_S
5v71.A,P01116,RASK_HUMAN,CYS12,C28,C_or_S
5v71.D,P01116,RASK_HUMAN,CYS12,C28,C_or_S
5v71.B,P01116,RASK_HUMAN,CYS12,C28,C_or_S
5v71.F,P01116,RASK_HUMAN,CYS12,C28,C_or_S
5v71.E,P01116,RASK_HUMAN,CYS12,C28,C_or_S
5v9l.C,P01116,RASK_HUMAN,CYS12,C19,C_or_S
5v9l.A,P01116,RASK_HUMAN,CYS12,C19,C_or_S
5v9l.B,P01116,RASK_HUMAN,CYS12,C19,C_or_S
5v9o.A,P01116,RASK_HUMAN,CYS12,C20,C_or_S
5v9u.A,P01116,RASK_HUMAN,CYS12,C20,C_or_S
5v9u.B,P01116,RASK_HUMAN,CYS12,C20,C_or_S
5vbm.A,P01116,RASK_HUMAN,CYS72,S24,C_or_S
5vbz.C,P01112,RASH_HUMAN,CYS72,S24,C_or_S
5vnd.A,P11362,FGFR1_HUMAN,CYS563,C27,C_or_S
5vnd.B,P11362,FGFR1_HUMAN,CYS563,C27,C_or_S
5vqx.A,P03366,POL_HV1B1,CYS181,C26,C_or_S
5vqy.A,P03366,POL_HV1B1,CYS181,C28,C_or_S
5vqz.A,P03366,POL_HV1B1,CYS181,C26,C_or_S
5w1y.A,Q9NQR1,KMT5A_HUMAN,CYS311,C6,C_or_S
5w1y.B,Q9NQR1,KMT5A_HUMAN,CYS311,C6,C_or_S
5wej.A,Q83883,POLG_NVN68,CYS139,C25,C_or_S
5wej.B,Q83883,POLG_NVN68,CYS139,C25,C_or_S
5wfj.A,P52333,JAK3_HUMAN,CYS909,C25,C_or_S
5wi5.D,Q97NQ4,MURA1_STRPN,CYS120,C2,C_or_S
5wi5.C,Q97NQ4,MURA1_STRPN,CYS120,C2,C_or_S
5wi5.A,Q97NQ4,MURA1_STRPN,CYS120,C2,C_or_S
5wi5.B,Q97NQ4,MURA1_STRPN,CYS120,C2,C_or_S
5wkj.A,K9N638,R1A_MERS1,CYS148,C21,C_or_S
5wkk.A,K9N638,R1A_MERS1,CYS148,C08,C_or_S
5wkl.A,K9N638,R1A_MERS1,CYS148,C19,C_or_S
5wkm.A,K9N638,R1A_MERS1,CYS148,C19,C_or_S
5wqx.A,P37231,PPARG_HUMAN,CYS285,C12,C_or_S
5wr1.A,P37231,PPARG_HUMAN,CYS285,C10,C_or_S
5xdk.A,P00533,EGFR_HUMAN,CYS797,CAS,C_or_S
5xu8.A,O75604,UBP2_HUMAN,CYS276,S6,C_or_S
5y41.A,P43354,NR4A2_HUMAN,CYS566,C11,C_or_S
5y41.B,P43354,NR4A2_HUMAN,CYS566,C11,C_or_S
5yd6.D,P43354,NR4A2_HUMAN,CYS566,C11,C_or_S
5yd6.B,P43354,NR4A2_HUMAN,CYS566,C11,C_or_S
5yd6.A,P43354,NR4A2_HUMAN,CYS566,C11,C_or_S
5yd6.C,P43354,NR4A2_HUMAN,CYS566,C11,C_or_S
5yu9.D,P00533,EGFR_HUMAN,CYS797,CAA,C_or_S
5yu9.A,P00533,EGFR_HUMAN,CYS797,CAA,C_or_S
5yu9.B,P00533,EGFR_HUMAN,CYS797,CAA,C_or_S
5yu9.C,P00533,EGFR_HUMAN,CYS797,CAA,C_or_S
5yvo.A,P78417,GSTO1_HUMAN,CYS32,C03,C_or_S
5yvo.A,P78417,GSTO1_HUMAN,CYS112,C03,C_or_S
5yxz.A,P01116,RASK_HUMAN,CYS12,C14,C_or_S
5yy1.A,P01116,RASK_HUMAN,CYS12,C14,C_or_S
5zk4.A,Q4U443,Q4U443_SORCE,CYS86,CAA,C_or_S
5zk4.B,Q4U443,Q4U443_SORCE,CYS86,CAA,C_or_S
6af9.A,Q99497,PARK7_HUMAN,CYS106,C7,C_or_S
6afd.A,Q99497,PARK7_HUMAN,CYS106,C9,C_or_S
6afe.A,Q99497,PARK7_HUMAN,CYS106,C9,C_or_S
6aff.A,Q99497,PARK7_HUMAN,CYS106,C9,C_or_S
6afg.A,Q99497,PARK7_HUMAN,CYS106,C9,C_or_S
6alj.B,O94788,AL1A2_HUMAN,CYS320,C05,C_or_S
6alj.C,O94788,AL1A2_HUMAN,CYS320,C05,C_or_S
6alj.D,O94788,AL1A2_HUMAN,CYS320,C05,C_or_S
6alj.A,O94788,AL1A2_HUMAN,CYS320,C05,C_or_S
6ark.A,P01116,RASK_HUMAN,CYS12,C07,C_or_S
6ay2.B,P07858,CATB_HUMAN,CYS29,C26,C_or_S
6ay2.A,P07858,CATB_HUMAN,CYS29,C26,C_or_S
6azs.D,Q1M7F4,Q1M7F4_RHIL3,CYS175,C07,C_or_S
6azs.B,Q1M7F4,Q1M7F4_RHIL3,CYS175,C07,C_or_S
6b0v.A,P01116,RASK_HUMAN,CYS12,C12,C_or_S
6b0v.B,P01116,RASK_HUMAN,CYS12,C12,C_or_S
6b0y.B,P01116,RASK_HUMAN,CYS12,C28,C_or_S
6b0y.A,P01116,RASK_HUMAN,CYS12,C28,C_or_S
6b95.A,P18031,PTN1_HUMAN,CYS197,S19,C_or_S
6bib.A,Q83883,POLG_NVN68,CYS139,C23,C_or_S
6bib.B,Q83883,POLG_NVN68,CYS139,C23,C_or_S
6bic.A,Q83883,POLG_NVN68,CYS139,C02,C_or_S
6bic.B,Q83883,POLG_NVN68,CYS139,C02,C_or_S
6bid.A,Q83883,POLG_NVN68,CYS139,C22,C_or_S
6boi.A,A5U5L6,A5U5L6_MYCTA,CYS354,C7,C_or_S
6boi.B,A5U5L6,A5U5L6_MYCTA,CYS354,C7,C_or_S
6boz.A,Q9NQR1,KMT5A_HUMAN,CYS311,CAA,C_or_S
6boz.B,Q9NQR1,KMT5A_HUMAN,CYS311,CAA,C_or_S
6bv5.A,Q66GI4,PRRP1_ARATH,CYS353,CAG,C_or_S
6bv6.A,Q66GI4,PRRP1_ARATH,CYS346,CAG,C_or_S
6bv6.A,Q66GI4,PRRP1_ARATH,CYS353,CAG,C_or_S
6bv8.A,Q66GI4,PRRP1_ARATH,CYS353,CAG,C_or_S
6bwu.B,P68871,HBB_HUMAN,CYS93,S1,C_or_S
6c1i.B,P37231,PPARG_HUMAN,CYS285,C03,C_or_S
6c1i.A,P37231,PPARG_HUMAN,CYS285,C03,C_or_S
6chw.A,P03372,ESR1_HUMAN,CYS530,C11,C_or_S
6cwy.D,Q9UBT2,SAE2_HUMAN,CYS30,C19,C_or_S
6db4.A,P52333,JAK3_HUMAN,CYS909,C22,C_or_S
6dge.A,O94760,DDAH1_HUMAN,CYS274,C8,C_or_S
6di1.A,Q06187,BTK_HUMAN,CYS481,CAT,C_or_S
6di5.A,Q06187,BTK_HUMAN,CYS481,C1,C_or_S
6di9.A,Q06187,BTK_HUMAN,CYS481,C33,C_or_S
6dq9.A,P29375,KDM5A_HUMAN,CYS481,C17,C_or_S
6dqb.A,P29375,KDM5A_HUMAN,CYS481,C18,C_or_S
6dud.A,P52333,JAK3_HUMAN,CYS909,C20,C_or_S
6e6t.B,A0A1X9WEN9,A0A1X9WEN9_SACSY,CYS89,CAF,C_or_S
6e6t.A,A0A1X9WEN9,A0A1X9WEN9_SACSY,CYS89,CAF,C_or_S
6ein.A,Q9UGL1,KDM5B_HUMAN,CYS480,C15,C_or_S
6exw.C,Q13490,BIRC2_HUMAN,CYS309,CAA,C_or_S
6exw.A,Q13490,BIRC2_HUMAN,CYS309,CAA,C_or_S
6ezp.A,P07711,CATL1_HUMAN,CYS25,CAE,C_or_S
6ezx.B,P07711,CATL1_HUMAN,CYS25,C18,C_or_S
6ezx.A,P07711,CATL1_HUMAN,CYS25,C18,C_or_S
6f6r.A,P29466,CASP1_HUMAN,CYS285,C36,C_or_S
6fdq.A,B0B9A0,CDUB1_CHLT2,CYS345,C12,C_or_S
6fdq.B,B0B9A0,CDUB1_CHLT2,CYS345,C12,C_or_S
6fdu.B,B0B9A0,CDUB1_CHLT2,CYS345,CBE,C_or_S
6ffm.A,Q14145,KEAP1_HUMAN,CYS151,C05,C_or_S
6fv1.C,P0C6X5,R1AB_CVHNL,CYS144,C57,C_or_S
6fv1.B,P0C6X5,R1AB_CVHNL,CYS144,C57,C_or_S
6fv1.A,P0C6X5,R1AB_CVHNL,CYS144,C57,C_or_S
6g54.A,P28482,MK01_HUMAN,CYS166,C31,C_or_S
6g58.B,P63479,ALR1_STAAM,CYS215,NA,other
6g83.B,P9WJF0,DPRE1_MYCTO,CYS387,N02,other
6g83.A,P9WJF0,DPRE1_MYCTO,CYS387,N02,other
6ga0.A,Q97VW7,OGT_SACS2,CYS119,C07,C_or_S
6ges.A,P27361,MK03_HUMAN,CYS183,C31,C_or_S
6ges.B,P27361,MK03_HUMAN,CYS183,C31,C_or_S
6gjk.B,Q70I53,HDAH_ALCSD,CYS51,S,C_or_S
6gjk.B,Q70I53,HDAH_ALCSD,CYS295,S,C_or_S
6gjk.A,Q70I53,HDAH_ALCSD,CYS51,S,C_or_S
6gjk.A,Q70I53,HDAH_ALCSD,CYS295,S,C_or_S
6gq3.A,P08243,ASNS_HUMAN,CYS1,CE,C_or_S
6gq3.B,P08243,ASNS_HUMAN,CYS1,CE,C_or_S
6gxy.B,O77404,TYPX_TRYBB,CYS40,C01,C_or_S
6gxy.A,O77404,TYPX_TRYBB,CYS40,C01,C_or_S
6gzy.A,Q96EP0,RNF31_HUMAN,CYS885,C2,C_or_S
6gzy.B,Q96EP0,RNF31_HUMAN,CYS885,C2,C_or_S
6h0u.A,P49841,GSK3B_HUMAN,CYS199,C2,C_or_S
6h0u.B,P49841,GSK3B_HUMAN,CYS199,C2,C_or_S
6h8t.J,P00784,PAPA1_CARPA,CYS25,CBD,C_or_S
6hez.B,P9WJF1,DPRE1_MYCTU,CYS387,NBE,other
6hez.A,P9WJF1,DPRE1_MYCTU,CYS387,NBE,other
6hf0.B,P9WJF1,DPRE1_MYCTU,CYS387,N8,other
6hf0.A,P9WJF1,DPRE1_MYCTU,CYS387,N8,other
6hf3.A,P9WJF1,DPRE1_MYCTU,CYS387,NBE,other
6hf3.B,P9WJF1,DPRE1_MYCTU,CYS387,NBE,other
6hfv.A,P9WJF1,DPRE1_MYCTU,CYS387,N3,other
6hfv.B,P9WJF1,DPRE1_MYCTU,CYS387,N3,other
6hgy.A,P43235,CATK_HUMAN,CYS25,C59,C_or_S
6hhg.A,P31749,AKT1_HUMAN,CYS310,CAA,C_or_S
6hhj.A,P31749,AKT1_HUMAN,CYS310,CAM,C_or_S
6hhp.A,P31947,1433S_HUMAN,CYS42,S05,C_or_S
6hje.A,Q4DA80,PRCMA_TRYCC,CYS300,C2,C_or_S
6hje.B,Q4DA80,PRCMA_TRYCC,CYS300,C2,C_or_S
6hjf.B,Q4DA80,PRCMA_TRYCC,CYS300,C2,C_or_S
6hjf.B,Q4DA80,PRCMA_TRYCC,CYS130,C5,C_or_S
6hjf.A,Q4DA80,PRCMA_TRYCC,CYS130,C5,C_or_S
6hjf.A,Q4DA80,PRCMA_TRYCC,CYS300,C2,C_or_S
6hk2.B,P68871,HBB_HUMAN,CYS93,C6,C_or_S
6hk2.D,P68871,HBB_HUMAN,CYS93,C7,C_or_S
6hkb.A,P31947,1433S_HUMAN,CYS42,S09,C_or_S
6hkf.A,P31947,1433S_HUMAN,CYS42,S08,C_or_S
6hmt.A,P31947,1433S_HUMAN,CYS42,S12,C_or_S
6hmu.A,P31947,1433S_HUMAN,CYS45,S01,C_or_S
6hn2.A,P31947,1433S_HUMAN,CYS42,S01,C_or_S
6hve.A,P00523,SRC_CHICK,CYS345,CAV,C_or_S
6hve.B,P00523,SRC_CHICK,CYS345,CAV,C_or_S
6hvf.B,P00523,SRC_CHICK,CYS345,CBH,C_or_S
6hvf.A,P00523,SRC_CHICK,CYS345,CBH,C_or_S
6i0x.A,Q9RQJ2,PAD_PORGI,CYS351,CAP,C_or_S
6i0x.B,Q9RQJ2,PAD_PORGI,CYS351,CAP,C_or_S
6i99.A,P51813,BMX_HUMAN,CYS496,C1,C_or_S
6i99.B,P51813,BMX_HUMAN,CYS496,C1,C_or_S
6ib2.A,O14733,MP2K7_HUMAN,CYS218,C22,C_or_S
6ic5.B,P53634,CATC_HUMAN,CYS234,C37,C_or_S
6ic6.B,P53634,CATC_HUMAN,CYS234,C23,C_or_S
6ijs.A,P37231,PPARG_HUMAN,CYS285,CBA,C_or_S
6iuo.A,P22455,FGFR4_HUMAN,CYS477,C1,C_or_S
6iyv.B,I6Y9J2,LDT2_MYCTU,CYS354,CAA,C_or_S
6iyv.A,I6Y9J2,LDT2_MYCTU,CYS354,CAA,C_or_S
6iyw.C,I6Y9J2,LDT2_MYCTU,CYS354,C7,C_or_S
6iyw.B,I6Y9J2,LDT2_MYCTU,CYS354,C7,C_or_S
6iyw.A,I6Y9J2,LDT2_MYCTU,CYS354,C7,C_or_S
6iyw.F,I6Y9J2,LDT2_MYCTU,CYS354,C7,C_or_S
6iyw.E,I6Y9J2,LDT2_MYCTU,CYS354,C7,C_or_S
6iyw.D,I6Y9J2,LDT2_MYCTU,CYS354,C7,C_or_S
6j4p.A,Q86V25,VASH2_HUMAN,CYS158,C15,C_or_S
6j6m.A,Q06187,BTK_HUMAN,CYS481,C15,C_or_S
6jpe.A,P22455,FGFR4_HUMAN,CYS552,CAX,C_or_S
6jxt.A,P00533,EGFR_HUMAN,CYS797,C9,C_or_S
6ku2.E,B3ECE3,B3ECE3_CHLL2,CYS412,S15,C_or_S
6ku2.A,B3ECE3,B3ECE3_CHLL2,CYS412,S15,C_or_S
6kx3.A,P61586,RHOA_HUMAN,CYS107,C8,C_or_S
6l70.B,K4L9I6,K4L9I6_9ALPC,CYS144,C21,C_or_S
6l70.A,K4L9I6,K4L9I6_9ALPC,CYS144,C21,C_or_S
6lka.A,A9XG43,A9XG43_HE71,CYS147,C16,C_or_S
6ls5.A,P09467,F16P1_HUMAN,CYS128,S03,C_or_S
6lu7.A,P0DTD1,R1AB_SARS2,CYS145,C20,C_or_S
6lze.A,P0DTD1,R1AB_SARS2,CYS145,C31,C_or_S
6m0k.A,P0DTD1,R1AB_SARS2,CYS145,C32,C_or_S
6mgu.B,A0A6L8P2U9,A0A6L8P2U9_BACAN,CYS308,K,other
6mgu.A,A0A6L8P2U9,A0A6L8P2U9_BACAN,CYS308,K,other
6mhc.B,P78417,GSTO1_HUMAN,CYS32,C2,C_or_S
6mhc.A,P78417,GSTO1_HUMAN,CYS32,C2,C_or_S
6mhd.B,P78417,GSTO1_HUMAN,CYS32,C2,C_or_S
6mhd.A,P78417,GSTO1_HUMAN,CYS32,C2,C_or_S
6mis.B,P80884,ANAN_ANACO,CYS25,C2,C_or_S
6mis.A,P80884,ANAN_ANACO,CYS25,C2,C_or_S
6mzw.A,P11362,FGFR1_HUMAN,CYS488,C0V,C_or_S
6n2j.A,P01116,RASK_HUMAN,CYS12,C30,C_or_S
6n2k.A,P01116,RASK_HUMAN,CYS12,C26,C_or_S
6n4t.A,Q9Y5Y6,ST14_HUMAN,CYS122,SG2,C_or_S
6n9j.A,Q8A866,Q8A866_BACTN,CYS183,CAK,C_or_S
6n9j.B,Q8A866,Q8A866_BACTN,CYS183,CAK,C_or_S
6n9p.A,Q06187,BTK_HUMAN,CYS481,C32,C_or_S
6nd3.B,Q30W70,CUTC_DESAG,CYS489,C,C_or_S
6nd3.D,Q30W70,CUTC_DESAG,CYS489,C,C_or_S
6nd3.A,Q30W70,CUTC_DESAG,CYS489,C,C_or_S
6nd3.C,Q30W70,CUTC_DESAG,CYS489,C,C_or_S
6nd3.F,Q30W70,CUTC_DESAG,CYS489,C,C_or_S
6nd3.G,Q30W70,CUTC_DESAG,CYS489,C,C_or_S
6nd3.E,Q30W70,CUTC_DESAG,CYS489,C,C_or_S
6nd3.H,Q30W70,CUTC_DESAG,CYS489,C,C_or_S
6nkj.B,Q97NQ4,MURA1_STRPN,CYS120,C2,C_or_S
6nkj.A,Q97NQ4,MURA1_STRPN,CYS120,C2,C_or_S
6nvg.A,P22455,FGFR4_HUMAN,CYS552,C22,C_or_S
6nvh.A,P22455,FGFR4_HUMAN,CYS552,C23,C_or_S
6nvi.A,P22455,FGFR4_HUMAN,CYS552,C22,C_or_S
6nvj.A,P22455,FGFR4_HUMAN,CYS552,C22,C_or_S
6nvk.A,P22455,FGFR4_HUMAN,CYS552,C24,C_or_S
6o8i.A,Q06187,BTK_HUMAN,CYS481,C19,C_or_S
6o8m.A,D5AT91,D5AT91_RHOCB,CYS107,N06,other
6ocg.A,Q7L8A9,VASH1_HUMAN,CYS169,C15,C_or_S
6och.C,Q7L8A9,VASH1_HUMAN,CYS169,C13,C_or_S
6och.A,Q7L8A9,VASH1_HUMAN,CYS169,C13,C_or_S
6oim.A,P01116,RASK_HUMAN,CYS12,C25,C_or_S
6owc.A,P03372,ESR1_HUMAN,CYS530,C5,C_or_S
6owc.B,P03372,ESR1_HUMAN,CYS530,C5,C_or_S
6p4e.A,P36400,LMCPB_LEIME,CYS26,C15,C_or_S
6p4e.B,P36400,LMCPB_LEIME,CYS26,C15,C_or_S
6p69.A,P11362,FGFR1_HUMAN,CYS563,C28,C_or_S
6p69.B,P11362,FGFR1_HUMAN,CYS563,C28,C_or_S
6p8w.A,P01116,RASK_HUMAN,CYS12,C01,C_or_S
6p8w.B,P01116,RASK_HUMAN,CYS12,C01,C_or_S
6p8y.B,P01116,RASK_HUMAN,CYS12,C01,C_or_S
6p8y.A,P01116,RASK_HUMAN,CYS12,C01,C_or_S
6p8z.B,P01116,RASK_HUMAN,CYS12,C01,C_or_S
6p8z.A,P01116,RASK_HUMAN,CYS12,C01,C_or_S
6pgo.A,P01116,RASK_HUMAN,CYS12,C01,C_or_S
6pgo.B,P01116,RASK_HUMAN,CYS12,C01,C_or_S
6pgp.A,P01116,RASK_HUMAN,CYS12,C27,C_or_S
6pgp.B,P01116,RASK_HUMAN,CYS12,C27,C_or_S
6pnm.A,P78417,GSTO1_HUMAN,CYS32,C1,C_or_S
6pnn.A,P78417,GSTO1_HUMAN,CYS32,CAA,C_or_S
6pno.A,P78417,GSTO1_HUMAN,CYS32,CAR,C_or_S
6pzp.A,P29466,CASP1_HUMAN,CYS285,C21,C_or_S
6q8n.B,A0A1L9WG58,A0A1L9WG58_ASPA1,CYS288,K,other
6q8n.B,A0A1L9WG58,A0A1L9WG58_ASPA1,CYS294,K,other
6q8n.A,A0A1L9WG58,A0A1L9WG58_ASPA1,CYS288,K,other
6q8n.A,A0A1L9WG58,A0A1L9WG58_ASPA1,CYS294,K,other
6qg4.A,O14733,MP2K7_HUMAN,CYS218,C9,C_or_S
6qg7.A,O14733,MP2K7_HUMAN,CYS218,CBC,C_or_S
6ql8.A,P43235,CATK_HUMAN,CYS25,C6,C_or_S
6qlm.B,P43235,CATK_HUMAN,CYS25,C3,C_or_S
6qlm.A,P43235,CATK_HUMAN,CYS25,C3,C_or_S
6qlw.B,P43235,CATK_HUMAN,CYS25,C14,C_or_S
6qlw.D,P43235,CATK_HUMAN,CYS25,C14,C_or_S
6qlw.C,P43235,CATK_HUMAN,CYS25,C14,C_or_S
6qlw.A,P43235,CATK_HUMAN,CYS25,C14,C_or_S
6qlx.A,P43235,CATK_HUMAN,CYS25,C6,C_or_S
6r0r.A,Q5Y389,POLN_GETV,CYS34,C1A,C_or_S
6r1v.A,Q2FV99,SRTA_STAA8,CYS126,C7,C_or_S
6r5l.A,P31947,1433S_HUMAN,CYS38,S09,C_or_S
6rjq.A,P31947,1433S_HUMAN,CYS38,S09,C_or_S
6rn6.E,P53634,CATC_HUMAN,CYS234,C1,C_or_S
6rn7.B,P53634,CATC_HUMAN,CYS234,C2,C_or_S
6rn9.B,P53634,CATC_HUMAN,CYS234,C2,C_or_S
6rne.B,P53634,CATC_HUMAN,CYS234,C16,C_or_S
6rni.B,P53634,CATC_HUMAN,CYS234,C2,C_or_S
6ro2.A,P42371,FPG_LACLC,CYS248,S2,C_or_S
6ro2.A,P42371,FPG_LACLC,CYS268,S2,C_or_S
6rrm.B,O53223,LDT2_MYCTO,CYS354,SE1,C_or_S
6rrm.A,O53223,LDT2_MYCTO,CYS354,SE1,C_or_S
6rws.A,P31947,1433S_HUMAN,CYS38,S1,C_or_S
6rwu.A,P31947,1433S_HUMAN,CYS38,C,C_or_S
6s9w.A,P31749,AKT1_HUMAN,CYS310,CBL,C_or_S
6sc5.A,Q96EP0,RNF31_HUMAN,CYS885,C14,C_or_S
6sc8.A,Q96EP0,RNF31_HUMAN,CYS885,C14,C_or_S
6sc9.A,Q96EP0,RNF31_HUMAN,CYS885,C14,C_or_S
6sgd.A,P51955,NEK2_HUMAN,CYS22,C20,C_or_S
6slx.A,P31947,1433S_HUMAN,CYS38,C,C_or_S
6sph.L,P00441,SODC_HUMAN,CYS111,SE1,C_or_S
6spj.F,P00441,SODC_HUMAN,CYS111,SE1,C_or_S
6spj.I,P00441,SODC_HUMAN,CYS111,SE1,C_or_S
6spj.A,P00441,SODC_HUMAN,CYS111,SE1,C_or_S
6spj.J,P00441,SODC_HUMAN,CYS111,SE1,C_or_S
6spj.B,P00441,SODC_HUMAN,CYS111,SE1,C_or_S
6spj.E,P00441,SODC_HUMAN,CYS111,SE1,C_or_S
6t5b.A,P01116,RASK_HUMAN,CYS12,C,C_or_S
6t5u.B,P01116,RASK_HUMAN,CYS12,C,C_or_S
6t5u.A,A0A1S2ZE25,A0A1S2ZE25_ERIEU,CYS12,C,C_or_S
6t5v.A,P01116,RASK_HUMAN,CYS12,C,C_or_S
6tam.A,P01116,RASK_HUMAN,CYS12,C16,C_or_S
6tan.A,P01116,RASK_HUMAN,CYS12,C17,C_or_S
6umz.A,P16113,PYP_HALHA,CYS69,C1,C_or_S
6un0.A,P16113,PYP_HALHA,CYS69,C1,C_or_S
6und.A,Q4K977,Q4K977_PSEF5,CYS101,C1,C_or_S
6und.B,Q4K977,Q4K977_PSEF5,CYS101,C1,C_or_S
6usx.A,P01116,RASK_HUMAN,CYS12,C32,C_or_S
6usx.B,P01116,RASK_HUMAN,CYS12,C32,C_or_S
6usz.A,P01116,RASK_HUMAN,CYS12,C39,C_or_S
6v66.A,P00533,EGFR_HUMAN,CYS797,C33,C_or_S
6v66.D,P00533,EGFR_HUMAN,CYS797,C33,C_or_S
6v66.B,P00533,EGFR_HUMAN,CYS797,C33,C_or_S
6v66.C,P00533,EGFR_HUMAN,CYS797,C33,C_or_S
6v6k.H,P00533,EGFR_HUMAN,CYS797,C33,C_or_S
6v6k.E,P00533,EGFR_HUMAN,CYS797,C33,C_or_S
6v6k.A,P00533,EGFR_HUMAN,CYS797,C33,C_or_S
6v6k.F,P00533,EGFR_HUMAN,CYS797,C33,C_or_S
6v6k.D,P00533,EGFR_HUMAN,CYS797,C33,C_or_S
6v6k.B,P00533,EGFR_HUMAN,CYS797,C33,C_or_S
6v6k.G,P00533,EGFR_HUMAN,CYS797,C33,C_or_S
6v6k.C,P00533,EGFR_HUMAN,CYS797,C33,C_or_S
6v6o.F,P00533,EGFR_HUMAN,CYS797,C35,C_or_S
6v6o.C,P00533,EGFR_HUMAN,CYS797,C35,C_or_S
6v6o.D,P00533,EGFR_HUMAN,CYS797,C35,C_or_S
6v6o.H,P00533,EGFR_HUMAN,CYS797,C35,C_or_S
6v6o.B,P00533,EGFR_HUMAN,CYS797,C35,C_or_S
6v6o.A,P00533,EGFR_HUMAN,CYS797,C35,C_or_S
6v6o.G,P00533,EGFR_HUMAN,CYS797,C35,C_or_S
6v6o.E,P00533,EGFR_HUMAN,CYS797,C35,C_or_S
6v9c.A,P22455,FGFR4_HUMAN,CYS552,CBG,C_or_S
6vgy.A,T2B9U0,T2B9U0_MERS,CYS148,C19,C_or_S
6vgy.B,T2B9U0,T2B9U0_MERS,CYS148,C19,C_or_S
6vgz.B,T2B9U0,T2B9U0_MERS,CYS148,C19,C_or_S
6vgz.A,T2B9U0,T2B9U0_MERS,CYS148,C19,C_or_S
6vh0.A,T2B9U0,T2B9U0_MERS,CYS148,C19,C_or_S
6vh0.B,T2B9U0,T2B9U0_MERS,CYS148,C19,C_or_S
6vh1.A,T2B9U0,T2B9U0_MERS,CYS148,C25,C_or_S
6vh1.B,T2B9U0,T2B9U0_MERS,CYS148,C25,C_or_S
6vh2.A,T2B9U0,T2B9U0_MERS,CYS148,C28,C_or_S
6vh2.B,T2B9U0,T2B9U0_MERS,CYS148,C28,C_or_S
6vh3.B,T2B9U0,T2B9U0_MERS,CYS148,C26,C_or_S
6vh3.A,T2B9U0,T2B9U0_MERS,CYS148,C26,C_or_S
6vpl.B,O14965,AURKA_HUMAN,CYS290,SD,C_or_S
6vpl.A,Q9ULW0,TPX2_HUMAN,CYS290,SD,C_or_S
6vpl.B,Q9ULW0,TPX2_HUMAN,CYS290,SD,C_or_S
6vpl.A,O14965,AURKA_HUMAN,CYS290,SD,C_or_S
6vpm.A,Q9ULW0,TPX2_HUMAN,CYS290,SAZ,C_or_S
6vpm.B,O14965,AURKA_HUMAN,CYS290,SAZ,C_or_S
6vpm.A,O14965,AURKA_HUMAN,CYS290,SAZ,C_or_S
6vpm.B,Q9ULW0,TPX2_HUMAN,CYS290,SAZ,C_or_S
6vwe.A,A2RI36,A2RI36_LACLM,CYS89,C25,C_or_S
6w2a.B,P0C6U8,R1A_SARS,CYS145,C26,C_or_S
6w2a.A,P0C6U8,R1A_SARS,CYS145,C26,C_or_S
6wnp.A,P0DTD1,R1AB_SARS2,CYS145,C03,C_or_S
6wtj.A,P0DTD1,R1AB_SARS2,CYS145,C21,C_or_S
6wtk.A,P0DTD1,R1AB_SARS2,CYS145,C21,C_or_S
6wtt.C,P0DTD1,R1AB_SARS2,CYS145,C21,C_or_S
6wtt.B,P0DTD1,R1AB_SARS2,CYS145,C21,C_or_S
6wtt.A,P0DTD1,R1AB_SARS2,CYS145,C21,C_or_S
6xa4.A,P0DTD1,R1AB_SARS2,CYS145,C01,C_or_S
6xbg.B,P0DTD1,R1AB_SARS2,CYS145,C28,C_or_S
6xbg.A,P0DTD1,R1AB_SARS2,CYS145,C28,C_or_S
6xbh.A,P0DTD1,R1AB_SARS2,CYS145,C,C_or_S
6xbi.B,P0DTD1,R1AB_SARS2,CYS145,C28,C_or_S
6xbi.A,P0DTD1,R1AB_SARS2,CYS145,C28,C_or_S
6xfn.A,P0DTD1,R1AB_SARS2,CYS145,C23,C_or_S
6xhl.A,P0C6U8,R1A_SARS,CYS145,C34,C_or_S
6xhl.B,P0C6U8,R1A_SARS,CYS145,C34,C_or_S
6xhm.B,P0DTD1,R1AB_SARS2,CYS145,C34,C_or_S
6xhm.A,P0DTD1,R1AB_SARS2,CYS145,C34,C_or_S
6xhn.A,P0C6U8,R1A_SARS,CYS145,C36,C_or_S
6xhn.B,P0C6U8,R1A_SARS,CYS145,C36,C_or_S
6xho.A,P0C6U8,R1A_SARS,CYS145,C7,C_or_S
6xho.B,P0C6U8,R1A_SARS,CYS145,C7,C_or_S
6xmk.B,P0DTD1,R1AB_SARS2,CYS145,C26,C_or_S
6xmk.A,P0DTD1,R1AB_SARS2,CYS145,C26,C_or_S
6xqs.A,P0DTD1,R1AB_SARS2,CYS145,CAI,C_or_S
6xqt.B,P0DTD1,R1AB_SARS2,CYS145,C43,C_or_S
6xqt.A,P0DTD1,R1AB_SARS2,CYS145,C43,C_or_S
6xqu.A,P0DTD1,R1AB_SARS2,CYS145,C03,C_or_S
6xr3.A,P0DTD1,R1AB_SARS2,CYS145,C02,C_or_S
6xvb.B,P10721,KIT_HUMAN,CYS788,C1,C_or_S
6xvb.A,P10721,KIT_HUMAN,CYS788,C1,C_or_S
6yg2.A,O14733,MP2K7_HUMAN,CYS218,CAA,C_or_S
6yg3.A,O14733,MP2K7_HUMAN,CYS218,C30,C_or_S
6yg6.B,O14733,MP2K7_HUMAN,CYS218,C29,C_or_S
6yg6.A,O14733,MP2K7_HUMAN,CYS218,C29,C_or_S
6yg7.A,O14733,MP2K7_HUMAN,CYS218,C24,C_or_S
6yg7.B,O14733,MP2K7_HUMAN,CYS218,C24,C_or_S
6ygv.A,P28720,TGT_ZYMMO,CYS330,C3,C_or_S
6yl1.A,P24941,CDK2_HUMAN,CYS80,C13,C_or_S
6ynq.A,P0DTD1,R1AB_SARS2,CYS145,C01,C_or_S
6zrt.A,P0DTD1,R1AB_SARS2,CYS145,CAI,C_or_S
6zru.A,P0DTD1,R1AB_SARS2,CYS145,C03,C_or_S
6zu8.A,O15178,TBXT_HUMAN,CYS122,C30,C_or_S
7bqy.A,P0DTD1,R1AB_SARS2,CYS145,C20,C_or_S
7c7p.A,P0DTD1,R1AB_SARS2,CYS145,CAI,C_or_S
7c7p.B,P0DTD1,R1AB_SARS2,CYS145,CAI,C_or_S
7c8r.A,P0DTD1,R1AB_SARS2,CYS145,C07,C_or_S
7c8t.A,P0DTD1,R1AB_SARS2,CYS145,C35,C_or_S
7c8u.A,P0DTD1,R1AB_SARS2,CYS145,C21,C_or_S
7com.A,P0DTD1,R1AB_SARS2,CYS145,C03,C_or_S
7com.B,P0DTD1,R1AB_SARS2,CYS145,C03,C_or_S
