1A09.A,1a09,A,188,CYS,CF
1A09.B,1a09,B,188,CYS,CF
1A54.A,1a54,A,197,CYS,C1
1A54.A,1a54,A,197,CYS,C2
1AEC.A,1aec,A,25,CYS,C2
1AIM.A,1aim,A,25,CYS,CM
1AIQ.A,1aiq,A,146,CYS,C6
1ATK.A,1atk,A,25,CYS,C2
1AU0.A,1au0,A,25,CYS,C21
1AU2.A,1au2,A,25,CYS,C19
1AU3.A,1au3,A,25,CYS,C22
1AU4.A,1au4,A,25,CYS,C17
1AYU.A,1ayu,A,25,CYS,C21
1AYV.A,1ayv,A,25,CYS,C21
1AYW.A,1ayw,A,25,CYS,C21
1B3N.A,1b3n,A,163,CYS,C2
1B3O.B,1b3o,B,331,CYS,C6
1BGO.A,1bgo,A,25,CYS,C31
1BMQ.A,1bmq,A,285,CYS,C27
1BQ1.A,1bq1,A,146,CYS,C6
1BQ1.B,1bq1,B,146,CYS,C6
1BWC.A,1bwc,A,58,CYS,S5
1CMX.A,1cmx,A,90,CYS,C
1CMX.C,1cmx,C,490,CYS,C
1CP3.A,1cp3,A,163,CYS,C1
1CP3.B,1cp3,B,163,CYS,C1
1CQQ.A,1cqq,A,147,CYS,C19
1CR5.A,1cr5,A,34,CYS,C1
1CR5.A,1cr5,A,146,CYS,C1
1CR5.B,1cr5,B,34,CYS,C1
1CR5.B,1cr5,B,146,CYS,C1
1CR5.C,1cr5,C,34,CYS,C1
1CR5.C,1cr5,C,146,CYS,C1
1CSB.D,1csb,D,29,CYS,C3
1CSB.A,1csb,A,29,CYS,C3
1CTE.A,1cte,A,29,CYS,S2
1CTE.B,1cte,B,29,CYS,S2
1CV8.A,1cv8,A,24,CYS,C2
1CVR.A,1cvr,A,244,CYS,C3
1CVZ.A,1cvz,A,25,CYS,C10
1DNA.A,1dna,A,146,CYS,C6
1DNA.B,1dna,B,146,CYS,C6
1ECC.A,1ecc,A,1,CYS,CE
1ECC.B,1ecc,B,1,CYS,CE
1ECG.A,1ecg,A,1,CYS,CE
1ECG.B,1ecg,B,1,CYS,CE
1F1J.A,1f1j,A,186,CYS,C
1F1J.B,1f1j,B,486,CYS,C
1F28.A,1f28,A,173,CYS,C6
1F28.C,1f28,C,173,CYS,C6
1F29.A,1f29,A,25,CYS,C22
1F29.B,1f29,B,25,CYS,C22
1F29.C,1f29,C,25,CYS,C22
1F2A.A,1f2a,A,25,CYS,C27
1F2B.A,1f2b,A,25,CYS,C27
1F2C.A,1f2c,A,25,CYS,C27
1F4C.A,1f4c,A,146,CYS,S1
1F4C.B,1f4c,B,146,CYS,S1
1F4D.A,1f4d,A,143,CYS,S1
1F4D.B,1f4d,B,143,CYS,S1
1F8M.A,1f8m,A,191,CYS,C3
1F8M.B,1f8m,B,191,CYS,C3
1F8M.C,1f8m,C,191,CYS,C3
1F8M.D,1f8m,D,191,CYS,C3
1F9E.I,1f9e,I,285,CYS,C
1F9E.C,1f9e,C,285,CYS,C
1F9E.G,1f9e,G,285,CYS,C
1F9E.A,1f9e,A,285,CYS,C
1F9E.K,1f9e,K,285,CYS,C
1F9E.E,1f9e,E,285,CYS,C
1FH0.A,1fh0,A,25,CYS,C21
1FH0.B,1fh0,B,2025,CYS,C21
1FJ8.A,1fj8,A,163,CYS,C2
1FJ8.B,1fj8,B,163,CYS,C2
1FJ8.C,1fj8,C,163,CYS,C2
1FJ8.D,1fj8,D,163,CYS,C2
1FJM.A,1fjm,A,273,CYS,CB
1FJM.B,1fjm,B,273,CYS,CB
1FJM.B,1fjm,B,291,CYS,S2
1FJM.A,1fjm,A,291,CYS,S2
1FVG.A,1fvg,A,72,CYS,S1
1FVG.A,1fvg,A,218,CYS,S4
1GEC.E,1gec,E,25,CYS,C1
1GFW.A,1gfw,A,163,CYS,C3
1GMY.A,1gmy,A,29,CYS,C1
1GMY.B,1gmy,B,29,CYS,C1
1GMY.C,1gmy,C,29,CYS,C1
1GRH.A,1grh,A,58,CYS,C2
1GSN.A,1gsn,A,58,CYS,SG2
1GTH.A,1gth,A,671,CYS,C5
1GXF.A,1gxf,A,53,CYS,C26
1GXF.B,1gxf,B,53,CYS,C26
1HVY.A,1hvy,A,195,CYS,C6
1HVY.B,1hvy,B,195,CYS,C6
1HVY.C,1hvy,C,195,CYS,C6
1HVY.D,1hvy,D,195,CYS,C6
1I5G.A,1i5g,A,41,CYS,SG2
1ICE.A,1ice,A,285,CYS,C
1ITO.A,1ito,A,29,CYS,C2
1JQW.A,1jqw,A,22,CYS,SD
1JQW.A,1jqw,A,41,CYS,SD
1JR1.A,1jr1,A,331,CYS,C2
1JR1.A,1jr1,A,331,CYS,K
1JR1.A,1jr1,A,331,CYS,K
1JR1.B,1jr1,B,331,CYS,K
1JTQ.A,1jtq,A,146,CYS,C6
1JTQ.B,1jtq,B,146,CYS,C6
1JTU.A,1jtu,A,146,CYS,C6
1JTU.B,1jtu,B,146,CYS,C6
1JU6.A,1ju6,A,195,CYS,C6
1JU6.B,1ju6,B,195,CYS,C6
1JU6.C,1ju6,C,195,CYS,C6
1JU6.D,1ju6,D,195,CYS,C6
1JUJ.A,1juj,A,195,CYS,C6
1JUJ.B,1juj,B,195,CYS,C6
1JUJ.C,1juj,C,195,CYS,C6
1JUJ.D,1juj,D,195,CYS,C6
1JUT.A,1jut,A,146,CYS,C6
1JVI.A,1jvi,A,41,CYS,SD
1JVL.A,1jvl,A,42,CYS,C3
1JVL.B,1jvl,B,42,CYS,C3'
1JVL.A,1jvl,A,112,CYS,CU
1JVL.B,1jvl,B,112,CYS,CU
1KCE.A,1kce,A,146,CYS,C6
1KCE.B,1kce,B,146,CYS,C6
1KHP.A,1khp,A,25,CYS,C1
1KHQ.A,1khq,A,25,CYS,C1
1KWO.A,1kwo,A,693,CYS,CP9
1KZI.A,1kzi,A,146,CYS,C6
1KZI.B,1kzi,B,146,CYS,C6
1KZI.A,1kzi,A,192,CYS,S4
1KZJ.A,1kzj,A,146,CYS,C6
1KZJ.B,1kzj,B,146,CYS,C6
1KZJ.C,1kzj,C,146,CYS,C6
1KZJ.F,1kzj,F,146,CYS,C6
1L2O.A,1l2o,A,693,CYS,CP9
1LXY.A,1lxy,A,398,CYS,C7
1LXY.B,1lxy,B,398,CYS,C7
1M4A.A,1m4a,A,31,CYS,S1
1M4B.A,1m4b,A,43,CYS,S27
1M6D.A,1m6d,A,25,CYS,CT
1M6D.B,1m6d,B,25,CYS,CT
1M72.C,1m72,C,178,CYS,C1
1M72.B,1m72,B,178,CYS,C1
1M72.A,1m72,A,178,CYS,C1
1MEG.A,1meg,A,25,CYS,C2
1MEM.A,1mem,A,25,CYS,C21
1ML3.B,1ml3,B,166,CYS,C1
1ML3.B,1ml3,B,166,CYS,C1
1ML3.C,1ml3,C,166,CYS,C1
1ML3.C,1ml3,C,166,CYS,C1
1ML3.D,1ml3,D,166,CYS,C1
1MS6.A,1ms6,A,25,CYS,C
1MS6.A,1ms6,A,25,CYS,C'
1NBF.B,1nbf,B,223,CYS,C
1NBF.A,1nbf,A,223,CYS,C
1NBP.A,1nbp,A,31,CYS,S1
1NCE.A,1nce,A,146,CYS,C6
1NFZ.A,1nfz,A,67,CYS,C12
1NFZ.B,1nfz,B,67,CYS,C12
1NFZ.A,1nfz,A,67,CYS,MG
1NFZ.B,1nfz,B,67,CYS,MG
1NL6.A,1nl6,A,25,CYS,C31
1NL6.B,1nl6,B,25,CYS,C31
1NLJ.A,1nlj,A,25,CYS,C07
1NLJ.B,1nlj,B,25,CYS,C07
1NME.A,1nme,A,163,CYS,C1
1NMQ.A,1nmq,A,163,CYS,C1
1NMQ.B,1nmq,B,163,CYS,C1
1NMS.A,1nms,A,163,CYS,C1
1NMS.B,1nms,B,163,CYS,C1
1NPZ.A,1npz,A,25,CYS,C18
1NPZ.B,1npz,B,275,CYS,C18
1NQC.A,1nqc,A,25,CYS,C56
1NWE.A,1nwe,A,47,CYS,C2
1O41.A,1o41,A,44,CYS,C10
1O43.A,1o43,A,44,CYS,C71
1O45.A,1o45,A,44,CYS,C75
1O4A.A,1o4a,A,44,CYS,C71
1O4D.A,1o4d,A,44,CYS,C7
1O4E.A,1o4e,A,44,CYS,C11
1O4I.A,1o4i,A,44,CYS,C7
1O4K.A,1o4k,A,44,CYS,C7
1OFE.A,1ofe,A,1,CYS,CE
1OFE.A,1ofe,A,1137,CYS,FE1
1OFE.A,1ofe,A,1143,CYS,FE3
1OFE.A,1ofe,A,1148,CYS,FE4
1OFE.B,1ofe,B,1137,CYS,FE4
1OFE.B,1ofe,B,1143,CYS,FE3
1OFE.B,1ofe,B,1148,CYS,FE1
1P9U.F,1p9u,F,144,CYS,C1
1P9U.B,1p9u,B,144,CYS,C1
1PAD.A,1pad,A,25,CYS,C1
1PAU.A,1pau,A,285,CYS,C
1PE6.A,1pe6,A,25,CYS,C2
1PPP.A,1ppp,A,25,CYS,C2
1PPV.A,1ppv,A,67,CYS,MG
1PPV.B,1ppv,B,67,CYS,MG
1PPV.B,1ppv,B,67,CYS,C10
1PY0.A,1py0,A,51,CYS,S1
1PY0.A,1py0,A,54,CYS,S2
1PYO.A,1pyo,A,155,CYS,C
1PYO.C,1pyo,C,155,CYS,C
1Q6K.A,1q6k,A,25,CYS,C
1QA7.A,1qa7,A,172,CYS,CH3
1QA7.B,1qa7,B,172,CYS,CH3
1QA7.C,1qa7,C,172,CYS,CH3
1QA7.D,1qa7,D,172,CYS,CH3
1QDQ.A,1qdq,A,29,CYS,C6
1QDU.A,1qdu,A,285,CYS,C1
1QDU.C,1qdu,C,285,CYS,C1
1QDU.E,1qdu,E,285,CYS,C1
1QDU.G,1qdu,G,285,CYS,C1
1QDU.I,1qdu,I,285,CYS,C1
1QDU.K,1qdu,K,285,CYS,C1
1QTN.A,1qtn,A,360,CYS,C
1QWZ.A,1qwz,A,223,CYS,SD
1QX6.A,1qx6,A,223,CYS,C2
1QXA.A,1qxa,A,223,CYS,SD
1RE1.A,1re1,A,285,CYS,C4
1RHJ.A,1rhj,A,285,CYS,C9
1RHJ.C,1rhj,C,785,CYS,C9
1RHK.A,1rhk,A,285,CYS,C
1RHM.A,1rhm,A,285,CYS,C4
1RHM.C,1rhm,C,785,CYS,C4
1RHQ.A,1rhq,A,285,CYS,C9
1RHQ.D,1rhq,D,285,CYS,C9
1RHR.A,1rhr,A,285,CYS,C9
1RHU.A,1rhu,A,285,CYS,C9
1RP4.A,1rp4,A,208,CYS,C1
1RQ1.A,1rq1,A,208,CYS,C1
1RWK.A,1rwk,A,285,CYS,C1
1RWM.A,1rwm,A,285,CYS,C18
1RWN.A,1rwn,A,285,CYS,C18
1RWO.A,1rwo,A,285,CYS,C31
1RWP.A,1rwp,A,285,CYS,C20
1RWW.A,1rww,A,285,CYS,C28
1RWX.A,1rwx,A,285,CYS,C31
1RXE.A,1rxe,A,89,CYS,S5
1S4V.A,1s4v,A,26,CYS,C1
1S4V.B,1s4v,B,26,CYS,C1
1SHJ.A,1shj,A,290,CYS,S19
1SHJ.B,1shj,B,290,CYS,S19
1SHL.A,1shl,A,290,CYS,S19
1SHL.B,1shl,B,290,CYS,S19
1SNK.A,1snk,A,25,CYS,C26
1TD2.A,1td2,A,122,CYS,C4A
1THE.A,1the,A,29,CYS,C11
1THE.B,1the,B,29,CYS,C11
1TLO.A,1tlo,A,115,CYS,C2
1TLS.A,1tls,A,146,CYS,C6
1TLS.B,1tls,B,146,CYS,C6
1TRG.A,1trg,A,146,CYS,C6
1TU6.A,1tu6,A,139,CYS,C23
1TU6.B,1tu6,B,139,CYS,C23
1U9V.A,1u9v,A,25,CYS,C27
1U9W.A,1u9w,A,25,CYS,C26
1U9X.A,1u9x,A,25,CYS,C12
1UK4.A,1uk4,A,145,CYS,C1
1UK4.B,1uk4,B,145,CYS,C1
1VSN.A,1vsn,A,25,CYS,C44
1VZE.A,1vze,A,198,CYS,C6
1W66.A,1w66,A,176,CYS,C3
1WOF.A,1wof,A,145,CYS,C21
1WOF.B,1wof,B,145,CYS,C21
1X3Z.A,1x3z,A,191,CYS,C1
1XD3.C,1xd3,C,95,CYS,CB
1XD3.A,1xd3,A,95,CYS,CB
1XD3.A,1xd3,A,95,CYS,CB
1XD3.C,1xd3,C,95,CYS,CB
1YK7.A,1yk7,A,25,CYS,C25
1YK8.A,1yk8,A,139,CYS,C11
1YT7.A,1yt7,A,25,CYS,C31
1ZCM.A,1zcm,A,115,CYS,C32
1ZPR.A,1zpr,A,146,CYS,C6
2A4T.A,2a4t,A,131,CYS,SD
2A4T.A,2a4t,A,131,CYS,SD
2A5I.A,2a5i,A,145,CYS,CBM
2A5K.A,2a5k,A,145,CYS,CBM
2A5K.B,2a5k,B,145,CYS,CBM
2AAZ.A,2aaz,A,187,CYS,C6
2AAZ.B,2aaz,B,187,CYS,C6
2AAZ.C,2aaz,C,187,CYS,C6
2AAZ.D,2aaz,D,187,CYS,C6
2AAZ.E,2aaz,E,187,CYS,C6
2AAZ.F,2aaz,F,187,CYS,C6
2AAZ.G,2aaz,G,187,CYS,C6
2AAZ.H,2aaz,H,187,CYS,C6
2AAZ.I,2aaz,I,187,CYS,C6
2AAZ.J,2aaz,J,187,CYS,C6
2AAZ.K,2aaz,K,187,CYS,C6
2AAZ.L,2aaz,L,187,CYS,C6
2AAZ.M,2aaz,M,187,CYS,C6
2AAZ.N,2aaz,N,187,CYS,C6
2AAZ.O,2aaz,O,187,CYS,C6
2AAZ.P,2aaz,P,187,CYS,C6
2AIM.A,2aim,A,25,CYS,CM
2ALV.A,2alv,A,145,CYS,C33
2AMD.A,2amd,A,145,CYS,C23
2AMD.B,2amd,B,145,CYS,C23
2AMP.A,2amp,A,144,CYS,C21
2AMP.B,2amp,B,144,CYS,C21
2AUX.A,2aux,A,25,CYS,C6
2AUZ.A,2auz,A,25,CYS,C6
2AWZ.A,2awz,A,366,CYS,C1
2AWZ.B,2awz,B,366,CYS,C1
2AX0.A,2ax0,A,366,CYS,C1
2AX0.B,2ax0,B,366,CYS,C1
2AX1.A,2ax1,A,366,CYS,C1
2AX1.B,2ax1,B,366,CYS,C1
2B0F.A,2b0f,A,146,CYS,CX5
2BBQ.A,2bbq,A,146,CYS,C6
2BBQ.B,2bbq,B,146,CYS,C6
2BDL.A,2bdl,A,25,CYS,C19
2BDZ.A,2bdz,A,25,CYS,C2
2BDZ.B,2bdz,B,25,CYS,C2
2BDZ.C,2bdz,C,25,CYS,C2
2BDZ.D,2bdz,D,25,CYS,C2
2C1E.A,2c1e,A,163,CYS,C11
2C2K.A,2c2k,A,163,CYS,C11
2C2M.A,2c2m,A,163,CYS,C2
2C2O.A,2c2o,A,163,CYS,C10
2C2Z.A,2c2z,A,360,CYS,C10
2C6Q.D,2c6q,D,186,CYS,C2
2CDR.A,2cdr,A,163,CYS,C9
2CE2.X,2ce2,X,32,CYS,C19
2CJX.A,2cjx,A,163,CYS,C1
2CJY.A,2cjy,A,163,CYS,C1
2CL0.X,2cl0,X,32,CYS,C19
2CL6.X,2cl6,X,32,CYS,C19
2CL7.X,2cl7,X,32,CYS,C19
2CLC.X,2clc,X,32,CYS,C19
2CNK.A,2cnk,A,163,CYS,C2
2CNL.A,2cnl,A,163,CYS,C10
2CNN.A,2cnn,A,163,CYS,C9
2CNO.A,2cno,A,163,CYS,C3
2D2D.A,2d2d,A,145,CYS,C2
2D2D.B,2d2d,B,145,CYS,C2
2DJF.B,2djf,B,234,CYS,C2
2DW5.A,2dw5,A,645,CYS,CAP
2EFT.A,2eft,A,112,CYS,S
2EFT.B,2eft,B,103,CYS,S
2EVW.X,2evw,X,32,CYS,C19
2F4O.A,2f4o,A,306,CYS,C1
2F7D.A,2f7d,A,25,CYS,C20
2F9A.A,2f9a,A,117,CYS,C8
2FQQ.B,2fqq,B,331,CYS,S1
2FTD.A,2ftd,A,25,CYS,C12
2FTD.B,2ftd,B,25,CYS,C12
2G8E.A,2g8e,A,115,CYS,CAX
2G8J.A,2g8j,A,115,CYS,C1
2GH5.A,2gh5,A,58,CYS,C17
2GH5.B,2gh5,B,58,CYS,C17
2GKE.A,2gke,A,73,CYS,CAN
2GKJ.A,2gkj,A,217,CYS,CAN
2GTB.A,2gtb,A,145,CYS,CBM
2GX4.A,2gx4,A,145,CYS,C35
2GYO.A,2gyo,A,112,CYS,S
2GZ3.A,2gz3,A,128,CYS,CG
2GZ3.B,2gz3,B,128,CYS,CG
2GZ3.C,2gz3,C,128,CYS,CG
2GZ3.D,2gz3,D,128,CYS,CG
2H48.A,2h48,A,285,CYS,C1
2H4W.A,2h4w,A,285,CYS,C1
2H4Y.A,2h4y,A,285,CYS,C1
2H51.A,2h51,A,285,CYS,C1
2H54.A,2h54,A,285,CYS,C1
2H5I.A,2h5i,A,163,CYS,C
2H5J.A,2h5j,A,163,CYS,C
2H5J.C,2h5j,C,163,CYS,C
2H65.A,2h65,A,163,CYS,C
2H65.C,2h65,C,163,CYS,C
2H6M.A,2h6m,A,172,CYS,C
2H6M.A,2h6m,A,172,CYS,C1
2H9H.A,2h9h,A,172,CYS,C
2H9H.A,2h9h,A,172,CYS,C1
2HAL.A,2hal,A,172,CYS,C1
2HAL.A,2hal,A,172,CYS,C1
2HAL.A,2hal,A,172,CYS,C
2HBQ.A,2hbq,A,285,CYS,C1
2HBR.A,2hbr,A,285,CYS,C1
2HBY.A,2hby,A,285,CYS,C1
2HBZ.A,2hbz,A,285,CYS,C1
2HOB.A,2hob,A,145,CYS,C20
2HWO.A,2hwo,A,345,CYS,C51
2HWO.B,2hwo,B,345,CYS,C51
2HWP.A,2hwp,A,345,CYS,C51
2HWP.B,2hwp,B,345,CYS,C51
2HXZ.A,2hxz,A,25,CYS,C
2HXZ.B,2hxz,B,25,CYS,C
2HXZ.C,2hxz,C,25,CYS,C
2IE3.C,2ie3,C,269,CYS,CB
2IJN.A,2ijn,A,366,CYS,S14
2IJN.B,2ijn,B,366,CYS,S14
2IPH.A,2iph,A,1139,CYS,C30
2IPH.B,2iph,B,2139,CYS,C30
2J5F.A,2j5f,A,797,CYS,C51
2J6H.A,2j6h,A,1,CYS,CE
2J6H.B,2j6h,B,1,CYS,CE
2J7Q.A,2j7q,A,23,CYS,N
2J7Q.A,2j7q,A,23,CYS,CB
2J7Q.C,2j7q,C,23,CYS,N
2J7Q.C,2j7q,C,23,CYS,CB
2JIV.A,2jiv,A,797,CYS,CBT
2JIV.B,2jiv,B,797,CYS,CBT
2JU4.A,2ju4,A,10,CYS,C1S
2JU4.A,2ju4,A,21,CYS,C1S
2JU4.A,2ju4,A,30,CYS,C1S
2JU4.A,2ju4,A,38,CYS,C1S
2JU4.A,2ju4,A,50,CYS,C1S
2JU4.A,2ju4,A,60,CYS,C1S
2JU4.A,2ju4,A,68,CYS,C1S
2JU4.A,2ju4,A,73,CYS,C1S
2JU4.A,2ju4,A,76,CYS,C1S
2JU4.A,2ju4,A,87,CYS,C1S
2KCE.A,2kce,A,146,CYS,C6
2KCE.B,2kce,B,146,CYS,C6
2KID.A,2kid,A,184,CYS,SG
2LP8.B,2lp8,B,1003,CYS,C1
2LP8.B,2lp8,B,1014,CYS,C20
2M0Z.A,2m0z,A,22,CYS,C1
2M0Z.A,2m0z,A,77,CYS,C20
2M10.A,2m10,A,22,CYS,C1
2M10.A,2m10,A,77,CYS,C20
2MLM.A,2mlm,A,126,CYS,S2
2NPP.F,2npp,F,269,CYS,CB
2NPP.C,2npp,C,269,CYS,CB
2NQG.A,2nqg,A,115,CYS,CBT
2NQI.A,2nqi,A,115,CYS,CBS
2NTG.A,2ntg,A,115,CYS,SD
2NYL.A,2nyl,A,447,CYS,N
2NYL.D,2nyl,D,447,CYS,N
2NYL.F,2nyl,F,269,CYS,CB
2NYL.C,2nyl,C,269,CYS,CB
2NYM.A,2nym,A,447,CYS,N
2NYM.D,2nym,D,447,CYS,N
2NYM.F,2nym,F,269,CYS,CB
2NYM.C,2nym,C,269,CYS,CB
2O99.B,2o99,B,128,CYS,C2
2O9A.A,2o9a,A,128,CYS,C2
2O9A.B,2o9a,B,128,CYS,C2
2O9A.C,2o9a,C,128,CYS,C2
2O9A.D,2o9a,D,128,CYS,C2
2OP3.A,2op3,A,25,CYS,C17
2OP3.B,2op3,B,25,CYS,C17
2OP9.B,2op9,B,145,CYS,C2
2OZ2.A,2oz2,A,25,CYS,C27
2OZ2.C,2oz2,C,25,CYS,C27
2P7U.A,2p7u,A,25,CYS,C27
2PUO.A,2puo,A,55,CYS,FE4
2PUO.A,2puo,A,74,CYS,FE1
2PUO.A,2puo,A,76,CYS,FE2
2PUO.A,2puo,A,85,CYS,FE3
2PUO.A,2puo,A,57,CYS,C3
2PUO.A,2puo,A,87,CYS,FE4
2Q3Z.A,2q3z,A,277,CYS,CE
2QL5.A,2ql5,A,186,CYS,C
2QL5.C,2ql5,C,486,CYS,C
2QL7.A,2ql7,A,186,CYS,C
2QL7.C,2ql7,C,486,CYS,C
2QL9.A,2ql9,A,186,CYS,C
2QL9.C,2ql9,C,486,CYS,C
2QLB.A,2qlb,A,186,CYS,C
2QLB.C,2qlb,C,486,CYS,C
2QLF.A,2qlf,A,186,CYS,C
2QLF.C,2qlf,C,486,CYS,C
2QLJ.A,2qlj,A,186,CYS,C
2QLJ.C,2qlj,C,486,CYS,C
2QLQ.A,2qlq,A,345,CYS,C51
2QLQ.A,2qlq,A,345,CYS,C51
2QLQ.A,2qlq,A,483,CYS,C51
2QLQ.B,2qlq,B,345,CYS,C51
2QNX.A,2qnx,A,112,CYS,S1
2QNX.B,2qnx,B,112,CYS,S1
2QNY.A,2qny,A,23,CYS,S2
2QNY.A,2qny,A,112,CYS,C1
2QNY.A,2qny,A,112,CYS,C1
2QNY.A,2qny,A,154,CYS,S2
2QNY.B,2qny,B,23,CYS,S2
2QNY.B,2qny,B,112,CYS,C1
2QNY.B,2qny,B,112,CYS,C1
2QNZ.A,2qnz,A,112,CYS,C1
2QNZ.A,2qnz,A,112,CYS,C1
2QNZ.B,2qnz,B,112,CYS,C1
2QNZ.B,2qnz,B,112,CYS,C1
2QNZ.A,2qnz,A,154,CYS,S2
2QNZ.B,2qnz,B,154,CYS,S2
2QO0.A,2qo0,A,112,CYS,S1
2QO0.B,2qo0,B,112,CYS,S1
2QO1.A,2qo1,A,112,CYS,S1
2QO1.B,2qo1,B,112,CYS,S1
2QO3.A,2qo3,A,202,CYS,C2
2QO3.B,2qo3,B,202,CYS,C2
2QQ7.A,2qq7,A,345,CYS,C51
2QQ7.B,2qq7,B,345,CYS,C51
2QX1.A,2qx1,A,112,CYS,S1
2QX1.B,2qx1,B,112,CYS,S1
2R4B.B,2r4b,B,803,CYS,C17
2R6N.A,2r6n,A,25,CYS,C09
2R9F.A,2r9f,A,115,CYS,CBM
2RL2.A,2rl2,A,117,CYS,C2
2RUI.A,2rui,A,187,CYS,SG
2TSC.A,2tsc,A,146,CYS,C6
2TSC.B,2tsc,B,146,CYS,C6
2UZJ.A,2uzj,A,47,CYS,C2
2UZJ.B,2uzj,B,47,CYS,C2
2V6N.A,2v6n,A,145,CYS,CAC
2VF0.A,2vf0,A,146,CYS,C6
2VF0.B,2vf0,B,146,CYS,C6
2VJY.A,2vjy,A,221,CYS,C2
2VJY.B,2vjy,B,221,CYS,C2
2VJY.C,2vjy,C,221,CYS,C2
2VJY.D,2vjy,D,221,CYS,C2
2VKZ.A,2vkz,A,1305,CYS,C2
2VKZ.B,2vkz,B,1305,CYS,C2
2VKZ.C,2vkz,C,1305,CYS,C2
2VV3.A,2vv3,A,285,CYS,C8
2VV4.A,2vv4,A,285,CYS,C8
2VV4.B,2vv4,B,285,CYS,C10
2W93.B,2w93,B,221,CYS,C2
2W93.C,2w93,C,221,CYS,C2
2W93.D,2w93,D,221,CYS,C2
2WDT.C,2wdt,C,92,CYS,CB
2WDT.A,2wdt,A,92,CYS,CB
2WVP.A,2wvp,A,209,CYS,C1
2WVP.A,2wvp,A,209,CYS,C1
2XED.A,2xed,A,76,CYS,C2
2XED.B,2xed,B,76,CYS,C2
2XED.C,2xed,C,76,CYS,C2
2XED.D,2xed,D,76,CYS,C2
2XLQ.A,2xlq,A,215,CYS,C2
2XM7.A,2xm7,A,215,CYS,C2
2XU1.A,2xu1,A,25,CYS,C15
2XU1.B,2xu1,B,25,CYS,C15
2XU1.C,2xu1,C,25,CYS,C15
2XU1.D,2xu1,D,25,CYS,C15
2XU3.A,2xu3,A,25,CYS,C19
2XU3.A,2xu3,A,25,CYS,C19
2XU4.A,2xu4,A,25,CYS,C5
2XU5.A,2xu5,A,25,CYS,C5
2XYG.A,2xyg,A,163,CYS,C22
2XYH.A,2xyh,A,163,CYS,C91
2XYP.A,2xyp,A,163,CYS,C91
2XZ6.A,2xz6,A,53,CYS,SD
2XZ6.B,2xz6,B,53,CYS,SD
2XZ6.C,2xz6,C,53,CYS,SD
2XZ6.D,2xz6,D,53,CYS,SD
2XZ6.E,2xz6,E,53,CYS,SD
2XZ6.F,2xz6,F,53,CYS,SD
2XZ6.G,2xz6,G,53,CYS,SD
2XZ6.H,2xz6,H,53,CYS,SD
2XZ6.I,2xz6,I,53,CYS,SD
2XZ6.J,2xz6,J,53,CYS,SD
2Y5B.A,2y5b,A,221,CYS,C
2Y5B.E,2y5b,E,221,CYS,C
2Y5Y.A,2y5y,A,122,CYS,S15
2Y5Y.B,2y5y,B,122,CYS,S15
2Y92.A,2y92,A,91,CYS,S4
2Y92.A,2y92,A,157,CYS,S1
2YJ0.A,2yj0,A,59,CYS,C1
2YJ0.A,2yj0,A,59,CYS,C1
2YJ0.B,2yj0,B,59,CYS,C1
2YJ0.B,2yj0,B,59,CYS,C1
2YJ0.C,2yj0,C,59,CYS,C1
2YJ0.C,2yj0,C,59,CYS,C1
2YJ0.D,2yj0,D,59,CYS,C1
2YJ0.D,2yj0,D,59,CYS,C1
2YJ0.E,2yj0,E,59,CYS,C1
2YJ0.E,2yj0,E,59,CYS,C1
2YJ0.F,2yj0,F,59,CYS,C1
2YJ0.F,2yj0,F,59,CYS,C1
2YJ2.A,2yj2,A,25,CYS,C18
2YJ8.A,2yj8,A,25,CYS,C18
2YJ9.A,2yj9,A,25,CYS,C5
2YJB.A,2yjb,A,25,CYS,C5
2YJC.A,2yjc,A,25,CYS,C15
2Z3C.A,2z3c,A,145,CYS,CMK
2Z3D.A,2z3d,A,145,CYS,C
2Z3D.A,2z3d,A,145,CYS,C
2Z3D.A,2z3d,A,145,CYS,CMK
2Z3E.A,2z3e,A,145,CYS,CMK
2ZK1.A,2zk1,A,285,CYS,C8
2ZK1.B,2zk1,B,285,CYS,C8
2ZK2.A,2zk2,A,285,CYS,C8
2ZK3.A,2zk3,A,285,CYS,C11
2ZK3.B,2zk3,B,285,CYS,C11
2ZK4.A,2zk4,A,285,CYS,C9
2ZK4.B,2zk4,B,285,CYS,C9
2ZK5.A,2zk5,A,285,CYS,C8
2ZK5.B,2zk5,B,285,CYS,C8
2ZU3.A,2zu3,A,147,CYS,C63
2ZU4.A,2zu4,A,145,CYS,C63
2ZU5.A,2zu5,A,145,CYS,C11
3A2G.A,3a2g,A,102,CYS,C1
3A2G.A,3a2g,A,102,CYS,C1
3A30.A,3a30,A,59,CYS,O
3A5R.A,3a5r,A,157,CYS,C1
3A5R.B,3a5r,B,157,CYS,C1
3ADW.A,3adw,A,285,CYS,C9
3ADW.B,3adw,B,285,CYS,C9
3ADX.A,3adx,A,285,CYS,C8
3B1T.A,3b1t,A,645,CYS,CAP
3B1U.A,3b1u,A,645,CYS,CAP
3B5B.A,3b5b,A,146,CYS,C6
3BLT.A,3blt,A,403,CYS,C8
3BLU.A,3blu,A,403,CYS,C8
3BM8.A,3bm8,A,403,CYS,C8
3BPB.A,3bpb,A,249,CYS,C7
3BPB.B,3bpb,B,249,CYS,C7
3BPF.A,3bpf,A,42,CYS,C2
3BPF.B,3bpf,B,42,CYS,C2
3BPF.C,3bpf,C,42,CYS,C2
3BPF.D,3bpf,D,42,CYS,C2
3BPM.A,3bpm,A,51,CYS,C
3BPM.B,3bpm,B,51,CYS,C
3BWK.A,3bwk,A,51,CYS,C18
3BWK.B,3bwk,B,51,CYS,C18
3BWK.C,3bwk,C,51,CYS,C18
3BWK.D,3bwk,D,51,CYS,C18
3C9E.A,3c9e,A,25,CYS,C2
3C9W.A,3c9w,A,164,CYS,C11
3C9W.B,3c9w,B,164,CYS,C11
3CMC.O,3cmc,O,149,CYS,C1
3CMC.P,3cmc,P,149,CYS,C1
3CMC.Q,3cmc,Q,149,CYS,C1
3CMC.R,3cmc,R,149,CYS,C1
3D62.A,3d62,A,145,CYS,C16
3DKS.C,3dks,C,30,CYS,C4
3DKS.D,3dks,D,30,CYS,C4
3DLA.A,3dla,A,176,CYS,CE
3DLA.B,3dla,B,176,CYS,CE
3DLA.B,3dla,B,176,CYS,CE
3DLA.C,3dla,C,176,CYS,CE
3DLA.D,3dla,D,176,CYS,CE
3DW8.C,3dw8,C,269,CYS,CB
3DW8.F,3dw8,F,269,CYS,CB
3EDQ.A,3edq,A,163,CYS,C
3EDQ.C,3edq,C,163,CYS,C
3EDR.A,3edr,A,186,CYS,C
3EDR.C,3edr,C,486,CYS,C
3GCD.A,3gcd,A,140,CYS,CAG
3GCD.B,3gcd,B,140,CYS,CAG
3GCD.C,3gcd,C,140,CYS,CAG
3GCD.D,3gcd,D,140,CYS,CAG
3GJS.A,3gjs,A,163,CYS,C
3GJS.C,3gjs,C,163,CYS,C
3H0E.A,3h0e,A,163,CYS,C5
3H0E.B,3h0e,B,163,CYS,C5
3H1P.A,3h1p,A,186,CYS,C
3H1P.B,3h1p,B,186,CYS,C
3H7D.A,3h7d,A,25,CYS,C2
3H7D.E,3h7d,E,25,CYS,C2
3HD3.A,3hd3,A,25,CYS,C10
3HD3.B,3hd3,B,25,CYS,C10
3HHA.A,3hha,A,25,CYS,C14
3HHA.B,3hha,B,25,CYS,C14
3HHA.C,3hha,C,25,CYS,C14
3HHA.D,3hha,D,25,CYS,C14
3HHI.A,3hhi,A,122,CYS,C6
3HHI.B,3hhi,B,122,CYS,C6
3HKE.B,3hke,B,241,CYS,CAQ
3HKE.D,3hke,D,241,CYS,CAQ
3HSR.C,3hsr,C,13,CYS,S1
3HSR.D,3hsr,D,13,CYS,S1
3HSR.B,3hsr,B,13,CYS,S1
3HWN.A,3hwn,A,25,CYS,C24
3HWN.B,3hwn,B,25,CYS,C24
3HWN.C,3hwn,C,25,CYS,C24
3HWN.D,3hwn,D,25,CYS,C24
3I06.A,3i06,A,25,CYS,CAS
3I4A.A,3i4a,A,274,CYS,CZ
3I4A.B,3i4a,B,274,CYS,CZ
3IKA.A,3ika,A,797,CYS,CAP
3IUT.A,3iut,A,25,CYS,C22
3K2R.A,3k2r,A,65,CYS,S3
3K2R.A,3k2r,A,76,CYS,S3
3KHU.A,3khu,A,276,CYS,C6'
3KHU.B,3khu,B,276,CYS,C6'
3KHU.C,3khu,C,276,CYS,C6'
3KHU.D,3khu,D,276,CYS,C6'
3KHU.E,3khu,E,276,CYS,C6'
3KHU.F,3khu,F,276,CYS,C6'
3KJF.A,3kjf,A,163,CYS,C1
3KJN.A,3kjn,A,360,CYS,C1
3KJQ.A,3kjq,A,360,CYS,C1
3KKU.A,3kku,A,25,CYS,S
3KNE.A,3kne,A,64,CYS,S2
3KQA.A,3kqa,A,115,CYS,C1
3KQA.B,3kqa,B,115,CYS,C1
3KQA.C,3kqa,C,115,CYS,C1
3KQA.D,3kqa,D,115,CYS,C1
3KR6.A,3kr6,A,115,CYS,C1
3KVF.A,3kvf,A,90,CYS,CB
3KW5.A,3kw5,A,90,CYS,CB
3KW9.A,3kw9,A,25,CYS,C9
3KWB.X,3kwb,X,1025,CYS,C14
3KWB.Y,3kwb,Y,2025,CYS,C14
3KWZ.A,3kwz,A,25,CYS,C26
3KYD.B,3kyd,B,173,CYS,C10
3L2X.A,3l2x,A,115,CYS,SD
3L2X.A,3l2x,A,119,CYS,S10
3LC2.O,3lc2,O,151,CYS,C1
3LC2.Q,3lc2,Q,151,CYS,C1
3LC2.R,3lc2,R,151,CYS,C1
3LC2.P,3lc2,P,151,CYS,C1
3LLE.A,3lle,A,84,CYS,CAG
3LLE.B,3lle,B,84,CYS,CAG
3LOK.A,3lok,A,345,CYS,C51
3LOK.B,3lok,B,345,CYS,C51
3LTH.A,3lth,A,115,CYS,C1
3LXS.A,3lxs,A,25,CYS,C27
3LXS.C,3lxs,C,25,CYS,C27
3N3G.B,3n3g,B,25,CYS,N19
3N4C.A,3n4c,A,25,CYS,C26
3N4C.B,3n4c,B,25,CYS,C26
3NS7.A,3ns7,A,285,CYS,C13
3O1G.A,3o1g,A,25,CYS,C7
3O6T.A,3o6t,A,37,CYS,C15
3O6T.C,3o6t,C,37,CYS,C15
3OD5.A,3od5,A,163,CYS,C
3OD5.B,3od5,B,163,CYS,C
3OD5.A,3od5,A,68,CYS,AS
3OD5.A,3od5,A,87,CYS,AS
3OD5.A,3od5,A,264,CYS,AS
3OD5.A,3od5,A,277,CYS,AS
3OD5.B,3od5,B,68,CYS,AS
3OD5.B,3od5,B,87,CYS,AS
3OD5.B,3od5,B,264,CYS,AS
3OD5.B,3od5,B,277,CYS,AS
3OF8.A,3of8,A,26,CYS,C21
3OF9.A,3of9,A,26,CYS,C31
3ORX.A,3orx,A,148,CYS,SD
3ORX.B,3orx,B,148,CYS,SD
3ORX.C,3orx,C,148,CYS,SD
3ORX.D,3orx,D,148,CYS,SD
3ORX.E,3orx,E,148,CYS,SD
3ORX.F,3orx,F,148,CYS,SD
3ORX.G,3orx,G,148,CYS,SD
3ORX.H,3orx,H,148,CYS,SD
3ORZ.A,3orz,A,148,CYS,SD
3ORZ.B,3orz,B,148,CYS,SD
3ORZ.C,3orz,C,148,CYS,SD
3ORZ.D,3orz,D,148,CYS,SD
3OTU.A,3otu,A,148,CYS,SD
3OVX.A,3ovx,A,25,CYS,C12
3OVX.B,3ovx,B,25,CYS,C12
3OYP.B,3oyp,B,159,CYS,C3
3OYP.A,3oyp,A,159,CYS,C3
3P8E.A,3p8e,A,274,CYS,CZ
3P8E.B,3p8e,B,274,CYS,CZ
3PA8.A,3pa8,A,155,CYS,CAC
3PA8.B,3pa8,B,155,CYS,CAC
3PDF.A,3pdf,A,234,CYS,C18
3PDS.A,3pds,A,93,CYS,S1
3PWY.A,3pwy,A,166,CYS,C18
3Q1L.B,3q1l,B,128,CYS,SG
3Q1L.B,3q1l,B,128,CYS,SG
3Q1L.A,3q1l,A,128,CYS,SG
3Q1L.A,3q1l,A,128,CYS,SG
3Q1L.C,3q1l,C,128,CYS,SG
3Q1L.D,3q1l,D,128,CYS,SG
3Q3Y.A,3q3y,A,147,CYS,C06
3Q3Y.B,3q3y,B,147,CYS,C06
3QN7.B,3qn7,B,2,CYS,C9
3QN7.B,3qn7,B,9,CYS,C7
3QN7.B,3qn7,B,16,CYS,C8
3QNW.A,3qnw,A,163,CYS,C1
3QNW.G,3qnw,G,163,CYS,C1
3QNW.C,3qnw,C,163,CYS,C1
3QSD.A,3qsd,A,100,CYS,C6
3QVY.A,3qvy,A,101,CYS,CAC
3QVY.B,3qvy,B,101,CYS,CAC
3QVY.C,3qvy,C,101,CYS,CAC
3QVY.D,3qvy,D,101,CYS,CAC
3QVY.A,3qvy,A,98,CYS,CAB
3QVY.B,3qvy,B,98,CYS,CAB
3QVY.C,3qvy,C,98,CYS,CAB
3QVY.D,3qvy,D,98,CYS,CAB
3QVY.A,3qvy,A,82,CYS,CAG
3QVY.C,3qvy,C,82,CYS,CAE
3QVY.B,3qvy,B,82,CYS,CAE
3QVY.D,3qvy,D,82,CYS,CAH
3QVZ.A,3qvz,A,101,CYS,CAC
3QVZ.B,3qvz,B,101,CYS,CAC
3QVZ.C,3qvz,C,101,CYS,CAC
3QVZ.D,3qvz,D,101,CYS,CAC
3QVZ.A,3qvz,A,98,CYS,CAB
3QVZ.B,3qvz,B,98,CYS,CAB
3QVZ.C,3qvz,C,98,CYS,CAB
3QVZ.D,3qvz,D,98,CYS,CAB
3QVZ.A,3qvz,A,82,CYS,CAE
3QVZ.C,3qvz,C,82,CYS,CAH
3QVZ.B,3qvz,B,82,CYS,CAG
3QVZ.D,3qvz,D,82,CYS,CAF
3QW0.A,3qw0,A,101,CYS,CAC
3QW0.B,3qw0,B,101,CYS,CAC
3QW0.C,3qw0,C,101,CYS,CAC
3QW0.D,3qw0,D,101,CYS,CAC
3QW0.A,3qw0,A,98,CYS,CAB
3QW0.B,3qw0,B,98,CYS,CAB
3QW0.C,3qw0,C,98,CYS,CAB
3QW0.D,3qw0,D,98,CYS,CAB
3QW0.A,3qw0,A,82,CYS,CAE
3QW0.C,3qw0,C,82,CYS,CAG
3QW0.D,3qw0,D,82,CYS,CAE
3QW0.B,3qw0,B,82,CYS,CAH
3QW1.A,3qw1,A,101,CYS,CAC
3QW1.B,3qw1,B,101,CYS,CAC
3QW1.C,3qw1,C,101,CYS,CAC
3QW1.D,3qw1,D,101,CYS,CAC
3QW1.A,3qw1,A,98,CYS,CAB
3QW1.B,3qw1,B,98,CYS,CAB
3QW1.C,3qw1,C,98,CYS,CAB
3QW1.D,3qw1,D,98,CYS,CAB
3QW1.A,3qw1,A,82,CYS,C1
3QW1.B,3qw1,B,82,CYS,C1
3QW1.C,3qw1,C,82,CYS,C1
3QW1.D,3qw1,D,82,CYS,C2
3RHY.A,3rhy,A,249,CYS,C4
3RHY.B,3rhy,B,249,CYS,C4
3RJM.A,3rjm,A,155,CYS,C
3RJM.C,3rjm,C,155,CYS,C
3RUO.A,3ruo,A,147,CYS,C19
3RUO.B,3ruo,B,147,CYS,C19
3S3Q.A,3s3q,A,100,CYS,C18
3S3R.A,3s3r,A,100,CYS,C21
3S3R.B,3s3r,B,100,CYS,C21
3S3R.C,3s3r,C,100,CYS,C21
3SGW.A,3sgw,A,76,CYS,C2
3SJI.A,3sji,A,147,CYS,C19
3SJO.A,3sjo,A,147,CYS,C19
3SJO.B,3sjo,B,147,CYS,C19
3SJO.C,3sjo,C,147,CYS,C19
3SJO.D,3sjo,D,147,CYS,C19
3SJO.E,3sjo,E,147,CYS,C19
3SJO.F,3sjo,F,147,CYS,C19
3SJO.G,3sjo,G,147,CYS,C19
3SJO.H,3sjo,H,147,CYS,C19
3SN8.A,3sn8,A,145,CYS,C
3SNA.A,3sna,A,145,CYS,C
3SNA.A,3sna,A,145,CYS,C
3SNB.A,3snb,A,145,CYS,C
3SNC.A,3snc,A,145,CYS,C
3SND.A,3snd,A,145,CYS,C
3SND.B,3snd,B,145,CYS,C
3SNE.A,3sne,A,145,CYS,C
3SVV.A,3svv,A,338,CYS,C18
3SVV.B,3svv,B,338,CYS,C18
3SZ9.A,3sz9,A,302,CYS,C11
3SZ9.B,3sz9,B,302,CYS,C11
3SZ9.C,3sz9,C,302,CYS,C11
3SZ9.D,3sz9,D,302,CYS,C11
3SZ9.E,3sz9,E,302,CYS,C11
3SZ9.F,3sz9,F,302,CYS,C11
3SZ9.G,3sz9,G,302,CYS,C11
3SZ9.H,3sz9,H,302,CYS,C11
3SZB.A,3szb,A,243,CYS,C9
3SZB.B,3szb,B,243,CYS,C9
3T9T.A,3t9t,A,442,CYS,C28
3TAX.A,3tax,A,917,CYS,C
3TAX.C,3tax,C,917,CYS,C
3TBE.A,3tbe,A,184,CYS,SD
3TBE.B,3tbe,B,184,CYS,SD
3TBE.C,3tbe,C,184,CYS,SD
3TBE.D,3tbe,D,184,CYS,SD
3TBE.E,3tbe,E,184,CYS,SD
3TBE.F,3tbe,F,184,CYS,SD
3TEZ.A,3tez,A,664,CYS,C1
3TEZ.A,3tez,A,337,CYS,C2
3UR9.B,3ur9,B,139,CYS,C21
3UR9.A,3ur9,A,139,CYS,C21
3V4J.B,3v4j,B,308,CYS,C4
3V4J.A,3v4j,A,308,CYS,C4
3V4L.A,3v4l,A,472,CYS,C1
3V4O.A,3v4o,A,464,CYS,C1
3V4X.D,3v4x,D,111,CYS,C8
3V4X.B,3v4x,B,111,CYS,C8
3V4X.A,3v4x,A,111,CYS,C8
3V4X.C,3v4x,C,111,CYS,C8
3V61.B,3v61,B,81,CYS,C3
3V61.B,3v61,B,22,CYS,C3
3V62.B,3v62,B,81,CYS,C3
3V62.E,3v62,E,81,CYS,C3
3V62.B,3v62,B,22,CYS,C3
3V62.E,3v62,E,22,CYS,C3
3V6R.A,3v6r,A,154,CYS,C33
3V6R.B,3v6r,B,154,CYS,C33
3V6S.B,3v6s,B,154,CYS,C33
3V6S.A,3v6s,A,154,CYS,C33
3VB4.A,3vb4,A,145,CYS,C
3VB4.B,3vb4,B,145,CYS,C
3VB5.A,3vb5,A,145,CYS,C
3VB5.B,3vb5,B,145,CYS,C
3VB6.A,3vb6,A,145,CYS,C
3VB6.B,3vb6,B,145,CYS,C
3VB7.A,3vb7,A,145,CYS,C
3VB7.B,3vb7,B,145,CYS,C
3VCY.C,3vcy,C,116,CYS,C1
3VCY.D,3vcy,D,116,CYS,C1
3VCY.B,3vcy,B,116,CYS,C1
3VCY.A,3vcy,A,116,CYS,C1
3VYP.A,3vyp,A,354,CYS,C1
3VYP.B,3vyp,B,354,CYS,C1
3W2P.A,3w2p,A,797,CYS,C35
3W2Q.A,3w2q,A,797,CYS,CBT
3X1H.A,3x1h,A,285,CYS,C15
3X1H.B,3x1h,B,285,CYS,C15
3X1I.A,3x1i,A,285,CYS,C15
3X1I.B,3x1i,B,285,CYS,C15
3X2S.A,3x2s,A,55,CYS,C1
3X2S.A,3x2s,A,169,CYS,C1
3X2S.B,3x2s,B,55,CYS,C1
3X2S.B,3x2s,B,169,CYS,C1
3ZGP.A,3zgp,A,442,CYS,CAA
3ZIM.A,3zim,A,862,CYS,C2
3ZV9.A,3zv9,A,147,CYS,C63
3ZVA.A,3zva,A,147,CYS,C63
3ZVB.A,3zvb,A,147,CYS,C63
3ZVC.A,3zvc,A,147,CYS,C63
3ZVD.A,3zvd,A,147,CYS,C63
3ZVE.A,3zve,A,147,CYS,C63
3ZVF.A,3zvf,A,147,CYS,C63
3ZVG.A,3zvg,A,147,CYS,C63
4A52.A,4a52,A,142,CYS,C7
4AW9.A,4aw9,A,189,CYS,C1
4AWA.A,4awa,A,189,CYS,C1
4AWB.A,4awb,A,189,CYS,C1
4AWB.B,4awb,B,189,CYS,C1
4AWB.A,4awb,A,219,CYS,HG
4AWB.B,4awb,B,219,CYS,HG
4AXM.A,4axm,A,25,CYS,C1
4AXM.B,4axm,B,25,CYS,C1
4AXM.F,4axm,F,25,CYS,C1
4AXM.I,4axm,I,25,CYS,C1
4AXM.L,4axm,L,25,CYS,C1
4AXM.O,4axm,O,25,CYS,C1
4B55.A,4b55,A,70,CYS,C2
4BS5.A,4bs5,A,147,CYS,C12
4BSQ.A,4bsq,A,147,CYS,C14
4C5L.A,4c5l,A,110,CYS,C4A
4C5L.C,4c5l,C,110,CYS,C4A
4C5L.D,4c5l,D,110,CYS,C4A
4C5N.D,4c5n,D,110,CYS,C4A
4CDC.B,4cdc,B,234,CYS,C22
4CDC.E,4cdc,E,234,CYS,C22
4CDC.H,4cdc,H,234,CYS,C22
4CDC.K,4cdc,K,234,CYS,C22
4CDD.B,4cdd,B,234,CYS,C11
4CDD.E,4cdd,E,234,CYS,C11
4CDE.B,4cde,B,234,CYS,C9
4CDE.E,4cde,E,234,CYS,C9
4CDF.B,4cdf,B,234,CYS,C9
4CDF.E,4cdf,E,234,CYS,C9
4CL8.A,4cl8,A,168,CYS,CAF
4CL8.B,4cl8,B,168,CYS,CAF
4CL8.C,4cl8,C,168,CYS,CAF
4CL8.D,4cl8,D,168,CYS,CAF
4CM5.A,4cm5,A,168,CYS,CAV
4CM5.B,4cm5,B,168,CYS,CAV
4CM5.C,4cm5,C,168,CYS,CAV
4CM5.D,4cm5,D,168,CYS,CAV
4CXT.A,4cxt,A,151,CYS,C32
4CYG.A,4cyg,A,211,CYS,C12
4CYG.B,4cyg,B,211,CYS,C12
4D8E.A,4d8e,A,192,CYS,C2
4D8I.A,4d8i,A,192,CYS,C
4D9U.A,4d9u,A,436,CYS,C11
4DCD.A,4dcd,A,147,CYS,C21
4DCJ.A,4dcj,A,163,CYS,C
4DCJ.D,4dcj,D,1163,CYS,C
4DCO.A,4dco,A,163,CYS,C
4DCO.D,4dco,D,1163,CYS,C
4DCP.A,4dcp,A,163,CYS,C
4DCP.D,4dcp,D,1163,CYS,C
4DHJ.A,4dhj,A,88,CYS,C
4DHJ.E,4dhj,E,88,CYS,C
4DHJ.I,4dhj,I,88,CYS,C
4DHJ.L,4dhj,L,88,CYS,C
4DHZ.A,4dhz,A,88,CYS,C
4DKT.A,4dkt,A,645,CYS,C20
4DM9.A,4dm9,A,90,CYS,C1
4DM9.B,4dm9,B,90,CYS,C1
4DMX.A,4dmx,A,25,CYS,C28
4DMY.B,4dmy,B,25,CYS,C29
4DMY.A,4dmy,A,25,CYS,C29
4EM3.A,4em3,A,43,CYS,CBU
4EM3.B,4em3,B,43,CYS,CBU
4EM4.B,4em4,B,43,CYS,CBU
4EM4.A,4em4,A,43,CYS,CBU
4EMW.A,4emw,A,43,CYS,CBU
4EMW.B,4emw,B,43,CYS,CBU
4ETP.B,4etp,B,355,CYS,C1
4ETP.B,4etp,B,423,CYS,C8
4F49.A,4f49,A,144,CYS,C21
4F49.B,4f49,B,144,CYS,C21
4F49.C,4f49,C,144,CYS,C21
4F49.D,4f49,D,144,CYS,C21
4F4Q.A,4f4q,A,394,CYS,NBE
4FDN.A,4fdn,A,387,CYS,N8
4FF6.A,4ff6,A,387,CYS,N8
4FQF.A,4fqf,A,302,CYS,N
4FQF.C,4fqf,C,302,CYS,N
4FQF.D,4fqf,D,302,CYS,N
4FQF.B,4fqf,B,302,CYS,N
4G37.A,4g37,A,447,CYS,C11
4G37.B,4g37,B,447,CYS,C11
4G37.A,4g37,A,108,CYS,C3
4G37.B,4g37,B,108,CYS,C3
4G5J.A,4g5j,A,797,CYS,C30
4G5P.A,4g5p,A,797,CYS,C30
4GHT.A,4ght,A,147,CYS,C19
4GHT.B,4ght,B,147,CYS,C19
4GMX.C,4gmx,C,539,CYS,C3
4GPT.C,4gpt,C,539,CYS,C7
4GS6.A,4gs6,A,174,CYS,C42
4GYL.A,4gyl,A,166,CYS,CA
4HAT.C,4hat,C,539,CYS,C3
4HAU.C,4hau,C,539,CYS,C3
4HAV.C,4hav,C,539,CYS,C3
4HAW.C,4haw,C,539,CYS,C3
4HAX.C,4hax,C,539,CYS,C3
4HAY.C,4hay,C,539,CYS,C3
4HAZ.C,4haz,C,539,CYS,C3
4HB0.C,4hb0,C,539,CYS,C3
4HB4.C,4hb4,C,539,CYS,C3
4HCU.A,4hcu,A,442,CYS,C25
4HCV.A,4hcv,A,442,CYS,C25
4HG3.A,4hg3,A,169,CYS,C5
4HG3.B,4hg3,B,169,CYS,C5
4HG3.C,4hg3,C,169,CYS,C5
4HG3.D,4hg3,D,169,CYS,C5
4HG5.A,4hg5,A,169,CYS,C1
4HG5.B,4hg5,B,169,CYS,C1
4HG5.C,4hg5,C,169,CYS,C1
4HG5.D,4hg5,D,169,CYS,C1
4HQM.A,4hqm,A,5,CYS,C8
4HQM.B,4hqm,B,5,CYS,C8
4HQR.B,4hqr,B,186,CYS,C
4HQR.A,4hqr,A,186,CYS,C
4HVA.A,4hva,A,163,CYS,C5
4HVA.B,4hva,B,163,CYS,C5
4I1P.A,4i1p,A,464,CYS,C7
4I1P.C,4i1p,C,464,CYS,C7
4I24.B,4i24,B,797,CYS,C23
4I24.A,4i24,A,797,CYS,C23
4I3U.A,4i3u,A,291,CYS,C2
4I3U.B,4i3u,B,291,CYS,C2
4I3U.C,4i3u,C,291,CYS,C2
4I3U.D,4i3u,D,291,CYS,C2
4I3U.E,4i3u,E,291,CYS,C2
4I3U.F,4i3u,F,291,CYS,C2
4I3U.G,4i3u,G,291,CYS,C2
4I3U.H,4i3u,H,291,CYS,C2
4I3V.A,4i3v,A,291,CYS,C2
4I3V.B,4i3v,B,291,CYS,C2
4I3V.C,4i3v,C,291,CYS,C2
4I3V.D,4i3v,D,291,CYS,C2
4I3V.E,4i3v,E,291,CYS,C2
4I3V.F,4i3v,F,291,CYS,C2
4I3V.G,4i3v,G,291,CYS,C2
4I3V.H,4i3v,H,291,CYS,C2
4I3W.A,4i3w,A,291,CYS,C1
4I3W.B,4i3w,B,291,CYS,C1
4I3W.C,4i3w,C,291,CYS,C1
4I3W.D,4i3w,D,291,CYS,C1
4I3W.E,4i3w,E,291,CYS,C1
4I3W.F,4i3w,F,291,CYS,C1
4I3W.G,4i3w,G,291,CYS,C1
4I3W.H,4i3w,H,291,CYS,C1
4I5L.F,4i5l,F,269,CYS,CB
4I5L.C,4i5l,C,269,CYS,CB
4I5N.A,4i5n,A,447,CYS,N
4I5N.B,4i5n,B,399,CYS,N
4I5N.D,4i5n,D,447,CYS,N
4I5N.E,4i5n,E,399,CYS,N
4I5N.C,4i5n,C,269,CYS,CB
4I5N.F,4i5n,F,269,CYS,CB
4I6N.A,4i6n,A,85,CYS,CB
4I6N.C,4i6n,C,85,CYS,CB
4I7C.A,4i7c,A,156,CYS,CZ
4I7C.A,4i7c,A,156,CYS,CZ
4I7C.C,4i7c,C,156,CYS,CZ
4I7C.C,4i7c,C,156,CYS,CZ
4I7D.A,4i7d,A,130,CYS,CAA
4I7D.C,4i7d,C,130,CYS,CAA
4IMQ.A,4imq,A,139,CYS,C
4IMZ.A,4imz,A,139,CYS,C
4INH.F,4inh,F,139,CYS,C
4INH.E,4inh,E,139,CYS,C
4INH.H,4inh,H,139,CYS,C
4INH.A,4inh,A,139,CYS,C
4INH.B,4inh,B,139,CYS,C
4INH.D,4inh,D,139,CYS,C
4INH.G,4inh,G,139,CYS,C
4INH.C,4inh,C,139,CYS,C
4J5P.A,4j5p,A,269,CYS,C21
4J5P.B,4j5p,B,269,CYS,C21
4JG6.A,4jg6,A,436,CYS,C07
4JG7.A,4jg7,A,436,CYS,C06
4JG8.A,4jg8,A,436,CYS,C12
ERROR: both CYS
4JJ7.A,4jj7,A,360,CYS,C9
4JJ8.B,4jj8,B,186,CYS,C9
4JJ8.A,4jj8,A,186,CYS,C9
4JJE.A,4jje,A,163,CYS,C9
4JK5.B,4jk5,B,2,CYS,C8
4JK5.B,4jk5,B,9,CYS,C7
4JK5.B,4jk5,B,16,CYS,C9
4JK6.B,4jk6,B,16,CYS,C9
4JK6.B,4jk6,B,2,CYS,C8
4JK6.B,4jk6,B,9,CYS,C7
4JMX.A,4jmx,A,226,CYS,C7
4JR0.B,4jr0,B,163,CYS,C
4JR0.A,4jr0,A,163,CYS,C
4JR1.A,4jr1,A,186,CYS,C
4JR1.B,4jr1,B,186,CYS,C
4JR2.A,4jr2,A,186,CYS,C1
4JR2.B,4jr2,B,186,CYS,C1
4JWS.C,4jws,C,73,CYS,C16
4JWS.D,4jws,D,73,CYS,C16
4JWS.C,4jws,C,86,CYS,FE2
4JWS.D,4jws,D,39,CYS,FE1
4JWS.C,4jws,C,45,CYS,FE1
4JWS.D,4jws,D,45,CYS,FE1
4JWS.C,4jws,C,39,CYS,FE1
4JWS.D,4jws,D,86,CYS,FE2
4JWS.C,4jws,C,48,CYS,FE2
4JWS.D,4jws,D,48,CYS,FE2
4JWS.A,4jws,A,357,CYS,FE
4JWS.B,4jws,B,357,CYS,FE
4JWU.A,4jwu,A,344,CYS,C2
4JWU.C,4jwu,C,19,CYS,C16
4JWU.D,4jwu,D,48,CYS,FE2
4JWU.D,4jwu,D,39,CYS,FE1
4JWU.C,4jwu,C,48,CYS,FE2
4JWU.B,4jwu,B,357,CYS,FE
4JWU.A,4jwu,A,357,CYS,FE
4JWU.D,4jwu,D,45,CYS,FE1
4JWU.C,4jwu,C,39,CYS,FE1
4JWU.D,4jwu,D,86,CYS,FE2
4JWU.C,4jwu,C,86,CYS,FE2
4JWU.C,4jwu,C,45,CYS,FE1
4JX1.E,4jx1,E,344,CYS,C2
4JX1.G,4jx1,G,19,CYS,C16
4JX1.D,4jx1,D,39,CYS,FE1
4JX1.H,4jx1,H,39,CYS,FE1
4JX1.E,4jx1,E,357,CYS,FE
4JX1.H,4jx1,H,86,CYS,FE2
4JX1.F,4jx1,F,357,CYS,FE
4JX1.D,4jx1,D,48,CYS,FE2
4JX1.A,4jx1,A,357,CYS,FE
4JX1.G,4jx1,G,86,CYS,FE2
4JX1.G,4jx1,G,48,CYS,FE2
4JX1.G,4jx1,G,39,CYS,FE1
4JX1.D,4jx1,D,86,CYS,FE2
4JX1.H,4jx1,H,48,CYS,FE2
4JX1.C,4jx1,C,39,CYS,FE1
4JX1.C,4jx1,C,86,CYS,FE2
4JX1.G,4jx1,G,45,CYS,FE1
4JX1.D,4jx1,D,45,CYS,FE1
4JX1.C,4jx1,C,48,CYS,FE2
4JX1.B,4jx1,B,357,CYS,FE
4JX1.H,4jx1,H,45,CYS,FE1
4JX1.C,4jx1,C,45,CYS,FE1
4KIO.C,4kio,C,442,CYS,C1
4KIO.D,4kio,D,442,CYS,C1
4KIO.D,4kio,D,442,CYS,C1
4KTY.B,4kty,B,314,CYS,C23
4KTY.A,4kty,A,314,CYS,C23
4LDT.A,4ldt,A,88,CYS,C
4LFD.A,4lfd,A,223,CYS,SG
4LFD.B,4lfd,B,223,CYS,SG
4LFD.C,4lfd,C,223,CYS,SG
4LFD.D,4lfd,D,223,CYS,SG
4LL0.B,4ll0,B,797,CYS,CAN
4LL0.A,4ll0,A,797,CYS,CAN
4LQM.A,4lqm,A,797,CYS,C51
4LRM.D,4lrm,D,800,CYS,CAN
4LRM.A,4lrm,A,800,CYS,CAN
4LRM.E,4lrm,E,800,CYS,CAN
4LRM.B,4lrm,B,800,CYS,CAN
4LRM.C,4lrm,C,800,CYS,CAN
4LS8.B,4ls8,B,164,CYS,C3
4LS8.A,4ls8,A,164,CYS,C3
4LUC.A,4luc,A,12,CYS,S19
4LUC.B,4luc,B,12,CYS,S19
4LV6.A,4lv6,A,12,CYS,S17
4LV6.B,4lv6,B,12,CYS,S17
4LYF.B,4lyf,B,12,CYS,C18
4LYH.B,4lyh,B,12,CYS,C17
4LYH.C,4lyh,C,12,CYS,C17
4LYJ.A,4lyj,A,12,CYS,C17
4M1O.B,4m1o,B,12,CYS,C28
4M1S.B,4m1s,B,12,CYS,C23
4M1T.B,4m1t,B,12,CYS,C16
4M1W.A,4m1w,A,12,CYS,C25
4M1W.B,4m1w,B,12,CYS,C25
4M1W.C,4m1w,C,12,CYS,C25
4M1Y.B,4m1y,B,12,CYS,C14
4M21.B,4m21,B,12,CYS,C21
4M22.B,4m22,B,12,CYS,C18
4M22.C,4m22,C,12,CYS,C18
4M8T.A,4m8t,A,436,CYS,C07
4MAO.A,4mao,A,436,CYS,C09
4MM3.B,4mm3,B,112,CYS,C
4MNV.B,4mnv,B,7,CYS,C9
4MNV.C,4mnv,C,12,CYS,C8
4MNV.B,4mnv,B,2,CYS,C7
4MNW.B,4mnw,B,12,CYS,C7
4MNW.B,4mnw,B,2,CYS,C8
4MNW.B,4mnw,B,7,CYS,C9
4MNX.B,4mnx,B,12,CYS,C16
4MNX.B,4mnx,B,7,CYS,C25
4MNX.B,4mnx,B,2,CYS,C19
4MNY.D,4mny,D,7,CYS,C10
4MNY.C,4mny,C,7,CYS,C10
4MNY.C,4mny,C,12,CYS,C12
4MNY.D,4mny,D,12,CYS,C12
4MNY.D,4mny,D,2,CYS,C9
4MNY.C,4mny,C,2,CYS,C9
4MZ4.A,4mz4,A,366,CYS,C9
4MZ4.A,4mz4,A,366,CYS,C9
4MZ4.B,4mz4,B,366,CYS,C9
4MZ4.B,4mz4,B,366,CYS,C9
4MZO.G,4mzo,G,147,CYS,C14
4MZO.C,4mzo,C,147,CYS,C14
4MZO.F,4mzo,F,147,CYS,C14
4MZO.B,4mzo,B,147,CYS,C14
4MZO.D,4mzo,D,147,CYS,C14
4MZO.E,4mzo,E,147,CYS,C14
4MZO.H,4mzo,H,147,CYS,C14
4MZO.A,4mzo,A,147,CYS,C14
4MZS.B,4mzs,B,147,CYS,C14
4MZS.A,4mzs,A,147,CYS,C14
4NCR.A,4ncr,A,387,CYS,NBE
4NCR.B,4ncr,B,387,CYS,NBE
4NI0.B,4ni0,B,112,CYS,S1
4NI0.B,4ni0,B,93,CYS,S1
4NI1.B,4ni1,B,112,CYS,S1
4NI1.B,4ni1,B,93,CYS,S1
4NJ4.B,4nj4,B,200,CYS,C7
4NJ4.A,4nj4,A,200,CYS,C7
4NMM.A,4nmm,A,12,CYS,C13
4NPI.B,4npi,B,302,CYS,CA6
4NPI.D,4npi,D,302,CYS,CA6
4NPI.C,4npi,C,302,CYS,CA6
4NPI.A,4npi,A,302,CYS,CA6
4OB2.A,4ob2,A,113,CYS,CO
4OB2.A,4ob2,A,113,CYS,O15
4OLC.B,4olc,B,242,CYS,S1
4ONM.B,4onm,B,87,CYS,C5
4ONN.B,4onn,B,87,CYS,C12
4OU2.C,4ou2,C,302,CYS,C5
4OU2.B,4ou2,B,302,CYS,C5
4OU2.D,4ou2,D,302,CYS,C5
4OU2.A,4ou2,A,302,CYS,C5
4OUB.B,4oub,B,302,CYS,CA6
4OUB.D,4oub,D,302,CYS,CA6
4OUB.C,4oub,C,302,CYS,CA6
4OUB.A,4oub,A,302,CYS,CA6
4PAD.A,4pad,A,25,CYS,CM
4PDZ.B,4pdz,B,84,CYS,C12
4PE0.X,4pe0,X,84,CYS,C8
4PE0.A,4pe0,A,84,CYS,C8
4PE4.X,4pe4,X,84,CYS,C03
4PE4.A,4pe4,A,84,CYS,C03
4PE7.A,4pe7,A,84,CYS,C14
4PHF.A,4phf,A,35,CYS,CAA
4PHG.A,4phg,A,35,CYS,CAA
4PHH.A,4phh,A,35,CYS,CAA
4PHH.B,4phh,B,35,CYS,CAA
4PHH.C,4phh,C,35,CYS,CAA
4PHH.D,4phh,D,35,CYS,CAA
4PI3.A,4pi3,A,25,CYS,C22
4PI3.B,4pi3,B,25,CYS,C22
4PID.A,4pid,A,122,CYS,C12
4PIE.A,4pie,A,122,CYS,C32
4PIQ.A,4piq,A,122,CYS,C24
4PIS.A,4pis,A,122,CYS,C31
4PNC.A,4pnc,A,59,CYS,CAN
4PNC.A,4pnc,A,59,CYS,CAN
4POK.A,4pok,A,69,CYS,S1
4POL.B,4pol,B,69,CYS,S1
4POL.A,4pol,A,62,CYS,S1
4POL.B,4pol,B,62,CYS,S1
4POL.A,4pol,A,69,CYS,S1
4POM.A,4pom,A,69,CYS,S1
4POM.B,4pom,B,69,CYS,S1
4PZY.A,4pzy,A,70,CYS,CAH
4PZY.B,4pzy,B,70,CYS,CAH
4PZZ.A,4pzz,A,39,CYS,SAH
4Q01.A,4q01,A,39,CYS,SAH
4Q01.B,4q01,B,39,CYS,SAH
4Q02.A,4q02,A,39,CYS,SAG
4Q24.A,4q24,A,37,CYS,C91
4QBB.A,4qbb,A,51,CYS,C1
4QBB.B,4qbb,B,51,CYS,C1
4QBB.C,4qbb,C,51,CYS,C1
4QH6.A,4qh6,A,25,CYS,CAM
4QKX.A,4qkx,A,1184,CYS,NA
4QKX.A,4qkx,A,1190,CYS,NA
4QKX.A,4qkx,A,1093,CYS,SAE
4QPS.A,4qps,A,909,CYS,C1
4QPS.C,4qps,C,909,CYS,C1
4QQ5.A,4qq5,A,482,CYS,C46
4QQC.A,4qqc,A,477,CYS,C46
4R0O.C,4r0o,C,89,CYS,CU
4R0O.D,4r0o,D,89,CYS,CU
4R0O.B,4r0o,B,89,CYS,CU
4R0O.A,4r0o,A,89,CYS,CU
4R0O.B,4r0o,B,45,CYS,C1
4R0O.C,4r0o,C,45,CYS,C1
4R0O.A,4r0o,A,45,CYS,C1
4R0O.D,4r0o,D,45,CYS,C1
4R5S.A,4r5s,A,797,CYS,CAV
4R6V.A,4r6v,A,477,CYS,CAV
4RBM.A,4rbm,A,477,CYS,CAK
4RQR.A,4rqr,A,82,CYS,S1
4RQR.A,4rqr,A,7,CYS,S1
4RQR.A,4rqr,A,82,CYS,S1
4RQX.B,4rqx,B,124,CYS,S1
4RQX.D,4rqx,D,124,CYS,S1
4RQX.D,4rqx,D,124,CYS,S1
4RQX.E,4rqx,E,124,CYS,S1
4RQX.B,4rqx,B,124,CYS,S1
4RQX.E,4rqx,E,124,CYS,S1
4RQX.C,4rqx,C,124,CYS,S1
4RQX.A,4rqx,A,124,CYS,S1
4RSP.A,4rsp,A,148,CYS,C63
4THI.A,4thi,A,113,CYS,C6'
4TKX.L,4tkx,L,477,CYS,CM
4TWY.A,4twy,A,145,CYS,C24
4US0.R,4us0,R,118,CYS,C2
4US1.R,4us1,R,118,CYS,C3
4US2.R,4us2,R,118,CYS,C3
4V3F.A,4v3f,A,450,CYS,C4
4V3F.B,4v3f,B,450,CYS,C4
4V3F.D,4v3f,D,450,CYS,C4
4WD5.A,4wd5,A,797,CYS,CAR
4WGF.A,4wgf,A,118,CYS,CA
4WGF.B,4wgf,B,118,CYS,CA
4WGF.C,4wgf,C,118,CYS,CA
4WGF.D,4wgf,D,118,CYS,CA
4WGF.E,4wgf,E,118,CYS,CA
4WGF.F,4wgf,F,118,CYS,CA
4WGF.G,4wgf,G,118,CYS,CA
4WGF.H,4wgf,H,118,CYS,CA
4WVF.C,4wvf,C,539,CYS,C3
4WX4.A,4wx4,A,122,CYS,C9
4WX6.A,4wx6,A,122,CYS,C27
4WX6.C,4wx6,C,122,CYS,C27
4WX7.A,4wx7,A,122,CYS,C30
4WX7.C,4wx7,C,122,CYS,C30
4X0T.A,4x0t,A,302,CYS,C13
4X0T.B,4x0t,B,302,CYS,C13
4X0T.C,4x0t,C,302,CYS,C13
4X0T.D,4x0t,D,302,CYS,C13
4X0U.A,4x0u,A,302,CYS,C13
4X0U.B,4x0u,B,302,CYS,C13
4X0U.C,4x0u,C,302,CYS,C13
4X0U.D,4x0u,D,302,CYS,C13
4X6J.A,4x6j,A,25,CYS,C1
4XBB.A,4xbb,A,139,CYS,C31
4XBC.A,4xbc,A,139,CYS,C30
4XBD.A,4xbd,A,139,CYS,C30
4XBD.B,4xbd,B,139,CYS,C30
4XCU.A,4xcu,A,552,CYS,C8
4XTD.A,4xtd,A,334,CYS,C2
4XTD.B,4xtd,B,334,CYS,C2
4XTI.A,4xti,A,334,CYS,K
4XTI.A,4xti,A,334,CYS,C2
4XTI.B,4xti,B,334,CYS,K
4XZ0.A,4xz0,A,117,CYS,CAF
4XZ1.A,4xz1,A,78,CYS,CAL
4YEC.B,4yec,B,179,CYS,CAK
4YHF.A,4yhf,A,481,CYS,C1
4YHF.B,4yhf,B,481,CYS,C1
4YQM.A,4yqm,A,32,CYS,C7
4YQM.B,4yqm,B,32,CYS,C7
4YQM.C,4yqm,C,32,CYS,C7
4YQU.A,4yqu,A,32,CYS,C3
4YQU.B,4yqu,B,32,CYS,C3
4YQV.A,4yqv,A,32,CYS,C13
4YQV.B,4yqv,B,32,CYS,C13
4YQV.C,4yqv,C,32,CYS,C13
4YRS.A,4yrs,A,365,CYS,C
4YRT.A,4yrt,A,365,CYS,C9
4YV8.A,4yv8,A,25,CYS,C
4Z16.A,4z16,A,909,CYS,CAP
4Z16.B,4z16,B,909,CYS,CAP
4Z16.C,4z16,C,909,CYS,CAP
4Z16.D,4z16,D,909,CYS,CAP
4ZDK.A,4zdk,A,393,CYS,CE
4ZDK.B,4zdk,B,393,CYS,CE
4ZFQ.A,4zfq,A,360,CYS,CAA
4ZRO.A,4zro,A,144,CYS,C63
4ZRO.B,4zro,B,144,CYS,C63
4ZRO.C,4zro,C,144,CYS,C63
4ZRO.D,4zro,D,144,CYS,C63
4ZVO.A,4zvo,A,186,CYS,C
4ZVO.C,4zvo,C,486,CYS,C
4ZVP.A,4zvp,A,186,CYS,C
4ZVP.C,4zvp,C,486,CYS,C
4ZVQ.A,4zvq,A,186,CYS,C
4ZVQ.C,4zvq,C,486,CYS,C
4ZVR.A,4zvr,A,186,CYS,C
4ZVR.C,4zvr,C,486,CYS,C
4ZVS.A,4zvs,A,186,CYS,C
4ZVS.C,4zvs,C,486,CYS,C
4ZVT.A,4zvt,A,186,CYS,C
4ZVT.C,4zvt,C,486,CYS,C
4ZVU.A,4zvu,A,186,CYS,C
4ZVU.C,4zvu,C,486,CYS,C
4ZZM.A,4zzm,A,166,CYS,C
4ZZO.A,4zzo,A,166,CYS,C
5A24.A,5a24,A,26,CYS,C2
5A2D.A,5a2d,A,450,CYS,C4
5A2D.B,5a2d,B,450,CYS,C4
5AC0.A,5ac0,A,301,CYS,C8
5AC0.B,5ac0,B,301,CYS,C8
5AC1.B,5ac1,B,301,CYS,C8
5AC1.C,5ac1,C,301,CYS,C8
5AC2.A,5ac2,A,302,CYS,C8
5ACB.C,5acb,C,1039,CYS,CBL
5ACB.D,5acb,D,1039,CYS,CBL
5AZT.A,5azt,A,275,CYS,C15
5AZT.B,5azt,B,275,CYS,C15
5AZV.A,5azv,A,285,CYS,C15
5AZV.B,5azv,B,285,CYS,C15
5C1U.A,5c1u,A,147,CYS,C27
5C1U.B,5c1u,B,147,CYS,C27
5C1X.A,5c1x,A,147,CYS,C27
5C1X.B,5c1x,B,147,CYS,C27
5C1Y.A,5c1y,A,147,CYS,C27
5C20.A,5c20,A,147,CYS,C27
5C91.A,5c91,A,627,CYS,C3
5CBN.A,5cbn,A,133,CYS,C03
5CBN.A,5cbn,A,1226,CYS,C19
5CGG.K,5cgg,K,48,CYS,CH3
5CGG.Y,5cgg,Y,48,CYS,CH3
5CGH.K,5cgh,K,48,CYS,CH3
5CGH.Y,5cgh,Y,48,CYS,CH3
5CRA.A,5cra,A,118,CYS,CB
5CRA.B,5cra,B,118,CYS,CB
5D11.A,5d11,A,345,CYS,CAA
5D11.B,5d11,B,345,CYS,CAA
5D61.A,5d61,A,215,CYS,C1
5D62.A,5d62,A,215,CYS,C1
5D63.A,5d63,A,215,CYS,C1
5D63.A,5d63,A,215,CYS,C1
5DAD.A,5dad,A,151,CYS,C1
5DAF.A,5daf,A,151,CYS,C1
5DC2.A,5dc2,A,354,CYS,C7
5DC2.B,5dc2,B,354,CYS,C7
5DCC.A,5dcc,A,354,CYS,C7
5DCC.B,5dcc,B,354,CYS,C7
5DG6.A,5dg6,A,139,CYS,C25
5DGJ.A,5dgj,A,139,CYS,C24
5DGJ.A,5dgj,A,139,CYS,C24
5DP3.A,5dp3,A,147,CYS,C14
5DP4.A,5dp4,A,147,CYS,C14
5DP4.B,5dp4,B,147,CYS,C14
5DP4.C,5dp4,C,147,CYS,C14
5DP4.D,5dp4,D,147,CYS,C14
5DP5.A,5dp5,A,147,CYS,C14
5DP6.A,5dp6,A,147,CYS,C14
5DP6.B,5dp6,B,147,CYS,C14
5DP7.A,5dp7,A,147,CYS,C14
5DP8.A,5dp8,A,147,CYS,C14
5DP9.A,5dp9,A,147,CYS,C14
5DPA.A,5dpa,A,147,CYS,C14
5DQL.A,5dql,A,191,CYS,C01
5DQL.B,5dql,B,191,CYS,C01
5DQL.C,5dql,C,191,CYS,C01
5DQL.D,5dql,D,191,CYS,C01
5DU9.A,5du9,A,17,CYS,CCH
5DU9.B,5du9,B,17,CYS,CCH
5DUA.A,5dua,A,17,CYS,C01
5DUA.B,5dua,B,17,CYS,C01
5DUJ.A,5duj,A,354,CYS,CAT
5DUJ.B,5duj,B,354,CYS,CAT
5DVP.A,5dvp,A,354,CYS,CAJ
5DVP.B,5dvp,B,354,CYS,CAJ
5DZJ.A,5dzj,A,354,CYS,C13
5DZJ.B,5dzj,B,354,CYS,C13
5DZP.A,5dzp,A,354,CYS,C13
5E0G.A,5e0g,A,139,CYS,C19
5E0H.A,5e0h,A,139,CYS,C02
5E0J.A,5e0j,A,139,CYS,C02
5E1I.A,5e1i,A,354,CYS,C02
5E51.A,5e51,A,226,CYS,C02
5E51.C,5e51,C,226,CYS,C02
5E7R.A,5e7r,A,174,CYS,C30
5EL1.A,5el1,A,47,CYS,C2
5EMU.A,5emu,A,47,CYS,C2
5EU8.A,5eu8,A,144,CYS,C20
5EZS.A,5ezs,A,477,CYS,C2
5F02.A,5f02,A,25,CYS,C11
5F2E.A,5f2e,A,12,CYS,C15
5FC2.B,5fc2,B,2110,CYS,C
5FC3.B,5fc3,B,2110,CYS,C
5FED.A,5fed,A,797,CYS,C32
5FEE.A,5fee,A,797,CYS,C32
5FEQ.A,5feq,A,797,CYS,C3
5FEQ.A,5feq,A,797,CYS,O2
5FNV.C,5fnv,C,316,CYS,C03
5FSE.C,5fse,C,322,CYS,C2
5FSE.C,5fse,C,555,CYS,C2
5FX5.A,5fx5,A,147,CYS,C4
5FX6.A,5fx6,A,147,CYS,C4
5G4H.C,5g4h,C,322,CYS,C2
5GIT.A,5git,A,151,CYS,C14
5GK1.A,5gk1,A,126,CYS,CAH
5GK1.C,5gk1,C,126,CYS,CAH
5GMP.A,5gmp,A,797,CYS,CAR
5GNK.A,5gnk,A,797,CYS,CAO
5GSO.A,5gso,A,147,CYS,C15
5GSO.B,5gso,B,147,CYS,C15
5GSO.C,5gso,C,147,CYS,C15
5GSO.D,5gso,D,147,CYS,C15
5GSO.E,5gso,E,147,CYS,C15
5GTY.A,5gty,A,797,CYS,CAP
5GTY.B,5gty,B,797,CYS,CAP
5GTY.D,5gty,D,797,CYS,CAP
5GTY.E,5gty,E,797,CYS,CAP
5GTY.F,5gty,F,797,CYS,CAP
5GTY.G,5gty,G,797,CYS,CAP
5GTY.H,5gty,H,797,CYS,CAP
5GTY.C,5gty,C,797,CYS,CAP
5GTZ.A,5gtz,A,797,CYS,CAT
5GWY.A,5gwy,A,144,CYS,C20
5GWY.B,5gwy,B,144,CYS,C20
5GWZ.B,5gwz,B,144,CYS,C20
5GWZ.A,5gwz,A,144,CYS,C20
5HG5.A,5hg5,A,797,CYS,C20
5HG7.A,5hg7,A,797,CYS,C21
5HG8.A,5hg8,A,797,CYS,C21
5HG9.A,5hg9,A,797,CYS,C12
5IC3.A,5ic3,A,319,CYS,C4
5IC4.A,5ic4,A,163,CYS,CMK
5IC4.C,5ic4,C,163,CYS,CMK
5IC4.E,5ic4,E,163,CYS,CMK
5IC4.G,5ic4,G,163,CYS,CMK
5IC6.A,5ic6,A,186,CYS,CMK
5IC6.C,5ic6,C,186,CYS,CMK
5IYT.B,5iyt,B,147,CYS,C26
5J7S.A,5j7s,A,174,CYS,C31
5J87.A,5j87,A,481,CYS,CBA
5J87.B,5j87,B,481,CYS,CBA
5J87.C,5j87,C,481,CYS,CBA
5J87.D,5j87,D,481,CYS,CBA
5J8I.A,5j8i,A,174,CYS,C31
5J9Y.A,5j9y,A,797,CYS,CBC
5J9Z.A,5j9z,A,797,CYS,CBD
5JH6.A,5jh6,A,174,CYS,C31
5JK3.A,5jk3,A,174,CYS,C25
5JPF.A,5jpf,A,438,CYS,CB
5K69.A,5k69,A,354,CYS,C1
5K69.B,5k69,B,354,CYS,C1
5KOF.B,5kof,B,163,CYS,C26
5KOF.A,5kof,A,163,CYS,C26
5KYK.A,5kyk,A,12,CYS,C32
5KYK.B,5kyk,B,12,CYS,C32
5KYK.C,5kyk,C,12,CYS,C32
5L6O.A,5l6o,A,717,CYS,C15
5L6P.A,5l6p,A,717,CYS,C15
5L8H.A,5l8h,A,44,CYS,CB
5LA6.C,5la6,C,316,CYS,C03
5LAK.A,5lak,A,153,CYS,C
5LAK.B,5lak,B,153,CYS,C
5LAK.C,5lak,C,153,CYS,C
5LAP.A,5lap,A,182,CYS,C1
5LAP.B,5lap,B,182,CYS,C1
5LB1.A,5lb1,A,354,CYS,S5
5LB1.B,5lb1,B,354,CYS,S5
5LBG.B,5lbg,B,354,CYS,C
5LBM.A,5lbm,A,35,CYS,C
5LBM.B,5lbm,B,35,CYS,C
5LCJ.A,5lcj,A,166,CYS,C43
5LCK.A,5lck,A,166,CYS,C25
5LO9.A,5lo9,A,21,CYS,CAB
5LO9.A,5lo9,A,24,CYS,CAC
5LO9.A,5lo9,A,121,CYS,CAB
5LO9.A,5lo9,A,287,CYS,CAB
5LO9.A,5lo9,A,290,CYS,CAC
5LO9.A,5lo9,A,330,CYS,S2
5LO9.A,5lo9,A,402,CYS,CAB
5LO9.A,5lo9,A,405,CYS,CAC
5LO9.B,5lo9,B,21,CYS,CAB
5LO9.B,5lo9,B,24,CYS,CAC
5LO9.B,5lo9,B,121,CYS,CAB
5LO9.B,5lo9,B,124,CYS,CAC
5LO9.B,5lo9,B,287,CYS,CAB
5LO9.B,5lo9,B,290,CYS,CAC
5LO9.B,5lo9,B,330,CYS,S2
5LO9.B,5lo9,B,402,CYS,CAB
5LO9.B,5lo9,B,405,CYS,CAC
5LU8.A,5lu8,A,189,CYS,C1
5LU8.A,5lu8,A,219,CYS,HG
5LU9.A,5lu9,A,189,CYS,C1
5LWN.A,5lwn,A,909,CYS,C12
5MAE.A,5mae,A,25,CYS,C8
5MAJ.A,5maj,A,25,CYS,C8
5MI4.A,5mi4,A,550,CYS,C7
5MI5.A,5mi5,A,550,CYS,C7
5MI6.A,5mi6,A,550,CYS,C7
5MI7.A,5mi7,A,550,CYS,C01
5MJB.A,5mjb,A,703,CYS,C7
5MJB.B,5mjb,B,703,CYS,C7
5MQY.A,5mqy,A,25,CYS,C24
5MTK.A,5mtk,A,285,CYS,C29
5MU9.A,5mu9,A,215,CYS,C2
5MUA.A,5mua,A,208,CYS,C2
5MUA.B,5mua,B,208,CYS,C2
5N0M.A,5n0m,A,645,CYS,C2
5N0Y.A,5n0y,A,645,CYS,C14
5N0Z.A,5n0z,A,645,CYS,C20
5N19.A,5n19,A,145,CYS,C57
5N1B.A,5n1b,A,645,CYS,C2
5N5O.A,5n5o,A,145,CYS,C57
5NEY.E,5ney,E,1,CYS,N
5NEY.E,5ney,E,1,CYS,C7
5NEY.E,5ney,E,1,CYS,C1'
5NEY.E,5ney,E,11,CYS,C
5NEY.E,5ney,E,11,CYS,C2'
5NFS.A,5nfs,A,147,CYS,C57
5NGF.A,5ngf,A,223,CYS,CAA
5NGF.B,5ngf,B,223,CYS,CAA
5NH0.A,5nh0,A,144,CYS,C57
5NH0.B,5nh0,B,144,CYS,C57
5NH0.C,5nh0,C,144,CYS,C57
5NUD.A,5nud,A,552,CYS,C7
5NUD.B,5nud,B,552,CYS,C7
5NWZ.A,5nwz,A,477,CYS,C1
5NWZ.B,5nwz,B,477,CYS,C1
5O3Y.A,5o3y,A,111,CYS,S01
5O3Y.F,5o3y,F,111,CYS,S01
5O8U.A,5o8u,A,252,CYS,CAE
5O8V.A,5o8v,A,251,CYS,CAJ
5OAQ.A,5oaq,A,367,CYS,C1
5OBT.A,5obt,A,219,CYS,C1
5OBT.B,5obt,B,219,CYS,C1
5OE7.A,5oe7,A,129,CYS,CB
5OGQ.A,5ogq,A,100,CYS,C27
5OGQ.B,5ogq,B,100,CYS,C27
5OGQ.C,5ogq,C,100,CYS,C27
5OGR.A,5ogr,A,100,CYS,C27
5OGR.B,5ogr,B,100,CYS,C27
5OGR.C,5ogr,C,100,CYS,C27
5OO0.A,5oo0,A,177,CYS,C2
5OO1.A,5oo1,A,80,CYS,C2
5OO3.A,5oo3,A,80,CYS,C2
5ORL.A,5orl,A,247,CYS,S08
5OSJ.A,5osj,A,177,CYS,C9
5OSM.A,5osm,A,80,CYS,C2
5P9J.A,5p9j,A,481,CYS,CAA
5P9K.A,5p9k,A,481,CYS,C37
5P9L.A,5p9l,A,481,CYS,C29
5P9M.A,5p9m,A,481,CYS,C19
ERROR: both CYS
5PAD.A,5pad,A,25,CYS,C1
5QIP.A,5qip,A,51,CYS,C1
5QIQ.A,5qiq,A,51,CYS,C
5QIR.A,5qir,A,51,CYS,C
5QIS.A,5qis,A,51,CYS,C
5QIT.A,5qit,A,51,CYS,C
5QIU.A,5qiu,A,51,CYS,C
5QIV.A,5qiv,A,51,CYS,C
5QIW.A,5qiw,A,51,CYS,C
5QIX.A,5qix,A,51,CYS,C
5QIY.A,5qiy,A,51,CYS,C
5QIZ.A,5qiz,A,51,CYS,C1
5REJ.A,5rej,A,145,CYS,C
5REK.A,5rek,A,145,CYS,C11
5REL.A,5rel,A,145,CYS,C12
5REM.A,5rem,A,145,CYS,C11
5REN.A,5ren,A,145,CYS,C
5REO.A,5reo,A,145,CYS,C
5REP.A,5rep,A,145,CYS,C11
5RER.A,5rer,A,145,CYS,C03
5RES.A,5res,A,145,CYS,C11
5RET.A,5ret,A,145,CYS,C
5REU.A,5reu,A,145,CYS,C
5REV.A,5rev,A,145,CYS,C
5REW.A,5rew,A,145,CYS,C3
5REX.A,5rex,A,145,CYS,C
5REY.A,5rey,A,145,CYS,C14
5RFF.A,5rff,A,145,CYS,C
5RFG.A,5rfg,A,145,CYS,C03
5RFH.A,5rfh,A,145,CYS,C
5RFI.A,5rfi,A,145,CYS,C13
5RFJ.A,5rfj,A,145,CYS,C8
5RFK.A,5rfk,A,145,CYS,C
5RFL.A,5rfl,A,145,CYS,C13
5RFM.A,5rfm,A,145,CYS,C09
5RFN.A,5rfn,A,145,CYS,C03
5RFO.A,5rfo,A,145,CYS,C
5RFP.A,5rfp,A,145,CYS,C06
5RFQ.A,5rfq,A,145,CYS,C
5RFR.A,5rfr,A,145,CYS,C
5RFS.A,5rfs,A,145,CYS,C
5RFT.A,5rft,A,145,CYS,C03
5RFU.A,5rfu,A,145,CYS,C
5RFV.A,5rfv,A,145,CYS,C
5RFW.A,5rfw,A,145,CYS,C
5RFX.A,5rfx,A,145,CYS,C12
5RFY.A,5rfy,A,145,CYS,C11
5RFZ.A,5rfz,A,145,CYS,C
5RG0.A,5rg0,A,145,CYS,C7
5RG2.A,5rg2,A,145,CYS,C8
5RG3.A,5rg3,A,145,CYS,C8
5RGL.A,5rgl,A,145,CYS,C13
5RGM.A,5rgm,A,145,CYS,C
5RGN.A,5rgn,A,145,CYS,C12
5RGO.A,5rgo,A,145,CYS,C
5RGP.A,5rgp,A,145,CYS,C13
5RHB.A,5rhb,A,145,CYS,C
5RHC.A,5rhc,A,145,CYS,C
5RHE.A,5rhe,A,145,CYS,C5
5RHF.A,5rhf,A,145,CYS,C5
5SWH.A,5swh,A,281,CYS,C12
5SWH.B,5swh,B,281,CYS,C12
5SYS.A,5sys,A,281,CYS,C26
5SYS.B,5sys,B,281,CYS,C26
5T6D.A,5t6d,A,139,CYS,C31
5T6D.B,5t6d,B,139,CYS,C31
5T6F.A,5t6f,A,139,CYS,C31
5T6F.B,5t6f,B,139,CYS,C31
5T6G.A,5t6g,A,139,CYS,C30
5T6G.B,5t6g,B,139,CYS,C30
5TDI.A,5tdi,A,25,CYS,C12
5TEH.A,5teh,A,281,CYS,C18
5TEH.B,5teh,B,281,CYS,C18
5TG1.A,5tg1,A,139,CYS,C12
5TG2.A,5tg2,A,139,CYS,C20
5TH7.A,5th7,A,311,CYS,CAA
5TH7.B,5th7,B,311,CYS,CAA
5TOZ.A,5toz,A,909,CYS,C9
5TTS.A,5tts,A,909,CYS,C1
5TTU.A,5ttu,A,909,CYS,C16
5TTV.A,5ttv,A,909,CYS,C1
5UG8.A,5ug8,A,797,CYS,C29
5UG9.A,5ug9,A,797,CYS,C31
5UGC.A,5ugc,A,797,CYS,C29
5UM6.A,5um6,A,994,CYS,S01
5UUP.A,5uup,A,55,CYS,CB
5UWD.A,5uwd,A,797,CYS,C21
5V2G.A,5v2g,A,11,CYS,C8
5V2G.B,5v2g,B,11,CYS,C7
5V2G.C,5v2g,C,11,CYS,C9
5V2O.A,5v2o,A,11,CYS,C5A
5V2O.A,5v2o,A,31,CYS,C1A
5V2O.A,5v2o,A,51,CYS,C3A
5V2O.B,5v2o,B,11,CYS,C5A
5V2O.B,5v2o,B,31,CYS,C3A
5V2O.B,5v2o,B,51,CYS,C1A
5V2O.C,5v2o,C,11,CYS,C1A
5V2O.C,5v2o,C,31,CYS,C3A
5V2O.C,5v2o,C,51,CYS,C5A
5V2O.D,5v2o,D,11,CYS,C1A
5V2O.D,5v2o,D,31,CYS,C5A
5V2O.D,5v2o,D,51,CYS,C3A
5V2O.E,5v2o,E,11,CYS,C5A
5V2O.E,5v2o,E,31,CYS,C1A
5V2O.E,5v2o,E,51,CYS,C3A
5V2O.F,5v2o,F,11,CYS,C5A
5V2O.F,5v2o,F,31,CYS,C3A
5V2O.F,5v2o,F,51,CYS,C1A
5V2P.B,5v2p,B,427,CYS,C1'
5V2P.B,5v2p,B,432,CYS,C3'
5V2Q.B,5v2q,B,435,CYS,C1'
5V2Q.B,5v2q,B,439,CYS,C3'
5V3Q.A,5v3q,A,32,CYS,C03
5V6S.A,5v6s,A,12,CYS,C27
5V6S.A,5v6s,A,12,CYS,C27
5V6V.A,5v6v,A,12,CYS,C26
5V6V.B,5v6v,B,12,CYS,C26
5V71.A,5v71,A,12,CYS,C28
5V71.B,5v71,B,12,CYS,C28
5V71.C,5v71,C,12,CYS,C28
5V71.D,5v71,D,12,CYS,C28
5V71.E,5v71,E,12,CYS,C28
5V71.F,5v71,F,12,CYS,C28
5V88.A,5v88,A,1115,CYS,CAX
5V9L.A,5v9l,A,12,CYS,C19
5V9L.B,5v9l,B,12,CYS,C19
5V9L.C,5v9l,C,12,CYS,C19
5V9O.A,5v9o,A,12,CYS,C20
5V9U.A,5v9u,A,12,CYS,C20
5V9U.A,5v9u,A,12,CYS,C20
5V9U.B,5v9u,B,12,CYS,C20
5V9U.B,5v9u,B,12,CYS,C20
5VBM.A,5vbm,A,72,CYS,S24
5VBZ.C,5vbz,C,72,CYS,S24
5VIE.C,5vie,C,917,CYS,C15
5VKG.A,5vkg,A,73,CYS,S20
5VND.A,5vnd,A,563,CYS,C27
5VND.B,5vnd,B,563,CYS,C27
5VQV.A,5vqv,A,181,CYS,C28
5VQX.A,5vqx,A,181,CYS,C26
5VQY.A,5vqy,A,181,CYS,C28
5VQZ.A,5vqz,A,181,CYS,C26
5W2Z.A,5w2z,A,48,CYS,S5
5W30.A,5w30,A,48,CYS,C8
5W3A.A,5w3a,A,182,CYS,S5
5WDK.A,5wdk,A,56,CYS,C18
5WDK.B,5wdk,B,56,CYS,C18
5WDK.C,5wdk,C,56,CYS,C18
5WDK.D,5wdk,D,56,CYS,C18
5WDK.E,5wdk,E,56,CYS,C18
5WDK.F,5wdk,F,56,CYS,C18
5WDL.A,5wdl,A,56,CYS,C03
5WDL.B,5wdl,B,56,CYS,C03
5WDL.C,5wdl,C,56,CYS,C03
5WDL.D,5wdl,D,56,CYS,C03
5WDL.E,5wdl,E,56,CYS,C03
5WDL.F,5wdl,F,56,CYS,C03
5WEJ.A,5wej,A,139,CYS,C25
5WEJ.B,5wej,B,139,CYS,C25
5WFJ.A,5wfj,A,909,CYS,C25
5WHH.A,5whh,A,55,CYS,C11
5WKJ.A,5wkj,A,148,CYS,C21
5WKJ.A,5wkj,A,148,CYS,C21
5WKK.A,5wkk,A,148,CYS,C08
5WKK.A,5wkk,A,148,CYS,C08
5WKL.A,5wkl,A,148,CYS,C19
5WKL.A,5wkl,A,148,CYS,C19
5WKM.A,5wkm,A,148,CYS,C19
5WKM.A,5wkm,A,148,CYS,C19
5WOC.A,5woc,A,9,CYS,CB1
5WOC.B,5woc,B,9,CYS,CB2
5WQX.A,5wqx,A,285,CYS,C12
5WR0.A,5wr0,A,285,CYS,C10
5WR1.A,5wr1,A,285,CYS,C10
5X02.A,5x02,A,695,CYS,C23
5XDK.A,5xdk,A,797,CYS,CAS
5XU8.A,5xu8,A,276,CYS,S6
5XYZ.A,5xyz,A,481,CYS,C37
5XYZ.B,5xyz,B,481,CYS,C37
5Y25.A,5y25,A,797,CYS,C19
5Y41.A,5y41,A,566,CYS,C11
5Y41.B,5y41,B,566,CYS,C11
5Y9T.A,5y9t,A,797,CYS,C41
5YSU.C,5ysu,C,152,CYS,C7
5YSU.C,5ysu,C,1022,CYS,C7
5YU9.A,5yu9,A,797,CYS,CAA
5YU9.B,5yu9,B,797,CYS,CAA
5YU9.C,5yu9,C,797,CYS,CAA
5YU9.D,5yu9,D,797,CYS,CAA
5YUL.C,5yul,C,111,CYS,S4
5YUL.D,5yul,D,111,CYS,S4
5YUL.E,5yul,E,111,CYS,S1
5YVO.A,5yvo,A,32,CYS,C03
5YVO.A,5yvo,A,112,CYS,C03
5ZK4.A,5zk4,A,86,CYS,CAA
5ZK4.B,5zk4,B,86,CYS,CAA
6AF9.A,6af9,A,106,CYS,C7
6AFA.A,6afa,A,106,CYS,C7
6AFC.A,6afc,A,106,CYS,C9
6AFD.A,6afd,A,106,CYS,C9
6AFE.A,6afe,A,106,CYS,C9
6AFF.A,6aff,A,106,CYS,C9
6AFG.A,6afg,A,106,CYS,C9
6AFH.A,6afh,A,106,CYS,C9
6AFI.A,6afi,A,106,CYS,C9
6AFJ.A,6afj,A,106,CYS,C9
6AFL.A,6afl,A,106,CYS,C9
6ALJ.A,6alj,A,320,CYS,C05
6ALJ.B,6alj,B,320,CYS,C05
6ALJ.C,6alj,C,320,CYS,C05
6ALJ.D,6alj,D,320,CYS,C05
6ALZ.A,6alz,A,127,CYS,C01
6ALZ.B,6alz,B,127,CYS,C01
6ARK.A,6ark,A,12,CYS,C07
6ATE.A,6ate,A,280,CYS,C31
6AUG.B,6aug,B,285,CYS,C02
6AVI.A,6avi,A,285,CYS,C9
6AVI.B,6avi,B,285,CYS,C9
6AY2.A,6ay2,A,29,CYS,C26
6AY2.B,6ay2,B,29,CYS,C26
6AZS.B,6azs,B,175,CYS,C07
6AZS.D,6azs,D,175,CYS,C07
6AZT.A,6azt,A,220,CYS,C
6B0V.A,6b0v,A,12,CYS,C12
6B0V.B,6b0v,B,12,CYS,C12
6B0Y.A,6b0y,A,12,CYS,C28
6B0Y.A,6b0y,A,12,CYS,C28
6B0Y.B,6b0y,B,12,CYS,C28
6B0Y.B,6b0y,B,12,CYS,C28
6B41.A,6b41,A,329,CYS,C28
6B95.A,6b95,A,197,CYS,S19
6BIB.A,6bib,A,139,CYS,C23
6BIB.B,6bib,B,139,CYS,C23
6BIC.A,6bic,A,139,CYS,C02
6BIC.B,6bic,B,139,CYS,C02
6BID.A,6bid,A,139,CYS,C22
6BID.A,6bid,A,139,CYS,C22
6BJD.A,6bjd,A,129,CYS,C2
6BJD.B,6bjd,B,129,CYS,C2
6BJD.C,6bjd,C,129,CYS,C2
6BJD.D,6bjd,D,129,CYS,C2
6BKJ.A,6bkj,A,129,CYS,C
6BKJ.B,6bkj,B,129,CYS,C
6BKJ.D,6bkj,D,129,CYS,C
6BOZ.A,6boz,A,311,CYS,CAA
6BOZ.B,6boz,B,311,CYS,CAA
6BWP.B,6bwp,B,93,CYS,S1
6BWP.D,6bwp,D,93,CYS,S1
6BWU.B,6bwu,B,93,CYS,S1
6BZ9.A,6bz9,A,285,CYS,C1
6C1I.A,6c1i,A,285,CYS,C03
6C1I.B,6c1i,B,285,CYS,C03
6CHW.A,6chw,A,530,CYS,C11
6CKZ.A,6ckz,A,163,CYS,C9
6CL0.A,6cl0,A,163,CYS,C9
6CL1.A,6cl1,A,186,CYS,C9
6CL1.C,6cl1,C,186,CYS,C9
6CL2.A,6cl2,A,186,CYS,C9
6CL2.C,6cl2,C,186,CYS,C9
6CWY.D,6cwy,D,30,CYS,C19
6CZ5.A,6cz5,A,228,CYS,C13
6D8E.A,6d8e,A,797,CYS,C25
6DA4.A,6da4,A,909,CYS,C13
6DB4.A,6db4,A,909,CYS,C22
6DDA.B,6dda,B,566,CYS,C2
6DDA.A,6dda,A,566,CYS,C2
6DDA.C,6dda,C,566,CYS,C2
6DGE.A,6dge,A,274,CYS,C8
6DI1.A,6di1,A,481,CYS,CAT
6DI5.A,6di5,A,481,CYS,C1
6DI5.A,6di5,A,481,CYS,C1
6DI9.A,6di9,A,481,CYS,C33
6DI9.A,6di9,A,481,CYS,C33
6DNO.A,6dno,A,273,CYS,CB
6DQB.A,6dqb,A,481,CYS,C18
6DQB.A,6dqb,A,481,CYS,C18
6DUD.A,6dud,A,909,CYS,C20
6DY0.B,6dy0,B,128,CYS,C18
6DY2.B,6dy2,B,124,CYS,C18
6DY2.D,6dy2,D,124,CYS,C18
6E37.A,6e37,A,917,CYS,C40
6E5G.B,6e5g,B,380,CYS,C3
6E5G.A,6e5g,A,380,CYS,C3
6E6E.A,6e6e,A,280,CYS,C23
6E6E.B,6e6e,B,280,CYS,C23
6E6E.C,6e6e,C,280,CYS,C23
6E6E.D,6e6e,D,280,CYS,C23
6E6E.E,6e6e,E,280,CYS,C23
6E6E.F,6e6e,F,280,CYS,C23
6E6E.G,6e6e,G,280,CYS,C23
6E6E.H,6e6e,H,280,CYS,C23
6E6T.A,6e6t,A,89,CYS,CAF
6E6T.B,6e6t,B,89,CYS,CAF
6EIN.A,6ein,A,480,CYS,C15
6EXW.A,6exw,A,309,CYS,CAA
6EXW.C,6exw,C,309,CYS,CAA
6EZP.A,6ezp,A,25,CYS,CAE
6EZX.A,6ezx,A,25,CYS,C18
6EZX.B,6ezx,B,25,CYS,C18
6F6R.A,6f6r,A,285,CYS,C36
6FDQ.A,6fdq,A,345,CYS,C12
6FDQ.B,6fdq,B,345,CYS,C12
6FDU.B,6fdu,B,345,CYS,CBE
6FFM.A,6ffm,A,151,CYS,C05
6FFN.A,6ffn,A,147,CYS,C13
6FFS.A,6ffs,A,147,CYS,C14
6FFS.A,6ffs,A,147,CYS,C14
6FJ1.A,6fj1,A,442,CYS,CAN
6FJ1.B,6fj1,B,442,CYS,CAN
6FJ1.C,6fj1,C,442,CYS,CAN
6FV1.A,6fv1,A,144,CYS,C57
6FV1.B,6fv1,B,144,CYS,C57
6FV1.C,6fv1,C,144,CYS,C57
6FV2.A,6fv2,A,144,CYS,C57
6FV2.B,6fv2,B,144,CYS,C57
6FV2.C,6fv2,C,144,CYS,C57
6G54.A,6g54,A,166,CYS,C31
6G83.A,6g83,A,387,CYS,N02
6G83.B,6g83,B,387,CYS,N02
6GA0.A,6ga0,A,119,CYS,C07
6GCR.A,6gcr,A,427,CYS,CBB
6GES.A,6ges,A,183,CYS,C31
6GES.B,6ges,B,183,CYS,C31
6GJK.A,6gjk,A,51,CYS,S
6GJK.A,6gjk,A,295,CYS,S
6GJK.B,6gjk,B,51,CYS,S
6GJK.B,6gjk,B,295,CYS,S
6GMG.A,6gmg,A,64,CYS,C2A
6GMG.B,6gmg,B,64,CYS,C2A
6GQ3.A,6gq3,A,1,CYS,CE
6GQ3.B,6gq3,B,1,CYS,CE
6GXY.A,6gxy,A,40,CYS,C01
6GXY.B,6gxy,B,40,CYS,C01
6GZY.A,6gzy,A,885,CYS,C2
6GZY.B,6gzy,B,885,CYS,C2
6H0U.A,6h0u,A,199,CYS,C2
6H0U.B,6h0u,B,199,CYS,C2
6HEZ.A,6hez,A,387,CYS,NBE
6HEZ.B,6hez,B,387,CYS,NBE
6HF0.A,6hf0,A,387,CYS,N8
6HF0.B,6hf0,B,387,CYS,N8
6HF3.A,6hf3,A,387,CYS,NBE
6HF3.B,6hf3,B,387,CYS,NBE
6HFV.A,6hfv,A,387,CYS,N3
6HFV.B,6hfv,B,387,CYS,N3
6HGY.A,6hgy,A,25,CYS,C59
6HHF.A,6hhf,A,296,CYS,CBS
6HHG.A,6hhg,A,310,CYS,CAA
6HHH.A,6hhh,A,296,CYS,CBN
6HHI.A,6hhi,A,296,CYS,CAG
6HHJ.A,6hhj,A,310,CYS,CAM
6HHP.A,6hhp,A,42,CYS,S05
6HJE.A,6hje,A,300,CYS,C2
6HJE.B,6hje,B,300,CYS,C2
6HJF.A,6hjf,A,130,CYS,C5
6HJF.B,6hjf,B,300,CYS,C2
6HJF.A,6hjf,A,300,CYS,C2
6HJF.B,6hjf,B,130,CYS,C5
6HKB.A,6hkb,A,42,CYS,S09
6HKF.A,6hkf,A,42,CYS,S08
6HMT.A,6hmt,A,42,CYS,S12
6HMU.A,6hmu,A,45,CYS,S01
6HN2.A,6hn2,A,42,CYS,S01
6HVE.A,6hve,A,345,CYS,CAV
6HVE.B,6hve,B,345,CYS,CAV
6HVF.A,6hvf,A,345,CYS,CBH
6HVF.B,6hvf,B,345,CYS,CBH
6I0X.A,6i0x,A,351,CYS,CAP
6I0X.B,6i0x,B,351,CYS,CAP
6I99.A,6i99,A,496,CYS,C1
6I99.B,6i99,B,496,CYS,C1
6IB0.A,6ib0,A,218,CYS,CAV
6IB2.A,6ib2,A,218,CYS,C22
6IC5.B,6ic5,B,234,CYS,C37
6IC6.B,6ic6,B,234,CYS,C23
6IJR.A,6ijr,A,285,CYS,CBA
6IJR.C,6ijr,C,285,CYS,CBA
6IJS.A,6ijs,A,285,CYS,CBA
6IQ6.A,6iq6,A,152,CYS,C3
6IQ6.C,6iq6,C,152,CYS,C3
6IQ6.D,6iq6,D,152,CYS,C3
6IQ6.E,6iq6,E,152,CYS,C3
6IUO.A,6iuo,A,477,CYS,C1
6IYV.B,6iyv,B,354,CYS,CAA
6IYV.A,6iyv,A,354,CYS,CAA
6IYW.A,6iyw,A,354,CYS,C7
6IYW.B,6iyw,B,354,CYS,C7
6IYW.C,6iyw,C,354,CYS,C7
6IYW.D,6iyw,D,354,CYS,C7
6IYW.E,6iyw,E,354,CYS,C7
6IYW.F,6iyw,F,354,CYS,C7
6J4P.A,6j4p,A,158,CYS,C15
6J4Q.A,6j4q,A,158,CYS,C22
6J4Q.B,6j4q,B,58,CYS,C22
6J4Q.C,6j4q,C,158,CYS,C22
6J4Q.F,6j4q,F,158,CYS,C22
6J4Q.G,6j4q,G,58,CYS,C22
6J4Q.J,6j4q,J,158,CYS,C22
6J6M.A,6j6m,A,481,CYS,C15
6J7B.A,6j7b,A,169,CYS,C15
6JPE.A,6jpe,A,552,CYS,CAX
6JPJ.A,6jpj,A,552,CYS,CAL
6JWL.A,6jwl,A,797,CYS,C9
6JX0.A,6jx0,A,797,CYS,C9
6JX4.A,6jx4,A,797,CYS,C9
6JXT.A,6jxt,A,797,CYS,C9
6K1S.A,6k1s,A,449,CYS,CBB
6KQQ.A,6kqq,A,2062,CYS,SAC
6KQQ.B,6kqq,B,2062,CYS,SAC
6KX3.A,6kx3,A,107,CYS,C8
6KYP.A,6kyp,A,275,CYS,C9
6KYP.A,6kyp,A,276,CYS,C9
6KYP.A,6kyp,A,278,CYS,C9
6KYP.B,6kyp,B,275,CYS,C9
6KYP.B,6kyp,B,276,CYS,C9
6KYP.B,6kyp,B,278,CYS,C9
6L36.A,6l36,A,275,CYS,C9
6L36.A,6l36,A,276,CYS,C9
6L36.A,6l36,A,278,CYS,C9
6L36.B,6l36,B,275,CYS,C9
6L36.B,6l36,B,276,CYS,C9
6L36.B,6l36,B,278,CYS,C9
6L37.A,6l37,A,275,CYS,C9
6L37.A,6l37,A,276,CYS,C9
6L37.A,6l37,A,278,CYS,C9
6L37.B,6l37,B,275,CYS,C9
6L37.B,6l37,B,276,CYS,C9
6L37.B,6l37,B,278,CYS,C9
6L38.A,6l38,A,276,CYS,C9
6L38.A,6l38,A,278,CYS,C9
6L38.B,6l38,B,276,CYS,C9
6L38.B,6l38,B,278,CYS,C9
6L70.A,6l70,A,144,CYS,C21
6L70.B,6l70,B,144,CYS,C21
6LKA.A,6lka,A,147,CYS,C16
6LNQ.A,6lnq,A,145,CYS,C29
6LQ9.C,6lq9,C,539,CYS,C8
6LQB.A,6lqb,A,354,CYS,CAA
6LQB.B,6lqb,B,354,CYS,CAA
6LS5.A,6ls5,A,128,CYS,S03
6LU7.A,6lu7,A,145,CYS,C20
6LZE.A,6lze,A,145,CYS,C31
6M01.A,6m01,A,221,CYS,CAA
6M0K.A,6m0k,A,145,CYS,C32
6M60.C,6m60,C,152,CYS,C7
6M60.C,6m60,C,539,CYS,C7
6M60.C,6m60,C,1022,CYS,C7
6M61.O,6m61,O,152,CYS,C13
6M61.Q,6m61,Q,152,CYS,C13
6M6X.C,6m6x,C,152,CYS,C14
6M6X.C,6m6x,C,539,CYS,C14
6M6X.C,6m6x,C,1022,CYS,C14
6MD1.B,6md1,B,285,CYS,C9
6MD2.A,6md2,A,285,CYS,C9
6MHB.A,6mhb,A,32,CYS,C
6MHB.B,6mhb,B,32,CYS,C
6MHB.C,6mhb,C,32,CYS,C
6MHB.D,6mhb,D,32,CYS,C
6MHB.E,6mhb,E,32,CYS,C
6MHB.F,6mhb,F,32,CYS,C
6MHC.A,6mhc,A,32,CYS,C2
6MHC.B,6mhc,B,32,CYS,C2
6MHD.A,6mhd,A,32,CYS,C2
6MHD.B,6mhd,B,32,CYS,C2
6MHM.B,6mhm,B,143,CYS,C07
6MHM.D,6mhm,D,143,CYS,C07
6MIS.A,6mis,A,25,CYS,C2
6MIS.B,6mis,B,25,CYS,C2
6MNY.A,6mny,A,481,CYS,C18
6MPZ.A,6mpz,A,27,CYS,C
6MPZ.B,6mpz,B,27,CYS,C
6MPZ.C,6mpz,C,27,CYS,C
6MPZ.D,6mpz,D,27,CYS,C
6MZW.A,6mzw,A,488,CYS,C0V
6N2J.A,6n2j,A,12,CYS,C30
6N2K.A,6n2k,A,12,CYS,C26
6N9J.A,6n9j,A,183,CYS,CAK
6N9J.B,6n9j,B,183,CYS,CAK
6N9P.A,6n9p,A,481,CYS,C32
6N9P.A,6n9p,A,481,CYS,C32
6NBL.A,6nbl,A,344,CYS,C1
6NBL.A,6nbl,A,357,CYS,FE
6NBL.B,6nbl,B,344,CYS,C2
6NBL.B,6nbl,B,357,CYS,FE
6NBL.C,6nbl,C,19,CYS,C16
6NBL.C,6nbl,C,39,CYS,FE1
6NBL.C,6nbl,C,45,CYS,FE1
6NBL.C,6nbl,C,48,CYS,FE2
6NBL.C,6nbl,C,86,CYS,FE2
6NBL.D,6nbl,D,39,CYS,FE1
6NBL.D,6nbl,D,45,CYS,FE1
6NBL.D,6nbl,D,48,CYS,FE2
6NBL.D,6nbl,D,86,CYS,FE2
6ND3.A,6nd3,A,489,CYS,C
6ND3.B,6nd3,B,489,CYS,C
6ND3.C,6nd3,C,489,CYS,C
6ND3.D,6nd3,D,489,CYS,C
6ND3.E,6nd3,E,489,CYS,C
6ND3.F,6nd3,F,489,CYS,C
6ND3.G,6nd3,G,489,CYS,C
6ND3.H,6nd3,H,489,CYS,C
6NTW.A,6ntw,A,528,CYS,C1
6NVG.A,6nvg,A,552,CYS,C22
6NVH.A,6nvh,A,552,CYS,C23
6NVI.A,6nvi,A,552,CYS,C22
6NVJ.A,6nvj,A,552,CYS,C22
6NVK.A,6nvk,A,552,CYS,C24
6NVL.A,6nvl,A,488,CYS,C23
6O83.A,6o83,A,593,CYS,C10
6O83.C,6o83,C,593,CYS,C10
6O8I.A,6o8i,A,481,CYS,C19
6O8M.A,6o8m,A,107,CYS,N06
6OBQ.A,6obq,A,273,CYS,CB
6OBQ.B,6obq,B,273,CYS,CB
6OBR.A,6obr,A,273,CYS,CB
6OBR.B,6obr,B,273,CYS,CB
6OBU.A,6obu,A,273,CYS,CB
6OBU.B,6obu,B,273,CYS,CB
6OCG.A,6ocg,A,169,CYS,C15
6OCH.A,6och,A,169,CYS,C13
6OCH.C,6och,C,169,CYS,C13
6OIM.A,6oim,A,12,CYS,C25
6OKC.A,6okc,A,163,CYS,C3
6OKC.A,6okc,A,163,CYS,C3
6OKC.B,6okc,B,163,CYS,C3
6OKF.A,6okf,A,163,CYS,C3
6OKF.B,6okf,B,163,CYS,C3
6OKG.A,6okg,A,163,CYS,C3
6OKG.A,6okg,A,163,CYS,C3
6OLT.A,6olt,A,163,CYS,C3
6OLT.A,6olt,A,163,CYS,C3
6ONI.B,6oni,B,285,CYS,C03
6P4E.A,6p4e,A,26,CYS,C15
6P4E.A,6p4e,A,26,CYS,C15
6P4E.B,6p4e,B,26,CYS,C15
6P4E.B,6p4e,B,26,CYS,C15
6P7I.D,6p7i,D,50,CYS,C
6P8W.A,6p8w,A,12,CYS,C01
6P8W.B,6p8w,B,12,CYS,C01
6P8X.A,6p8x,A,12,CYS,C01
6P8X.B,6p8x,B,12,CYS,C01
6P8X.C,6p8x,C,12,CYS,C01
6P8X.D,6p8x,D,12,CYS,C01
6P8Y.A,6p8y,A,12,CYS,C01
6P8Y.B,6p8y,B,12,CYS,C01
6P8Z.A,6p8z,A,12,CYS,C01
6P8Z.B,6p8z,B,12,CYS,C01
6PAD.A,6pad,A,25,CYS,CM
6PDZ.B,6pdz,B,285,CYS,C03
6PDZ.A,6pdz,A,285,CYS,C03
6PGO.A,6pgo,A,12,CYS,C01
6PGO.A,6pgo,A,12,CYS,C01
6PGO.B,6pgo,B,12,CYS,C01
6PGP.A,6pgp,A,12,CYS,C27
6PGP.A,6pgp,A,12,CYS,C27
6PGP.B,6pgp,B,12,CYS,C27
6PGP.B,6pgp,B,12,CYS,C27
6PNM.A,6pnm,A,32,CYS,C1
6PNM.A,6pnm,A,32,CYS,C1
6PNN.A,6pnn,A,32,CYS,CAA
6PNO.A,6pno,A,32,CYS,CAR
6PQO.D,6pqo,D,621,CYS,C22
6PQO.A,6pqo,A,621,CYS,C22
6PQO.B,6pqo,B,621,CYS,C22
6PQO.C,6pqo,C,621,CYS,C22
6PQP.A,6pqp,A,621,CYS,C02
6PQP.D,6pqp,D,621,CYS,C02
6PQP.B,6pqp,B,621,CYS,C02
6PQP.C,6pqp,C,621,CYS,C02
6PX9.B,6px9,B,360,CYS,C1
6Q2A.A,6q2a,A,215,CYS,C3
6Q2A.B,6q2a,B,215,CYS,C3
6Q2A.C,6q2a,C,215,CYS,C3
6Q2A.D,6q2a,D,215,CYS,C3
6Q2A.E,6q2a,E,215,CYS,C3
6Q2A.F,6q2a,F,215,CYS,C3
6Q2A.G,6q2a,G,215,CYS,C3
6Q2A.H,6q2a,H,215,CYS,C3
6Q2A.I,6q2a,I,215,CYS,C3
6Q2A.J,6q2a,J,215,CYS,C3
6Q2A.K,6q2a,K,215,CYS,C3
6Q2A.L,6q2a,L,215,CYS,C3
6Q2A.M,6q2a,M,215,CYS,C3
6Q2A.N,6q2a,N,215,CYS,C3
6Q2A.O,6q2a,O,215,CYS,C3
6Q2A.P,6q2a,P,215,CYS,C3
6QBS.A,6qbs,A,25,CYS,C2
6QBS.B,6qbs,B,240,CYS,C2
6QFT.A,6qft,A,218,CYS,C12
6QG4.A,6qg4,A,218,CYS,C9
6QG7.A,6qg7,A,218,CYS,CBC
6QHO.A,6qho,A,218,CYS,C12
6QHR.A,6qhr,A,218,CYS,C13
6R5L.A,6r5l,A,38,CYS,S09
6RJP.A,6rjp,A,55,CYS,CE
6RJP.B,6rjp,B,55,CYS,CE
6RJQ.A,6rjq,A,38,CYS,S09
6RN6.E,6rn6,E,234,CYS,C1
6RN7.B,6rn7,B,234,CYS,C2
6RN9.B,6rn9,B,234,CYS,C2
6RNE.B,6rne,B,234,CYS,C16
6RNI.B,6rni,B,234,CYS,C2
6RO2.A,6ro2,A,248,CYS,S2
6RO2.A,6ro2,A,268,CYS,S2
6RW2.B,6rw2,B,2,CYS,C16
6RW2.B,6rw2,B,9,CYS,C25
6RW2.B,6rw2,B,16,CYS,C19
6RWS.A,6rws,A,38,CYS,S1
6RWS.A,6rws,A,38,CYS,S1
6RWU.A,6rwu,A,38,CYS,C
6S60.B,6s60,B,380,CYS,C1
6S66.B,6s66,B,380,CYS,C1
6S69.B,6s69,B,380,CYS,C1
6S6J.B,6s6j,B,380,CYS,C1
6S9W.A,6s9w,A,310,CYS,CBL
6S9X.A,6s9x,A,310,CYS,CBL
6SC5.A,6sc5,A,885,CYS,C14
6SC7.A,6sc7,A,885,CYS,C16
6SC8.A,6sc8,A,885,CYS,C14
6SC9.A,6sc9,A,885,CYS,C14
6SGD.A,6sgd,A,22,CYS,C20
6SGH.A,6sgh,A,22,CYS,C20
6SIU.A,6siu,A,3755,CYS,C56
6SIU.A,6siu,A,3755,CYS,C56
6SIU.B,6siu,B,3755,CYS,C56
6SIU.B,6siu,B,3755,CYS,C56
6SLX.A,6slx,A,38,CYS,C
6T5B.A,6t5b,A,12,CYS,C
6T5U.A,6t5u,A,12,CYS,C
6T5U.B,6t5u,B,12,CYS,C
6T5V.A,6t5v,A,12,CYS,C
6TAM.A,6tam,A,12,CYS,C16
6TAN.A,6tan,A,12,CYS,C17
6TBM.Q,6tbm,Q,194,CYS,C
6TFP.A,6tfp,A,481,CYS,C37
6TFP.B,6tfp,B,481,CYS,C37
6TFP.C,6tfp,C,481,CYS,C37
6TFP.D,6tfp,D,481,CYS,C37
6TFP.E,6tfp,E,481,CYS,C37
6TFU.A,6tfu,A,797,CYS,CBJ
6TFU.B,6tfu,B,797,CYS,CBJ
6TFV.A,6tfv,A,797,CYS,CBI
6TFV.B,6tfv,B,797,CYS,CBI
6TFW.A,6tfw,A,797,CYS,CBJ
6TFW.B,6tfw,B,797,CYS,CBJ
6TFY.A,6tfy,A,797,CYS,CBJ
6TFY.B,6tfy,B,797,CYS,CBJ
6TFZ.A,6tfz,A,797,CYS,CAM
6TFZ.B,6tfz,B,797,CYS,CAM
6TG0.A,6tg0,A,797,CYS,CBL
6TG0.B,6tg0,B,797,CYS,CBL
6TG1.A,6tg1,A,797,CYS,CBO
6TG1.B,6tg1,B,797,CYS,CBO
6TVO.A,6tvo,A,528,CYS,C3
6U0J.A,6u0j,A,92,CYS,CAA
6UH4.B,6uh4,B,2,CYS,C05
6UKD.A,6ukd,A,192,CYS,C56
6UND.A,6und,A,101,CYS,C1
6UND.B,6und,B,101,CYS,C1
6USX.A,6usx,A,12,CYS,C32
6USX.B,6usx,B,12,CYS,C32
6USZ.A,6usz,A,12,CYS,C39
6UT0.A,6ut0,A,12,CYS,C39
6UT0.B,6ut0,B,12,CYS,C39
6UT0.C,6ut0,C,12,CYS,C39
6UT0.D,6ut0,D,12,CYS,C39
6V0P.A,6v0p,A,278,CYS,C8
6V66.D,6v66,D,797,CYS,C33
6V66.A,6v66,A,797,CYS,C33
6V66.B,6v66,B,797,CYS,C33
6V66.C,6v66,C,797,CYS,C33
6V6K.D,6v6k,D,797,CYS,C33
6V6K.A,6v6k,A,797,CYS,C33
6V6K.B,6v6k,B,797,CYS,C33
6V6K.C,6v6k,C,797,CYS,C33
6V6K.E,6v6k,E,797,CYS,C33
6V6K.F,6v6k,F,797,CYS,C33
6V6K.G,6v6k,G,797,CYS,C33
6V6K.H,6v6k,H,797,CYS,C33
6V6O.D,6v6o,D,797,CYS,C35
6V6O.A,6v6o,A,797,CYS,C35
6V6O.B,6v6o,B,797,CYS,C35
6V6O.C,6v6o,C,797,CYS,C35
6V6O.E,6v6o,E,797,CYS,C35
6V6O.F,6v6o,F,797,CYS,C35
6V6O.G,6v6o,G,797,CYS,C35
6V6O.H,6v6o,H,797,CYS,C35
6V9C.A,6v9c,A,552,CYS,CBG
6V9V.A,6v9v,A,621,CYS,C17
6V9V.B,6v9v,B,621,CYS,C17
6V9V.D,6v9v,D,621,CYS,C17
6V9V.C,6v9v,C,621,CYS,C17
6VAJ.A,6vaj,A,113,CYS,C10
6VGY.A,6vgy,A,148,CYS,C19
6VGY.B,6vgy,B,148,CYS,C19
6VGZ.A,6vgz,A,148,CYS,C19
6VGZ.B,6vgz,B,148,CYS,C19
6VH0.A,6vh0,A,148,CYS,C19
6VH0.B,6vh0,B,148,CYS,C19
6VH1.A,6vh1,A,148,CYS,C25
6VH1.B,6vh1,B,148,CYS,C25
6VH2.A,6vh2,A,148,CYS,C28
6VH2.B,6vh2,B,148,CYS,C28
6VH3.A,6vh3,A,148,CYS,C26
6VH3.B,6vh3,B,148,CYS,C26
6VH4.A,6vh4,A,797,CYS,C35
6VHP.A,6vhp,A,797,CYS,C33
6VPL.A,6vpl,A,290,CYS,SD
6VPL.B,6vpl,B,290,CYS,SD
6VPM.A,6vpm,A,290,CYS,SAZ
6VPM.B,6vpm,B,290,CYS,SAZ
6W2A.A,6w2a,A,145,CYS,C26
6W2A.A,6w2a,A,145,CYS,C26
6W2A.B,6w2a,B,145,CYS,C26
6W2A.B,6w2a,B,145,CYS,C26
6W5H.A,6w5h,A,139,CYS,C25
6W5H.B,6w5h,B,139,CYS,C25
6W5H.C,6w5h,C,139,CYS,C25
6W5H.D,6w5h,D,139,CYS,C25
6W5J.A,6w5j,A,139,CYS,C25
6W5J.B,6w5j,B,139,CYS,C25
6W5K.A,6w5k,A,139,CYS,C22
6W5K.B,6w5k,B,139,CYS,C22
6W5K.C,6w5k,C,139,CYS,C22
6W5K.D,6w5k,D,139,CYS,C22
6W5L.A,6w5l,A,139,CYS,C22
6W5L.B,6w5l,B,139,CYS,C22
6W5L.C,6w5l,C,139,CYS,C22
6W5L.D,6w5l,D,139,CYS,C22
6WTJ.A,6wtj,A,145,CYS,C21
6WTK.A,6wtk,A,145,CYS,C21
6WTT.A,6wtt,A,145,CYS,C21
6WTT.B,6wtt,B,145,CYS,C21
6WTT.C,6wtt,C,145,CYS,C21
6WUU.A,6wuu,A,111,CYS,CB
6WUU.B,6wuu,B,111,CYS,CB
6WUU.C,6wuu,C,111,CYS,CB
6WUU.D,6wuu,D,111,CYS,CB
6WX4.D,6wx4,D,111,CYS,CB
6WYF.A,6wyf,A,157,CYS,C20
6WYF.A,6wyf,A,157,CYS,C20
6WYG.A,6wyg,A,157,CYS,C20
6WYG.B,6wyg,B,157,CYS,C20
6WYG.C,6wyg,C,157,CYS,C20
6WYG.D,6wyg,D,157,CYS,C20
6WYH.A,6wyh,A,157,CYS,C20
6WYH.B,6wyh,B,157,CYS,C20
6WYH.C,6wyh,C,157,CYS,C20
6WYH.D,6wyh,D,157,CYS,C20
6XA4.A,6xa4,A,145,CYS,C01
6XB1.A,6xb1,A,156,CYS,C1
6XB2.A,6xb2,A,145,CYS,C1
6XB2.A,6xb2,A,156,CYS,C1
6XBG.A,6xbg,A,145,CYS,C28
6XBG.B,6xbg,B,145,CYS,C28
6XBH.A,6xbh,A,145,CYS,C
6XBI.A,6xbi,A,145,CYS,C28
6XBI.B,6xbi,B,145,CYS,C28
6XCB.A,6xcb,A,165,CYS,S10
6XCC.A,6xcc,A,165,CYS,S09
6XCD.A,6xcd,A,165,CYS,S01
6XCE.A,6xce,A,165,CYS,S22
6XCH.A,6xch,A,145,CYS,C
6XD3.J,6xd3,J,312,CYS,C19
6XFN.A,6xfn,A,145,CYS,C23
6XHL.A,6xhl,A,145,CYS,C34
6XHL.B,6xhl,B,145,CYS,C34
6XHM.A,6xhm,A,145,CYS,C34
6XHM.B,6xhm,B,145,CYS,C34
6XHN.A,6xhn,A,145,CYS,C36
6XHN.B,6xhn,B,145,CYS,C36
6XHO.A,6xho,A,145,CYS,C7
6XHO.B,6xho,B,145,CYS,C7
6XIB.I,6xib,I,2,CYS,CB1
6XIB.I,6xib,I,11,CYS,CB2
6XIB.I,6xib,I,11,CYS,C
6XIC.I,6xic,I,2,CYS,CB1
6XIE.I,6xie,I,2,CYS,CB1
6XIE.I,6xie,I,11,CYS,CB2
6XIE.I,6xie,I,11,CYS,C
6XJP.C,6xjp,C,539,CYS,C3
6XJR.C,6xjr,C,539,CYS,C3
6XJS.C,6xjs,C,539,CYS,C11
6XJT.C,6xjt,C,539,CYS,C3
6XMK.A,6xmk,A,145,CYS,C26
6XMK.B,6xmk,B,145,CYS,C26
6XOL.A,6xol,A,1115,CYS,C19
6XOM.A,6xom,A,1115,CYS,C24
6XON.A,6xon,A,1115,CYS,C22
6XOO.A,6xoo,A,1115,CYS,C19
6XOP.A,6xop,A,1115,CYS,C22
6XQS.A,6xqs,A,145,CYS,CAI
6XQT.A,6xqt,A,145,CYS,C43
6XQT.B,6xqt,B,145,CYS,C43
6XQU.A,6xqu,A,145,CYS,C03
6XR3.A,6xr3,A,145,CYS,C02
6XVB.A,6xvb,A,788,CYS,C1
6XVB.B,6xvb,B,788,CYS,C1
6XXC.B,6xxc,B,180,CYS,C
6XXC.B,6xxc,B,180,CYS,S01
6XY5.B,6xy5,B,180,CYS,C
6XY5.B,6xy5,B,180,CYS,S01
6Y18.B,6y18,B,180,CYS,C
6Y18.B,6y18,B,180,CYS,S01
6Y2F.A,6y2f,A,145,CYS,C57
6Y2G.A,6y2g,A,145,CYS,C57
6Y2G.B,6y2g,B,145,CYS,C57
6Y3W.B,6y3w,B,180,CYS,S01
6Y3W.B,6y3w,B,180,CYS,C
6YCC.A,6ycc,A,25,CYS,C2
6YCC.B,6ycc,B,25,CYS,C2
6YCD.A,6ycd,A,25,CYS,CM
6YCD.B,6ycd,B,25,CYS,CM
6YCF.A,6ycf,A,26,CYS,C2
6YCF.B,6ycf,B,26,CYS,C2
6YCG.B,6ycg,B,26,CYS,CM
6YCG.B,6ycg,B,26,CYS,CM
6YG2.A,6yg2,A,218,CYS,CAA
6YG3.A,6yg3,A,218,CYS,C30
6YG6.A,6yg6,A,218,CYS,C29
6YG6.B,6yg6,B,218,CYS,C29
6YG7.A,6yg7,A,218,CYS,C24
6YG7.B,6yg7,B,218,CYS,C24
6YI7.A,6yi7,A,100,CYS,CAB
6YI8.A,6yi8,A,552,CYS,CAL
6YI8.B,6yi8,B,552,CYS,CAL
6YL1.A,6yl1,A,80,CYS,C13
6YNQ.A,6ynq,A,145,CYS,C01
6YNQ.A,6ynq,A,145,CYS,C01
6YPT.A,6ypt,A,783,CYS,CB
6YPT.C,6ypt,C,783,CYS,CB
6YX5.B,6yx5,B,197,CYS,C56
6Z4B.A,6z4b,A,797,CYS,C32
6Z4B.B,6z4b,B,797,CYS,C32
6Z4D.A,6z4d,A,797,CYS,C29
6Z4D.B,6z4d,B,797,CYS,C29
6ZAM.A,6zam,A,55,CYS,C01
6ZAM.A,6zam,A,55,CYS,C01
6ZMD.B,6zmd,B,404,CYS,C1
6ZNC.A,6znc,A,124,CYS,C1
6ZNC.A,6znc,A,229,CYS,C1
6ZNC.A,6znc,A,229,CYS,C1
6ZNC.A,6znc,A,277,CYS,C1
6ZPR.A,6zpr,A,86,CYS,C7
6ZRT.A,6zrt,A,145,CYS,CAI
6ZRU.A,6zru,A,145,CYS,C03
6ZZ1.A,6zz1,A,86,CYS,C7
6ZZ1.B,6zz1,B,86,CYS,C7
7A0Z.A,7a0z,A,354,CYS,S1
7A0Z.B,7a0z,B,354,CYS,S1
7A10.A,7a10,A,354,CYS,SAG
7A10.B,7a10,B,354,CYS,SAG
7A1E.A,7a1e,A,354,CYS,SAH
7A1W.A,7a1w,A,12,CYS,C21
7A1W.A,7a1w,A,118,CYS,C21
7A1Y.A,7a1y,A,12,CYS,C12
7A2A.A,7a2a,A,797,CYS,C29
7A2A.B,7a2a,B,797,CYS,C29
7A47.A,7a47,A,12,CYS,C19
7A47.C,7a47,C,12,CYS,C19
7A47.E,7a47,E,12,CYS,C19
7ADW.A,7adw,A,145,CYS,C12
7AEG.A,7aeg,A,145,CYS,C1
7AEG.A,7aeg,A,145,CYS,C1
7AEH.A,7aeh,A,145,CYS,C
7AFV.A,7afv,A,52,CYS,S2
7AFV.B,7afv,B,52,CYS,S2
7AHA.A,7aha,A,145,CYS,C2
7AKU.A,7aku,A,145,CYS,C25
7APF.A,7apf,A,909,CYS,C11
7APF.A,7apf,A,909,CYS,C11
7APF.B,7apf,B,909,CYS,C11
7APF.B,7apf,B,909,CYS,C11
7APG.A,7apg,A,909,CYS,C15
7APG.A,7apg,A,909,CYS,C15
7APG.B,7apg,B,909,CYS,C15
7APG.C,7apg,C,909,CYS,C15
7APG.D,7apg,D,909,CYS,C15
7AQJ.A,7aqj,A,145,CYS,C06
7ARA.A,7ara,A,106,CYS,C30
7ARA.B,7ara,B,106,CYS,C30
7AWS.A,7aws,A,145,CYS,C20
7AXF.A,7axf,A,207,CYS,C6
7AY7.A,7ay7,A,145,CYS,C05
7AY7.A,7ay7,A,145,CYS,C04
7B0I.D,7b0i,D,26,CYS,C23
7B3E.A,7b3e,A,145,CYS,C19
7B3E.B,7b3e,B,145,CYS,C19
7B46.A,7b46,A,229,CYS,C1
7B46.A,7b46,A,277,CYS,C1
7B46.B,7b46,B,277,CYS,C1
7B46.C,7b46,C,229,CYS,C1
7B46.C,7b46,C,277,CYS,C1
7B46.D,7b46,D,229,CYS,C1
7B46.D,7b46,D,277,CYS,C1
7B47.A,7b47,A,229,CYS,C1
7B47.A,7b47,A,275,CYS,C1
7B47.B,7b47,B,182,CYS,C1
7B47.B,7b47,B,229,CYS,C1
7B47.B,7b47,B,229,CYS,C1
7B47.C,7b47,C,229,CYS,C1
7B47.D,7b47,D,229,CYS,C1
7B47.D,7b47,D,275,CYS,C1
7B47.D,7b47,D,275,CYS,C1
7B47.D,7b47,D,277,CYS,C1
7B48.B,7b48,B,182,CYS,C1
7B48.C,7b48,C,277,CYS,C1
7B49.A,7b49,A,229,CYS,C1
7B49.A,7b49,A,277,CYS,C1
7B49.B,7b49,B,229,CYS,C1
7B49.B,7b49,B,277,CYS,C1
7B4B.A,7b4b,A,229,CYS,C1
7B4B.A,7b4b,A,273,CYS,C1
7B4B.A,7b4b,A,273,CYS,C1
7B4B.B,7b4b,B,182,CYS,C1
7B4B.B,7b4b,B,229,CYS,C1
7B4B.B,7b4b,B,273,CYS,C1
7B4B.B,7b4b,B,277,CYS,C1
7B4B.C,7b4b,C,229,CYS,C1
7B4B.C,7b4b,C,273,CYS,C1
7B4B.C,7b4b,C,273,CYS,C1
7B4B.C,7b4b,C,275,CYS,C1
7B4B.D,7b4b,D,273,CYS,C1
7B4C.A,7b4c,A,273,CYS,C1
7B4C.B,7b4c,B,182,CYS,C1
7B4C.B,7b4c,B,273,CYS,C1
7B4C.B,7b4c,B,277,CYS,C1
7B4C.C,7b4c,C,182,CYS,C1
7B4C.C,7b4c,C,273,CYS,C1
7B4C.D,7b4c,D,273,CYS,C1
7B4D.A,7b4d,A,124,CYS,C1
7B4D.A,7b4d,A,229,CYS,C1
7B4D.A,7b4d,A,229,CYS,C1
7B4D.A,7b4d,A,277,CYS,C1
7B4E.A,7b4e,A,124,CYS,C1
7B4E.A,7b4e,A,229,CYS,C1
7B4E.A,7b4e,A,277,CYS,C1
7B4E.A,7b4e,A,277,CYS,C1
7B4H.A,7b4h,A,124,CYS,C1
7B4H.A,7b4h,A,229,CYS,C1
7B4H.A,7b4h,A,277,CYS,C1
7B4N.A,7b4n,A,124,CYS,C1
7B4N.A,7b4n,A,229,CYS,C1
7B4N.A,7b4n,A,277,CYS,C1
7B92.D,7b92,D,26,CYS,C2
7B9C.D,7b9c,D,26,CYS,C23
7B9M.A,7b9m,A,45,CYS,S
7B9R.A,7b9r,A,45,CYS,S
7B9T.A,7b9t,A,45,CYS,S
7BA3.A,7ba3,A,42,CYS,S
7BA6.A,7ba6,A,42,CYS,S
7BA7.A,7ba7,A,42,CYS,S
7BA8.A,7ba8,A,42,CYS,S
7BAA.A,7baa,A,42,CYS,S
7BAB.A,7bab,A,42,CYS,S
7BE7.A,7be7,A,145,CYS,C22
7BE7.B,7be7,B,145,CYS,C22
7BGP.A,7bgp,A,145,CYS,C22
7BGP.B,7bgp,B,145,CYS,C22
7BQY.A,7bqy,A,145,CYS,C20
7BRP.B,7brp,B,145,CYS,C03
7BRP.A,7brp,A,145,CYS,C03
7BUY.A,7buy,A,145,CYS,C07
7BZG.A,7bzg,A,11,CYS,C
7BZG.B,7bzg,B,11,CYS,C
7BZG.E,7bzg,E,11,CYS,C
7BZG.F,7bzg,F,11,CYS,C
7BZG.I,7bzg,I,11,CYS,C
7BZG.J,7bzg,J,11,CYS,C
7BZL.A,7bzl,A,417,CYS,C5
7C6S.A,7c6s,A,145,CYS,C03
7C6U.A,7c6u,A,145,CYS,C21
7C7K.O,7c7k,O,150,CYS,C1
7C7K.P,7c7k,P,150,CYS,C1
7C7K.Q,7c7k,Q,150,CYS,C1
7C7K.R,7c7k,R,150,CYS,C1
7C7P.A,7c7p,A,145,CYS,CAI
7C7P.B,7c7p,B,145,CYS,CAI
7C89.A,7c89,A,80,CYS,C1
7C89.B,7c89,B,80,CYS,C1
7C89.C,7c89,C,80,CYS,C1
7C89.D,7c89,D,80,CYS,C1
7C89.E,7c89,E,80,CYS,C1
7C89.F,7c89,F,80,CYS,C1
7C89.G,7c89,G,80,CYS,C1
7C89.H,7c89,H,80,CYS,C1
7C89.I,7c89,I,80,CYS,C1
7C89.J,7c89,J,80,CYS,C1
7C8U.A,7c8u,A,145,CYS,C21
7CB7.A,7cb7,A,145,CYS,C21
7CB7.A,7cb7,A,145,CYS,C21
7CB7.B,7cb7,B,145,CYS,C21
7CB7.B,7cb7,B,145,CYS,C21
7CBT.A,7cbt,A,145,CYS,C21
7CBT.B,7cbt,B,145,CYS,C21
7CMM.A,7cmm,A,359,CYS,C10
7CMM.B,7cmm,B,359,CYS,C10
7CMM.C,7cmm,C,359,CYS,C10
7CMM.D,7cmm,D,359,CYS,C10
7COM.A,7com,A,145,CYS,C03
7COM.B,7com,B,145,CYS,C03
7CUT.A,7cut,A,145,CYS,C1
7CUU.A,7cuu,A,145,CYS,C22
7CUU.B,7cuu,B,145,CYS,C22
7D1M.A,7d1m,A,145,CYS,C21
7D1M.B,7d1m,B,145,CYS,C21
7D1O.A,7d1o,A,145,CYS,C43
7D3I.A,7d3i,A,145,CYS,C15
7D56.C,7d56,C,646,CYS,CAP
7D56.B,7d56,B,646,CYS,CAP
7D56.A,7d56,A,646,CYS,CAP
7DIF.A,7dif,A,417,CYS,C5
7DJT.A,7djt,A,311,CYS,NZ
7DJT.A,7djt,A,311,CYS,O
7DJT.A,7djt,A,311,CYS,O
7DJT.B,7djt,B,311,CYS,NZ
7DJT.B,7djt,B,311,CYS,O
7DJT.B,7djt,B,311,CYS,O
7DJT.C,7djt,C,311,CYS,NZ
7DJT.C,7djt,C,311,CYS,O
7DJT.C,7djt,C,311,CYS,O
7DJT.D,7djt,D,311,CYS,NZ
7DJT.D,7djt,D,311,CYS,O
7DJT.D,7djt,D,311,CYS,O
7DJT.E,7djt,E,311,CYS,NZ
7DJT.E,7djt,E,311,CYS,O
7DJT.E,7djt,E,311,CYS,O
7DJT.F,7djt,F,311,CYS,NZ
7DJT.F,7djt,F,311,CYS,O
7DJT.F,7djt,F,311,CYS,O
7DJT.G,7djt,G,311,CYS,NZ
7DJT.G,7djt,G,311,CYS,O
7DJT.G,7djt,G,311,CYS,O
7DJT.H,7djt,H,311,CYS,NZ
7DJT.H,7djt,H,311,CYS,O
7DJT.H,7djt,H,311,CYS,O
7DNC.A,7dnc,A,147,CYS,C31
7DPP.A,7dpp,A,145,CYS,C19
7DPT.A,7dpt,A,399,CYS,C1C
7DPT.B,7dpt,B,399,CYS,C1C
7DPT.C,7dpt,C,399,CYS,C1C
7DPT.D,7dpt,D,399,CYS,C1C
7DPU.A,7dpu,A,145,CYS,C5
7DPU.B,7dpu,B,145,CYS,C5
7DPV.A,7dpv,A,145,CYS,C11
7DPV.B,7dpv,B,145,CYS,C11
7DPV.C,7dpv,C,145,CYS,C11
7DPV.D,7dpv,D,145,CYS,C11
7DTZ.A,7dtz,A,552,CYS,CBH
7DUQ.R,7duq,R,347,CYS,C12
7DUR.R,7dur,R,347,CYS,C12
7EIN.A,7ein,A,145,CYS,C
7EIN.B,7ein,B,145,CYS,C
7EVM.R,7evm,R,347,CYS,C12
7F2R.A,7f2r,A,106,CYS,CAA
7F2R.C,7f2r,C,106,CYS,CAA
7JKV.A,7jkv,A,145,CYS,C02
7JKV.B,7jkv,B,145,CYS,C02
7JPZ.A,7jpz,A,145,CYS,C27
7JQ0.A,7jq0,A,145,CYS,C8
7JQ1.A,7jq1,A,145,CYS,C25
7JQ2.A,7jq2,A,145,CYS,C25
7JQ3.A,7jq3,A,145,CYS,C27
7JQ4.A,7jq4,A,145,CYS,C32
7JQ5.A,7jq5,A,145,CYS,C35
7JSU.A,7jsu,A,145,CYS,C21
7JT0.A,7jt0,A,145,CYS,C2
7JT7.A,7jt7,A,145,CYS,C07
7JW8.A,7jw8,A,145,CYS,C07
7JW8.B,7jw8,B,145,CYS,C07
7JW8.C,7jw8,C,145,CYS,C07
7JW8.D,7jw8,D,145,CYS,C07
7JX1.B,7jx1,B,146,CYS,C6
7K0E.A,7k0e,A,145,CYS,C21
7K0E.B,7k0e,B,145,CYS,C21
7K0F.A,7k0f,A,145,CYS,C15
7K0F.B,7k0f,B,145,CYS,C15
7K0G.A,7k0g,A,145,CYS,C21
7K0G.A,7k0g,A,145,CYS,C21
7K0H.A,7k0h,A,145,CYS,C15
7K0H.B,7k0h,B,145,CYS,C15
7K20.A,7k20,A,374,CYS,C19
7K20.B,7k20,B,374,CYS,C19
7K20.C,7k20,C,374,CYS,C19
7K20.D,7k20,D,374,CYS,C19
7K21.A,7k21,A,374,CYS,C19
7K21.B,7k21,B,374,CYS,C19
7K21.C,7k21,C,374,CYS,C19
7K21.D,7k21,D,374,CYS,C19
7KGM.A,7kgm,A,537,CYS,CAA
7KGN.A,7kgn,A,526,CYS,CAA
7KIA.A,7kia,A,491,CYS,C27
7KIA.B,7kia,B,491,CYS,C27
7KIE.A,7kie,A,491,CYS,C22
7KIE.B,7kie,B,491,CYS,C22
7KRV.B,7krv,B,167,CYS,S2
7KRV.B,7krv,B,480,CYS,S1
7KRV.A,7krv,A,167,CYS,S1
7KRV.A,7krv,A,480,CYS,S2
7KXI.A,7kxi,A,88,CYS,C15
7L4E.A,7l4e,A,163,CYS,C3
7L8H.A,7l8h,A,147,CYS,C19
7L8H.B,7l8h,B,147,CYS,C19
7L8I.A,7l8i,A,145,CYS,C19
7L8I.B,7l8i,B,145,CYS,C19
7L8J.A,7l8j,A,145,CYS,C19
7L9X.A,7l9x,A,135,CYS,C01
7LB7.A,7lb7,A,145,CYS,CAI
7LCO.A,7lco,A,145,CYS,C12
7LCP.A,7lcp,A,145,CYS,C21
7LCQ.A,7lcq,A,145,CYS,C21
7LCS.A,7lcs,A,145,CYS,C12
7LDL.A,7ldl,A,145,CYS,C12
7LDL.B,7ldl,B,145,CYS,C12
7LFU.D,7lfu,D,112,CYS,CB
7LFV.B,7lfv,B,112,CYS,CB
7LFV.B,7lfv,B,112,CYS,CG
7LFV.A,7lfv,A,112,CYS,CB
7LGS.A,7lgs,A,800,CYS,C32
7LGS.B,7lgs,B,800,CYS,C32
7LGS.C,7lgs,C,800,CYS,C32
7LGS.D,7lgs,D,800,CYS,C32
7LJU.C,7lju,C,671,CYS,C09
7LJU.B,7lju,B,671,CYS,C09
7LJU.A,7lju,A,79,CYS,FE3
7LJU.A,7lju,A,82,CYS,FE2
7LJU.A,7lju,A,87,CYS,FE4
7LJU.A,7lju,A,91,CYS,FE4
7LJU.A,7lju,A,130,CYS,FE1
7LJU.A,7lju,A,136,CYS,FE2
7LJU.A,7lju,A,140,CYS,FE1
7LJU.A,7lju,A,953,CYS,FE1
7LJU.A,7lju,A,956,CYS,FE2
7LJU.A,7lju,A,959,CYS,FE3
7LJU.A,7lju,A,963,CYS,FE2
7LJU.A,7lju,A,986,CYS,FE1
7LJU.A,7lju,A,989,CYS,FE3
7LJU.A,7lju,A,992,CYS,FE4
7LJU.A,7lju,A,996,CYS,FE4
7LJU.C,7lju,C,79,CYS,FE1
7LJU.C,7lju,C,82,CYS,FE2
7LJU.C,7lju,C,87,CYS,FE3
7LJU.C,7lju,C,91,CYS,FE2
7LJU.C,7lju,C,130,CYS,FE3
7LJU.C,7lju,C,136,CYS,FE4
7LJU.C,7lju,C,140,CYS,FE4
7LJU.C,7lju,C,953,CYS,FE3
7LJU.C,7lju,C,956,CYS,FE2
7LJU.C,7lju,C,959,CYS,FE4
7LJU.C,7lju,C,963,CYS,FE3
7LJU.C,7lju,C,986,CYS,FE4
7LJU.C,7lju,C,989,CYS,FE2
7LJU.C,7lju,C,992,CYS,FE1
7LJU.C,7lju,C,996,CYS,FE1
7LJU.D,7lju,D,79,CYS,FE2
7LJU.D,7lju,D,82,CYS,FE1
7LJU.D,7lju,D,87,CYS,FE4
7LJU.D,7lju,D,91,CYS,FE4
7LJU.D,7lju,D,130,CYS,FE2
7LJU.D,7lju,D,136,CYS,FE3
7LJU.D,7lju,D,140,CYS,FE3
7LJU.D,7lju,D,953,CYS,FE2
7LJU.D,7lju,D,956,CYS,FE3
7LJU.D,7lju,D,959,CYS,FE1
7LJU.D,7lju,D,963,CYS,FE3
7LJU.D,7lju,D,986,CYS,FE2
7LJU.D,7lju,D,989,CYS,FE1
7LJU.D,7lju,D,992,CYS,FE4
7LJU.D,7lju,D,996,CYS,FE4
7LJU.B,7lju,B,79,CYS,FE1
7LJU.B,7lju,B,82,CYS,FE2
7LJU.B,7lju,B,87,CYS,FE3
7LJU.B,7lju,B,91,CYS,FE2
7LJU.B,7lju,B,130,CYS,FE3
7LJU.B,7lju,B,136,CYS,FE4
7LJU.B,7lju,B,140,CYS,FE4
7LJU.B,7lju,B,953,CYS,FE3
7LJU.B,7lju,B,956,CYS,FE2
7LJU.B,7lju,B,959,CYS,FE4
7LJU.B,7lju,B,963,CYS,FE3
7LJU.B,7lju,B,986,CYS,FE4
7LJU.B,7lju,B,989,CYS,FE2
7LJU.B,7lju,B,992,CYS,FE1
7LJU.B,7lju,B,996,CYS,FE1
7LKR.A,7lkr,A,145,CYS,C09
7LKR.A,7lkr,A,145,CYS,C09
7LKR.B,7lkr,B,145,CYS,C09
7LKR.B,7lkr,B,145,CYS,C09
7LKS.A,7lks,A,145,CYS,C19
7LKS.A,7lks,A,145,CYS,C19
7LKS.B,7lks,B,145,CYS,C19
7LKS.B,7lks,B,145,CYS,C19
7LKT.A,7lkt,A,145,CYS,C19
7LKT.A,7lkt,A,145,CYS,C19
7LKT.B,7lkt,B,145,CYS,C19
7LKT.B,7lkt,B,145,CYS,C19
7LKU.A,7lku,A,145,CYS,C09
7LKU.A,7lku,A,145,CYS,C09
7LKU.B,7lku,B,145,CYS,C09
7LKU.B,7lku,B,145,CYS,C09
7LKV.A,7lkv,A,145,CYS,C09
7LKV.A,7lkv,A,145,CYS,C09
7LKV.B,7lkv,B,145,CYS,C09
7LKV.B,7lkv,B,145,CYS,C09
7LKW.A,7lkw,A,145,CYS,C09
7LKW.A,7lkw,A,145,CYS,C09
7LKW.B,7lkw,B,145,CYS,C09
7LKW.B,7lkw,B,145,CYS,C09
7LTN.A,7ltn,A,145,CYS,C13
7LYH.A,7lyh,A,145,CYS,C29
7LYI.A,7lyi,A,145,CYS,C29
7M05.A,7m05,A,278,CYS,C13
7M05.C,7m05,C,278,CYS,C13
7M05.E,7m05,E,278,CYS,C13
7M05.G,7m05,G,278,CYS,C13
7M2P.A,7m2p,A,145,CYS,C
7M4T.A,7m4t,A,329,CYS,C19
7M8R.D,7m8r,D,15,CYS,C01
7M8R.H,7m8r,H,15,CYS,C01
7MBI.A,7mbi,A,145,CYS,C34
7MBI.B,7mbi,B,145,CYS,C34
7MBI.C,7mbi,C,145,CYS,C34
7MBI.D,7mbi,D,145,CYS,C34
7MLF.A,7mlf,A,145,CYS,C10
7MLG.A,7mlg,A,145,CYS,C1
7N3K.A,7n3k,A,73,CYS,C14
7N3K.D,7n3k,D,73,CYS,C14
7N3K.E,7n3k,E,73,CYS,C14
7N3K.G,7n3k,G,73,CYS,C14
7N3K.H,7n3k,H,73,CYS,C14
7N5Y.A,7n5y,A,481,CYS,C1
7NEV.A,7nev,A,145,CYS,C
7NEV.A,7nev,A,145,CYS,C
7NF5.A,7nf5,A,145,CYS,C22
7NG3.A,7ng3,A,145,CYS,C22
7NG3.B,7ng3,B,145,CYS,C22
7NG6.A,7ng6,A,145,CYS,C22
7NG6.B,7ng6,B,145,CYS,C22
7NH4.A,7nh4,A,310,CYS,C37
7NH5.A,7nh5,A,296,CYS,C39
7NH5.A,7nh5,A,310,CYS,C39
7NIY.A,7niy,A,9,CYS,C4
7NIY.A,7niy,A,90,CYS,C4
7NIZ.A,7niz,A,38,CYS,SG
7NIZ.A,7niz,A,38,CYS,SG
7NNX.A,7nnx,A,90,CYS,C2
7NT1.B,7nt1,B,145,CYS,C1
7NT2.B,7nt2,B,145,CYS,C1
7NTV.B,7ntv,B,145,CYS,C13
7NTV.B,7ntv,B,145,CYS,C13
7NUK.B,7nuk,B,145,CYS,C14
7NUK.B,7nuk,B,145,CYS,C14
7NW2.A,7nw2,A,145,CYS,C
7NXK.A,7nxk,A,1039,CYS,C35
7NXK.C,7nxk,C,1039,CYS,C35
7NXM.A,7nxm,A,25,CYS,C15
7O07.A,7o07,A,38,CYS,C10
7OJX.B,7ojx,B,124,CYS,CAE
7OJX.D,7ojx,D,48,CYS,CAH
7OMF.D,7omf,D,26,CYS,C2
7ONB.D,7onb,D,26,CYS,C23
7ORE.A,7ore,A,154,CYS,C32
7ORF.A,7orf,A,154,CYS,C22
7OXB.A,7oxb,A,797,CYS,C33
7R60.A,7r60,A,481,CYS,C33
7R61.A,7r61,A,481,CYS,C30
7R7H.A,7r7h,A,145,CYS,C31
7R7H.B,7r7h,B,145,CYS,C31
7RB1.A,7rb1,A,191,CYS,C3
7RB1.C,7rb1,C,191,CYS,C3
7RB1.D,7rb1,D,191,CYS,C3
7RBX.A,7rbx,A,185,CYS,C4
7RBX.B,7rbx,B,185,CYS,C4
7RBX.C,7rbx,C,185,CYS,C4
7RBX.D,7rbx,D,185,CYS,C4
7RBZ.A,7rbz,A,145,CYS,C02
7RC0.A,7rc0,A,145,CYS,C02
7RC1.A,7rc1,A,145,CYS,C02
7RFR.A,7rfr,A,145,CYS,C35
7RFR.B,7rfr,B,145,CYS,C35
7RFS.A,7rfs,A,145,CYS,C3
7RFU.A,7rfu,A,145,CYS,C18
7RFW.A,7rfw,A,145,CYS,C3
7RGL.A,7rgl,A,331,CYS,C2
7RGL.B,7rgl,B,331,CYS,C2
7RGL.C,7rgl,C,331,CYS,C2
7RGL.D,7rgl,D,331,CYS,C2
7RGL.E,7rgl,E,331,CYS,C2
7RGL.F,7rgl,F,331,CYS,C2
7RGL.G,7rgl,G,331,CYS,C2
7RGL.H,7rgl,H,331,CYS,C2
7RN1.A,7rn1,A,145,CYS,C34
7V6K.A,7v6k,A,208,CYS,C5
7V6K.B,7v6k,B,208,CYS,C5
7VH8.A,7vh8,A,145,CYS,C3
7VH8.A,7vh8,A,145,CYS,S
