1A54.A,1a54,A,197,CYS,C1
1A54.A,1a54,A,197,CYS,C2
1A54.A,1a54,A,197,CYS,C1
1A54.A,1a54,A,197,CYS,C2
1AEC.A,1aec,A,25,CYS,C2
1AIM.A,1aim,A,25,CYS,CM
1ATK.A,1atk,A,25,CYS,C2
1AU3.A,1au3,A,25,CYS,C22
1AU4.A,1au4,A,25,CYS,C17
1AYU.A,1ayu,A,25,CYS,C21
1AYV.A,1ayv,A,25,CYS,C21
1AYW.A,1ayw,A,25,CYS,C21
1B02.A,1b02,A,161,CYS,C6
1BGO.A,1bgo,A,25,CYS,C31
1BJG.A,1bjg,A,146,CYS,C6
1BMQ.A,1bmq,A,285,CYS,C27
1BWC.A,1bwc,A,58,CYS,S5
1CQQ.A,1cqq,A,147,CYS,C19
1CTE.A,1cte,A,29,CYS,S2
1CTE.B,1cte,B,29,CYS,S2
1CV8.A,1cv8,A,24,CYS,C2
1CVR.A,1cvr,A,244,CYS,C3
1CVZ.A,1cvz,A,25,CYS,C10
1DC4.A,1dc4,A,149,CYS,C1
1DC4.B,1dc4,B,149,CYS,C1
1ECC.A,1ecc,A,1,CYS,CE
1ECC.B,1ecc,B,1,CYS,CE
1ECG.A,1ecg,A,1,CYS,CE
1ECG.B,1ecg,B,1,CYS,CE
1EWL.A,1ewl,A,25,CYS,C2
1EWM.A,1ewm,A,25,CYS,C2
1EWO.A,1ewo,A,25,CYS,C32
1EWP.A,1ewp,A,25,CYS,CM
1F28.A,1f28,A,173,CYS,C6
1F28.C,1f28,C,173,CYS,C6
1F29.A,1f29,A,25,CYS,C22
1F29.B,1f29,B,25,CYS,C22
1F29.C,1f29,C,25,CYS,C22
1F2A.A,1f2a,A,25,CYS,C27
1F2B.A,1f2b,A,25,CYS,C27
1F2C.A,1f2c,A,25,CYS,C27
1F42.A,1f42,A,177,CYS,S5
1F42.A,1f42,A,252,CYS,S5
1F4C.A,1f4c,A,146,CYS,S1
1F4C.B,1f4c,B,146,CYS,S1
1F4D.A,1f4d,A,143,CYS,S1
1F4D.B,1f4d,B,143,CYS,S1
1FH0.A,1fh0,A,25,CYS,C21
1FH0.B,1fh0,B,2025,CYS,C21
1FJ8.A,1fj8,A,163,CYS,C2
1FJ8.B,1fj8,B,163,CYS,C2
1FJ8.C,1fj8,C,163,CYS,C2
1FJ8.D,1fj8,D,163,CYS,C2
1GJM.A,1gjm,A,85,CYS,C15
1GJM.A,1gjm,A,136,CYS,C15
1GJM.A,1gjm,A,357,CYS,FE
1GMY.A,1gmy,A,29,CYS,C1
1GMY.B,1gmy,B,29,CYS,C1
1GMY.C,1gmy,C,29,CYS,C1
1GTH.A,1gth,A,671,CYS,C5
1HVY.D,1hvy,D,195,CYS,C6
1HVY.B,1hvy,B,195,CYS,C6
1HVY.C,1hvy,C,195,CYS,C6
1HVY.A,1hvy,A,195,CYS,C6
1ITO.A,1ito,A,29,CYS,C2
1JCN.A,1jcn,A,331,CYS,C6
1JCN.B,1jcn,B,331,CYS,C6
1KEQ.A,1keq,A,183,CYS,C4
1KEQ.B,1keq,B,183,CYS,C4
1KEQ.A,1keq,A,188,CYS,C4
1KEQ.B,1keq,B,188,CYS,C4
1KEQ.A,1keq,A,131,CYS,C4
1KEQ.A,1keq,A,131,CYS,C4
1KOU.A,1kou,A,69,CYS,C1
1KZI.A,1kzi,A,146,CYS,C6
1KZI.B,1kzi,B,146,CYS,C6
1KZI.A,1kzi,A,192,CYS,S4
1LXY.A,1lxy,A,398,CYS,C7
1LXY.B,1lxy,B,398,CYS,C7
1M4A.A,1m4a,A,31,CYS,S1
1M4B.A,1m4b,A,43,CYS,S27
1M6D.A,1m6d,A,25,CYS,CT
1M6D.B,1m6d,B,25,CYS,CT
1MEG.A,1meg,A,25,CYS,C2
1MEM.A,1mem,A,25,CYS,C21
1ML3.B,1ml3,B,166,CYS,C1
1ML3.B,1ml3,B,166,CYS,C1
1ML3.C,1ml3,C,166,CYS,C1
1ML3.C,1ml3,C,166,CYS,C1
1ML3.D,1ml3,D,166,CYS,C1
1MS6.A,1ms6,A,25,CYS,C
1MS6.A,1ms6,A,25,CYS,C'
1NBP.A,1nbp,A,31,CYS,S1
1NLJ.A,1nlj,A,25,CYS,C07
1NLJ.B,1nlj,B,25,CYS,C07
1NME.A,1nme,A,163,CYS,C1
1NMQ.A,1nmq,A,163,CYS,C1
1NMQ.B,1nmq,B,163,CYS,C1
1NMS.A,1nms,A,163,CYS,C1
1NMS.B,1nms,B,163,CYS,C1
1NPZ.A,1npz,A,25,CYS,C18
1NPZ.B,1npz,B,275,CYS,C18
1NQC.A,1nqc,A,25,CYS,C56
1O41.A,1o41,A,44,CYS,C10
1O43.A,1o43,A,44,CYS,C71
1O45.A,1o45,A,44,CYS,C75
1O4A.A,1o4a,A,44,CYS,C71
1O4D.A,1o4d,A,44,CYS,C7
1O4E.A,1o4e,A,44,CYS,C11
1O4I.A,1o4i,A,44,CYS,C7
1O4K.A,1o4k,A,44,CYS,C7
1OFE.A,1ofe,A,1,CYS,CE
1OFE.A,1ofe,A,1137,CYS,FE1
1OFE.A,1ofe,A,1143,CYS,FE3
1OFE.A,1ofe,A,1148,CYS,FE4
1OFE.B,1ofe,B,1137,CYS,FE4
1OFE.B,1ofe,B,1143,CYS,FE3
1OFE.B,1ofe,B,1148,CYS,FE1
1PE6.A,1pe6,A,25,CYS,C2
1PPP.A,1ppp,A,25,CYS,C2
1Q6K.A,1q6k,A,25,CYS,C
1QA7.B,1qa7,B,172,CYS,CH3
1QA7.D,1qa7,D,172,CYS,CH3
1QA7.C,1qa7,C,172,CYS,CH3
1QA7.A,1qa7,A,172,CYS,CH3
1QDQ.A,1qdq,A,29,CYS,C6
1QFM.A,1qfm,A,78,CYS,S1
1QFM.A,1qfm,A,532,CYS,S1
1QWZ.A,1qwz,A,223,CYS,SD
1QXA.A,1qxa,A,223,CYS,SD
1RE1.A,1re1,A,285,CYS,C4
1RWK.A,1rwk,A,285,CYS,C1
1RWN.A,1rwn,A,285,CYS,C18
1RWO.A,1rwo,A,285,CYS,C31
1RWP.A,1rwp,A,285,CYS,C20
1RWV.A,1rwv,A,285,CYS,C36
1RWX.A,1rwx,A,285,CYS,C31
1RXE.A,1rxe,A,89,CYS,S5
1SNK.A,1snk,A,25,CYS,C26
1THE.A,1the,A,29,CYS,C11
1THE.B,1the,B,29,CYS,C11
1TLO.A,1tlo,A,115,CYS,C2
1TRG.A,1trg,A,146,CYS,C6
1TU6.A,1tu6,A,139,CYS,C23
1TU6.B,1tu6,B,139,CYS,C23
1U9V.A,1u9v,A,25,CYS,C27
1U9W.A,1u9w,A,25,CYS,C26
1U9X.A,1u9x,A,25,CYS,C12
1VSN.A,1vsn,A,25,CYS,C44
1VZE.A,1vze,A,198,CYS,C6
1WOF.A,1wof,A,145,CYS,C21
1WOF.B,1wof,B,145,CYS,C21
1X83.A,1x83,A,67,CYS,C5
1X83.B,1x83,B,67,CYS,C5
1X83.A,1x83,A,67,CYS,MG
1X83.B,1x83,B,67,CYS,MG
1XLU.A,1xlu,A,65,CYS,N
1XLV.A,1xlv,A,65,CYS,N
1YK7.A,1yk7,A,25,CYS,C25
1YT7.A,1yt7,A,25,CYS,C31
1ZCM.A,1zcm,A,115,CYS,C32
207L.A,207l,A,95,CYS,SG
2A4O.A,2a4o,A,172,CYS,CH3
2A5I.A,2a5i,A,145,CYS,CBM
2A5K.A,2a5k,A,145,CYS,CBM
2A5K.B,2a5k,B,145,CYS,CBM
2AAZ.A,2aaz,A,187,CYS,C6
2AAZ.B,2aaz,B,187,CYS,C6
2AAZ.C,2aaz,C,187,CYS,C6
2AAZ.D,2aaz,D,187,CYS,C6
2AAZ.E,2aaz,E,187,CYS,C6
2AAZ.F,2aaz,F,187,CYS,C6
2AAZ.G,2aaz,G,187,CYS,C6
2AAZ.H,2aaz,H,187,CYS,C6
2AAZ.I,2aaz,I,187,CYS,C6
2AAZ.J,2aaz,J,187,CYS,C6
2AAZ.K,2aaz,K,187,CYS,C6
2AAZ.L,2aaz,L,187,CYS,C6
2AAZ.M,2aaz,M,187,CYS,C6
2AAZ.N,2aaz,N,187,CYS,C6
2AAZ.O,2aaz,O,187,CYS,C6
2AAZ.P,2aaz,P,187,CYS,C6
2AIM.A,2aim,A,25,CYS,CM
2ALV.A,2alv,A,145,CYS,C33
2AMD.A,2amd,A,145,CYS,C23
2AMD.B,2amd,B,145,CYS,C23
2AUX.A,2aux,A,25,CYS,C6
2AUZ.A,2auz,A,25,CYS,C6
2AWZ.A,2awz,A,366,CYS,C1
2AWZ.B,2awz,B,366,CYS,C1
2AX0.A,2ax0,A,366,CYS,C1
2AX0.B,2ax0,B,366,CYS,C1
2AX1.A,2ax1,A,366,CYS,C1
2AX1.B,2ax1,B,366,CYS,C1
2BDL.A,2bdl,A,25,CYS,C19
2BFG.D,2bfg,D,201,CYS,O21
2C1E.A,2c1e,A,163,CYS,C11
2C2K.A,2c2k,A,163,CYS,C11
2C2M.A,2c2m,A,163,CYS,C2
2C2O.A,2c2o,A,163,CYS,C10
2C2Z.A,2c2z,A,360,CYS,C10
2CDR.A,2cdr,A,163,CYS,C9
2CE2.X,2ce2,X,32,CYS,C19
2CL0.X,2cl0,X,32,CYS,C19
2CL6.X,2cl6,X,32,CYS,C19
2CL7.X,2cl7,X,32,CYS,C19
2CLC.X,2clc,X,32,CYS,C19
2CNK.A,2cnk,A,163,CYS,C2
2CNL.A,2cnl,A,163,CYS,C10
2CNN.A,2cnn,A,163,CYS,C9
2CNO.A,2cno,A,163,CYS,C3
2DC6.A,2dc6,A,29,CYS,C2
2DC7.A,2dc7,A,29,CYS,C3
2DC8.A,2dc8,A,29,CYS,C3
2DC9.A,2dc9,A,29,CYS,C3
2DCA.A,2dca,A,29,CYS,C3
2DCB.A,2dcb,A,29,CYS,C3
2DCC.A,2dcc,A,29,CYS,C2
2DCD.A,2dcd,A,29,CYS,C3
2DJF.B,2djf,B,234,CYS,C2
2DYS.B,2dys,B,200,CYS,CU2
2DYS.B,2dys,B,196,CYS,CU1
2DYS.O,2dys,O,196,CYS,CU1
2DYS.O,2dys,O,196,CYS,CU2
2DYS.O,2dys,O,200,CYS,CU2
2DYS.O,2dys,O,200,CYS,CU1
2DYS.B,2dys,B,196,CYS,CU2
2DYS.B,2dys,B,200,CYS,CU1
2EVW.X,2evw,X,32,CYS,C19
2F7D.A,2f7d,A,25,CYS,C20
2FIR.L,2fir,L,17,CYS,C
2FQ9.A,2fq9,A,25,CYS,C32
2FQ9.B,2fq9,B,25,CYS,C32
2FRA.A,2fra,A,25,CYS,C16
2FRA.B,2fra,B,25,CYS,C16
2FRQ.A,2frq,A,25,CYS,C16
2FRQ.B,2frq,B,25,CYS,C16
2FT2.A,2ft2,A,25,CYS,C31
2FT2.B,2ft2,B,25,CYS,C31
2FUD.A,2fud,A,25,CYS,C9
2FUD.B,2fud,B,25,CYS,C9
2FYE.A,2fye,A,25,CYS,CT
2G6D.A,2g6d,A,25,CYS,CT
2G8E.A,2g8e,A,115,CYS,CAX
2G8J.A,2g8j,A,115,CYS,C1
2GKE.A,2gke,A,73,CYS,CAN
2GKJ.A,2gkj,A,217,CYS,CAN
2GTB.A,2gtb,A,145,CYS,CBM
2GX4.A,2gx4,A,145,CYS,C35
2GYD.A,2gyd,A,126,CYS,CD
2GYD.A,2gyd,A,126,CYS,CD
2GZ3.A,2gz3,A,128,CYS,CG
2GZ3.B,2gz3,B,128,CYS,CG
2GZ3.C,2gz3,C,128,CYS,CG
2GZ3.D,2gz3,D,128,CYS,CG
2H6M.A,2h6m,A,172,CYS,C
2H6M.A,2h6m,A,172,CYS,C1
2H9H.A,2h9h,A,172,CYS,C
2H9H.A,2h9h,A,172,CYS,C1
2HAL.A,2hal,A,172,CYS,C1
2HAL.A,2hal,A,172,CYS,C1
2HAL.A,2hal,A,172,CYS,C
2HOB.A,2hob,A,145,CYS,C20
2HWO.A,2hwo,A,345,CYS,C51
2HWO.B,2hwo,B,345,CYS,C51
2HWP.A,2hwp,A,345,CYS,C51
2HWP.B,2hwp,B,345,CYS,C51
2HXZ.A,2hxz,A,25,CYS,C
2HXZ.B,2hxz,B,25,CYS,C
2HXZ.C,2hxz,C,25,CYS,C
2IJN.A,2ijn,A,366,CYS,S14
2IJN.B,2ijn,B,366,CYS,S14
2IPH.A,2iph,A,1139,CYS,C30
2IPH.B,2iph,B,2139,CYS,C30
2IPP.A,2ipp,A,29,CYS,S2
2J6H.A,2j6h,A,1,CYS,CE
2J6H.B,2j6h,B,1,CYS,CE
2KID.A,2kid,A,184,CYS,SG
2LP8.B,2lp8,B,1003,CYS,C1
2LP8.B,2lp8,B,1014,CYS,C20
2LXY.A,2lxy,A,34,CYS,S1
2M0Z.A,2m0z,A,22,CYS,C1
2M0Z.A,2m0z,A,77,CYS,C20
2M10.A,2m10,A,22,CYS,C1
2M10.A,2m10,A,77,CYS,C20
2MLM.A,2mlm,A,126,CYS,S2
2NQG.A,2nqg,A,115,CYS,CBT
2NQI.A,2nqi,A,115,CYS,CBS
2O7Q.A,2o7q,A,392,CYS,C
2O7S.A,2o7s,A,392,CYS,C
2OP3.A,2op3,A,25,CYS,C17
2OP3.B,2op3,B,25,CYS,C17
2OZ2.A,2oz2,A,25,CYS,C27
2OZ2.C,2oz2,C,25,CYS,C27
2P7U.A,2p7u,A,25,CYS,C27
2P86.A,2p86,A,25,CYS,C22
2QLQ.A,2qlq,A,345,CYS,C51
2QLQ.A,2qlq,A,345,CYS,C51
2QLQ.A,2qlq,A,483,CYS,C51
2QLQ.B,2qlq,B,345,CYS,C51
2QNY.B,2qny,B,112,CYS,C1
2QNY.A,2qny,A,112,CYS,C1
2QNY.B,2qny,B,112,CYS,C1
2QNY.A,2qny,A,112,CYS,C1
2QNY.A,2qny,A,154,CYS,S2
2QNY.A,2qny,A,23,CYS,S2
2QNY.B,2qny,B,23,CYS,S2
2QNZ.A,2qnz,A,112,CYS,C1
2QNZ.A,2qnz,A,112,CYS,C1
2QNZ.B,2qnz,B,112,CYS,C1
2QNZ.B,2qnz,B,112,CYS,C1
2QNZ.A,2qnz,A,154,CYS,S2
2QNZ.B,2qnz,B,154,CYS,S2
2QO0.A,2qo0,A,112,CYS,S1
2QO0.B,2qo0,B,112,CYS,S1
2QQ7.A,2qq7,A,345,CYS,C51
2QQ7.B,2qq7,B,345,CYS,C51
2R6N.A,2r6n,A,25,CYS,C09
2R9F.A,2r9f,A,115,CYS,CBM
2RL2.A,2rl2,A,117,CYS,C2
2RUI.A,2rui,A,187,CYS,SG
2TOD.A,2tod,A,360,CYS,CO
2TOD.B,2tod,B,360,CYS,CO
2TOD.C,2tod,C,360,CYS,CO
2TOD.D,2tod,D,360,CYS,CO
2UZJ.A,2uzj,A,47,CYS,C2
2UZJ.B,2uzj,B,47,CYS,C2
2V6N.A,2v6n,A,145,CYS,CAC
2VV4.A,2vv4,A,285,CYS,C8
2VV4.B,2vv4,B,285,CYS,C10
2WSL.A,2wsl,A,65,CYS,N
2XLQ.A,2xlq,A,215,CYS,C2
2XM7.A,2xm7,A,215,CYS,C2
2XU1.A,2xu1,A,25,CYS,C15
2XU1.B,2xu1,B,25,CYS,C15
2XU1.C,2xu1,C,25,CYS,C15
2XU1.D,2xu1,D,25,CYS,C15
2XU3.A,2xu3,A,25,CYS,C19
2XU3.A,2xu3,A,25,CYS,C19
2XU4.A,2xu4,A,25,CYS,C5
2XU5.A,2xu5,A,25,CYS,C5
2XYG.A,2xyg,A,163,CYS,C22
2XYH.A,2xyh,A,163,CYS,C91
2XYP.A,2xyp,A,163,CYS,C91
2YJ0.A,2yj0,A,59,CYS,C1
2YJ0.A,2yj0,A,59,CYS,C1
2YJ0.B,2yj0,B,59,CYS,C1
2YJ0.B,2yj0,B,59,CYS,C1
2YJ0.C,2yj0,C,59,CYS,C1
2YJ0.C,2yj0,C,59,CYS,C1
2YJ0.D,2yj0,D,59,CYS,C1
2YJ0.D,2yj0,D,59,CYS,C1
2YJ0.E,2yj0,E,59,CYS,C1
2YJ0.E,2yj0,E,59,CYS,C1
2YJ0.F,2yj0,F,59,CYS,C1
2YJ0.F,2yj0,F,59,CYS,C1
2YJ2.A,2yj2,A,25,CYS,C18
2YJ8.A,2yj8,A,25,CYS,C18
2YJ9.A,2yj9,A,25,CYS,C5
2YJB.A,2yjb,A,25,CYS,C5
2YJC.A,2yjc,A,25,CYS,C15
2YNB.A,2ynb,A,148,CYS,NI
2YNB.A,2ynb,A,145,CYS,NI
2YNB.B,2ynb,B,148,CYS,C63
2ZK2.A,2zk2,A,285,CYS,C8
2ZK5.A,2zk5,A,285,CYS,C8
2ZK5.B,2zk5,B,285,CYS,C8
2ZU3.A,2zu3,A,147,CYS,C63
2ZU4.A,2zu4,A,145,CYS,C63
2ZU5.A,2zu5,A,145,CYS,C11
3ADW.A,3adw,A,285,CYS,C9
3ADW.B,3adw,B,285,CYS,C9
3ADX.A,3adx,A,285,CYS,C8
3B0R.A,3b0r,A,285,CYS,C9
3B0R.B,3b0r,B,285,CYS,C9
3B9H.A,3b9h,A,146,CYS,C6
3BHL.A,3bhl,A,146,CYS,C6
3BHL.B,3bhl,B,146,CYS,C6
3BHR.A,3bhr,A,146,CYS,C6
3BLT.A,3blt,A,403,CYS,C8
3BLU.A,3blu,A,403,CYS,C8
3C9W.A,3c9w,A,164,CYS,C11
3C9W.B,3c9w,B,164,CYS,C11
3CMC.O,3cmc,O,149,CYS,C1
3CMC.P,3cmc,P,149,CYS,C1
3CMC.Q,3cmc,Q,149,CYS,C1
3CMC.R,3cmc,R,149,CYS,C1
3D1L.A,3d1l,A,179,CYS,S3
3D1L.B,3d1l,B,179,CYS,S3
3DKS.C,3dks,C,30,CYS,C4
3DKS.D,3dks,D,30,CYS,C4
3DLA.A,3dla,A,176,CYS,CE
3DLA.B,3dla,B,176,CYS,CE
3DLA.B,3dla,B,176,CYS,CE
3DLA.C,3dla,C,176,CYS,CE
3DLA.D,3dla,D,176,CYS,CE
3FRZ.A,3frz,A,223,CYS,S2
3FRZ.A,3frz,A,14,CYS,C15
3GCD.A,3gcd,A,140,CYS,CAG
3GCD.B,3gcd,B,140,CYS,CAG
3GCD.C,3gcd,C,140,CYS,CAG
3GCD.D,3gcd,D,140,CYS,CAG
3H0E.A,3h0e,A,163,CYS,C5
3H0E.B,3h0e,B,163,CYS,C5
3HD3.A,3hd3,A,25,CYS,C10
3HD3.B,3hd3,B,25,CYS,C10
3HHA.A,3hha,A,25,CYS,C14
3HHA.B,3hha,B,25,CYS,C14
3HHA.C,3hha,C,25,CYS,C14
3HHA.D,3hha,D,25,CYS,C14
3HHI.B,3hhi,B,122,CYS,C6
3HHI.A,3hhi,A,122,CYS,C6
3HWN.A,3hwn,A,25,CYS,C24
3HWN.B,3hwn,B,25,CYS,C24
3HWN.C,3hwn,C,25,CYS,C24
3HWN.D,3hwn,D,25,CYS,C24
3I06.A,3i06,A,25,CYS,CAS
3I4A.A,3i4a,A,274,CYS,CZ
3I4A.B,3i4a,B,274,CYS,CZ
3IOQ.A,3ioq,A,25,CYS,C2
3IUT.A,3iut,A,25,CYS,C22
3KHU.A,3khu,A,276,CYS,C6'
3KHU.B,3khu,B,276,CYS,C6'
3KHU.C,3khu,C,276,CYS,C6'
3KHU.D,3khu,D,276,CYS,C6'
3KHU.E,3khu,E,276,CYS,C6'
3KHU.F,3khu,F,276,CYS,C6'
3KJF.A,3kjf,A,163,CYS,C1
3KJN.A,3kjn,A,360,CYS,C1
3KJQ.A,3kjq,A,360,CYS,C1
3KNE.A,3kne,A,64,CYS,S2
3KR6.A,3kr6,A,115,CYS,C1
3KW9.A,3kw9,A,25,CYS,C9
3KWB.X,3kwb,X,1025,CYS,C14
3KWB.Y,3kwb,Y,2025,CYS,C14
3KWZ.A,3kwz,A,25,CYS,C26
3LOK.A,3lok,A,345,CYS,C51
3LOK.B,3lok,B,345,CYS,C51
3LTH.A,3lth,A,115,CYS,C1
3LXS.A,3lxs,A,25,CYS,C27
3LXS.C,3lxs,C,25,CYS,C27
3M2Z.A,3m2z,A,64,CYS,S12
3M5T.A,3m5t,A,64,CYS,S20
3N3G.B,3n3g,B,25,CYS,N19
3N4C.A,3n4c,A,25,CYS,C26
3N4C.B,3n4c,B,25,CYS,C26
3NPL.A,3npl,A,400,CYS,FE
3NPL.B,3npl,B,400,CYS,FE
3NPL.B,3npl,B,97,CYS,C49
3O1G.A,3o1g,A,25,CYS,C7
3O6T.A,3o6t,A,37,CYS,C15
3O6T.C,3o6t,C,37,CYS,C15
3OF8.A,3of8,A,26,CYS,C21
3OF9.A,3of9,A,26,CYS,C31
3ORX.A,3orx,A,148,CYS,SD
3ORX.B,3orx,B,148,CYS,SD
3ORX.C,3orx,C,148,CYS,SD
3ORX.D,3orx,D,148,CYS,SD
3ORX.E,3orx,E,148,CYS,SD
3ORX.F,3orx,F,148,CYS,SD
3ORX.G,3orx,G,148,CYS,SD
3ORX.H,3orx,H,148,CYS,SD
3ORZ.A,3orz,A,148,CYS,SD
3ORZ.B,3orz,B,148,CYS,SD
3ORZ.C,3orz,C,148,CYS,SD
3ORZ.D,3orz,D,148,CYS,SD
3OTU.A,3otu,A,148,CYS,SD
3OVX.A,3ovx,A,25,CYS,C12
3OVX.B,3ovx,B,25,CYS,C12
3P8E.A,3p8e,A,274,CYS,CZ
3P8E.B,3p8e,B,274,CYS,CZ
3PA8.A,3pa8,A,155,CYS,CAC
3PA8.B,3pa8,B,155,CYS,CAC
3PDF.A,3pdf,A,234,CYS,C18
3Q3Y.A,3q3y,A,147,CYS,C06
3Q3Y.B,3q3y,B,147,CYS,C06
3QSD.A,3qsd,A,100,CYS,C6
3QVO.A,3qvo,A,93,CYS,S5
3RHY.A,3rhy,A,249,CYS,C4
3RHY.B,3rhy,B,249,CYS,C4
3RUO.A,3ruo,A,147,CYS,C19
3RUO.B,3ruo,B,147,CYS,C19
3S19.A,3s19,A,194,CYS,C10
3S19.B,3s19,B,194,CYS,C10
3S19.B,3s19,B,194,CYS,C10
3S19.C,3s19,C,194,CYS,C10
3S19.C,3s19,C,194,CYS,C10
3S19.D,3s19,D,194,CYS,C10
3S19.D,3s19,D,194,CYS,C10
3S3J.A,3s3j,A,277,CYS,C6
3S3Q.A,3s3q,A,100,CYS,C18
3SJI.A,3sji,A,147,CYS,C19
3SJO.A,3sjo,A,147,CYS,C19
3SJO.B,3sjo,B,147,CYS,C19
3SJO.C,3sjo,C,147,CYS,C19
3SJO.D,3sjo,D,147,CYS,C19
3SJO.E,3sjo,E,147,CYS,C19
3SJO.F,3sjo,F,147,CYS,C19
3SJO.G,3sjo,G,147,CYS,C19
3SJO.H,3sjo,H,147,CYS,C19
3SN8.A,3sn8,A,145,CYS,C
3SVV.A,3svv,A,338,CYS,C18
3SVV.B,3svv,B,338,CYS,C18
3SZ9.A,3sz9,A,302,CYS,C11
3SZ9.B,3sz9,B,302,CYS,C11
3SZ9.C,3sz9,C,302,CYS,C11
3SZ9.D,3sz9,D,302,CYS,C11
3SZ9.E,3sz9,E,302,CYS,C11
3SZ9.F,3sz9,F,302,CYS,C11
3SZ9.G,3sz9,G,302,CYS,C11
3SZ9.H,3sz9,H,302,CYS,C11
3SZB.A,3szb,A,243,CYS,C9
3SZB.B,3szb,B,243,CYS,C9
3SZN.A,3szn,A,145,CYS,C63
3T9T.A,3t9t,A,442,CYS,C28
3TIT.A,3tit,A,145,CYS,C63
3TIU.A,3tiu,A,145,CYS,C63
3TNS.A,3tns,A,145,CYS,C63
3TNT.A,3tnt,A,145,CYS,C63
3UR9.B,3ur9,B,139,CYS,C21
3UR9.A,3ur9,A,139,CYS,C21
3UXJ.D,3uxj,D,194,CYS,C10
3UXJ.A,3uxj,A,194,CYS,C10
3UXJ.B,3uxj,B,194,CYS,C10
3UXJ.C,3uxj,C,194,CYS,C10
3V4X.D,3v4x,D,111,CYS,C8
3V4X.B,3v4x,B,111,CYS,C8
3V4X.A,3v4x,A,111,CYS,C8
3V4X.C,3v4x,C,111,CYS,C8
3VB4.A,3vb4,A,145,CYS,C
3VB4.B,3vb4,B,145,CYS,C
3VB5.A,3vb5,A,145,CYS,C
3VB5.B,3vb5,B,145,CYS,C
3VB6.A,3vb6,A,145,CYS,C
3VB6.B,3vb6,B,145,CYS,C
3VB7.A,3vb7,A,145,CYS,C
3VB7.B,3vb7,B,145,CYS,C
3VCY.C,3vcy,C,116,CYS,C1
3VCY.D,3vcy,D,116,CYS,C1
3VCY.B,3vcy,B,116,CYS,C1
3VCY.A,3vcy,A,116,CYS,C1
3VYP.A,3vyp,A,354,CYS,C1
3VYP.B,3vyp,B,354,CYS,C1
3W2P.A,3w2p,A,797,CYS,C35
3W2Q.A,3w2q,A,797,CYS,CBT
3WJC.A,3wjc,A,96,CYS,C2A
3WJC.B,3wjc,B,96,CYS,C2A
3X1H.B,3x1h,B,285,CYS,C15
3X1H.A,3x1h,A,285,CYS,C15
3X1I.B,3x1i,B,285,CYS,C15
3X1I.A,3x1i,A,285,CYS,C15
3ZGP.A,3zgp,A,442,CYS,CAA
3ZV9.A,3zv9,A,147,CYS,C63
3ZVA.A,3zva,A,147,CYS,C63
3ZVC.A,3zvc,A,147,CYS,C63
3ZVD.A,3zvd,A,147,CYS,C63
3ZVE.A,3zve,A,147,CYS,C63
3ZVF.A,3zvf,A,147,CYS,C63
3ZVG.A,3zvg,A,147,CYS,C63
3ZZ5.A,3zz5,A,147,CYS,C63
3ZZ6.A,3zz6,A,147,CYS,C63
3ZZ7.A,3zz7,A,147,CYS,C63
3ZZ8.A,3zz8,A,147,CYS,C63
3ZZ9.A,3zz9,A,147,CYS,C63
3ZZA.A,3zza,A,147,CYS,C63
3ZZB.A,3zzb,A,147,CYS,C63
3ZZC.A,3zzc,A,147,CYS,C63
3ZZD.A,3zzd,A,147,CYS,C63
4A52.A,4a52,A,142,CYS,C7
4BQV.A,4bqv,A,147,CYS,C18
4BQV.B,4bqv,B,147,CYS,C18
4BQV.C,4bqv,C,147,CYS,C18
4BQV.D,4bqv,D,147,CYS,C18
4BQV.E,4bqv,E,147,CYS,C18
4BQV.F,4bqv,F,147,CYS,C18
4BQV.G,4bqv,G,147,CYS,C18
4BQV.H,4bqv,H,147,CYS,C18
4BS5.A,4bs5,A,147,CYS,C12
4BS6.A,4bs6,A,147,CYS,C20
4BS6.B,4bs6,B,147,CYS,C20
4BSQ.A,4bsq,A,147,CYS,C14
4C5L.A,4c5l,A,110,CYS,C4A
4C5L.C,4c5l,C,110,CYS,C4A
4C5L.D,4c5l,D,110,CYS,C4A
4C5N.D,4c5n,D,110,CYS,C4A
4CIA.A,4cia,A,375,CYS,CD
4CL8.A,4cl8,A,168,CYS,CAF
4CL8.B,4cl8,B,168,CYS,CAF
4CL8.C,4cl8,C,168,CYS,CAF
4CL8.D,4cl8,D,168,CYS,CAF
4CM5.A,4cm5,A,168,CYS,CAV
4CM5.B,4cm5,B,168,CYS,CAV
4CM5.C,4cm5,C,168,CYS,CAV
4CM5.D,4cm5,D,168,CYS,CAV
4CYG.A,4cyg,A,211,CYS,C12
4CYG.B,4cyg,B,211,CYS,C12
4D8E.A,4d8e,A,192,CYS,C2
4D9U.A,4d9u,A,436,CYS,C11
4DCD.A,4dcd,A,147,CYS,C21
4DMX.A,4dmx,A,25,CYS,C28
4DMY.B,4dmy,B,25,CYS,C29
4DMY.A,4dmy,A,25,CYS,C29
4DWQ.A,4dwq,A,98,CYS,MN
4EF8.A,4ef8,A,150,CYS,C4
4EF8.B,4ef8,B,150,CYS,C4
4EF9.A,4ef9,A,150,CYS,C4
4EF9.B,4ef9,B,150,CYS,C4
4ETP.B,4etp,B,355,CYS,C1
4ETP.B,4etp,B,423,CYS,C8
4F49.A,4f49,A,144,CYS,C21
4F49.B,4f49,B,144,CYS,C21
4F49.C,4f49,C,144,CYS,C21
4F49.D,4f49,D,144,CYS,C21
4F8B.B,4f8b,B,55,CYS,C77
4F8B.D,4f8b,D,55,CYS,C77
4F8B.C,4f8b,C,55,CYS,C77
4F8B.E,4f8b,E,55,CYS,C77
4FDN.A,4fdn,A,387,CYS,N8
4GEV.A,4gev,A,146,CYS,C6
4GEV.B,4gev,B,146,CYS,C6
4GHT.A,4ght,A,147,CYS,C19
4GHT.B,4ght,B,147,CYS,C19
4GMX.C,4gmx,C,539,CYS,C3
4GPT.C,4gpt,C,539,CYS,C7
4GS6.A,4gs6,A,174,CYS,C42
4HAT.C,4hat,C,539,CYS,C3
4HAU.C,4hau,C,539,CYS,C3
4HAV.C,4hav,C,539,CYS,C3
4HAW.C,4haw,C,539,CYS,C3
4HAX.C,4hax,C,539,CYS,C3
4HAY.C,4hay,C,539,CYS,C3
4HAZ.C,4haz,C,539,CYS,C3
4HB0.C,4hb0,C,539,CYS,C3
4HB4.C,4hb4,C,539,CYS,C3
4HCU.A,4hcu,A,442,CYS,C25
4HCV.A,4hcv,A,442,CYS,C25
4HG3.A,4hg3,A,169,CYS,C5
4HG3.B,4hg3,B,169,CYS,C5
4HG3.C,4hg3,C,169,CYS,C5
4HG3.D,4hg3,D,169,CYS,C5
4HG5.A,4hg5,A,169,CYS,C1
4HG5.B,4hg5,B,169,CYS,C1
4HG5.C,4hg5,C,169,CYS,C1
4HG5.D,4hg5,D,169,CYS,C1
4I1P.A,4i1p,A,464,CYS,C7
4I1P.C,4i1p,C,464,CYS,C7
4I24.B,4i24,B,797,CYS,C23
4I24.A,4i24,A,797,CYS,C23
4I3U.A,4i3u,A,291,CYS,C2
4I3U.B,4i3u,B,291,CYS,C2
4I3U.C,4i3u,C,291,CYS,C2
4I3U.D,4i3u,D,291,CYS,C2
4I3U.E,4i3u,E,291,CYS,C2
4I3U.F,4i3u,F,291,CYS,C2
4I3U.G,4i3u,G,291,CYS,C2
4I3U.H,4i3u,H,291,CYS,C2
4I3V.A,4i3v,A,291,CYS,C2
4I3V.B,4i3v,B,291,CYS,C2
4I3V.C,4i3v,C,291,CYS,C2
4I3V.D,4i3v,D,291,CYS,C2
4I3V.E,4i3v,E,291,CYS,C2
4I3V.F,4i3v,F,291,CYS,C2
4I3V.G,4i3v,G,291,CYS,C2
4I3V.H,4i3v,H,291,CYS,C2
4I3W.A,4i3w,A,291,CYS,C1
4I3W.B,4i3w,B,291,CYS,C1
4I3W.C,4i3w,C,291,CYS,C1
4I3W.D,4i3w,D,291,CYS,C1
4I3W.E,4i3w,E,291,CYS,C1
4I3W.F,4i3w,F,291,CYS,C1
4I3W.G,4i3w,G,291,CYS,C1
4I3W.H,4i3w,H,291,CYS,C1
4I9B.A,4i9b,A,295,CYS,C1
4I9O.A,4i9o,A,664,CYS,S
4IMQ.A,4imq,A,139,CYS,C
4ITB.A,4itb,A,262,CYS,C4
4ITB.B,4itb,B,262,CYS,C4
4J5P.A,4j5p,A,269,CYS,C21
4J5P.B,4j5p,B,269,CYS,C21
4JAO.B,4jao,B,138,CYS,CAE
4JAO.C,4jao,C,138,CYS,CAE
4JAP.B,4jap,B,138,CYS,CAE
4JAP.A,4jap,A,138,CYS,CAE
4JAQ.D,4jaq,D,138,CYS,CAE
4JAQ.A,4jaq,A,138,CYS,CAE
4JAQ.C,4jaq,C,138,CYS,C1
4KKY.X,4kky,X,357,CYS,FE
4KKY.X,4kky,X,113,CYS,C19
4KS6.A,4ks6,A,165,CYS,SG
4KTY.B,4kty,B,314,CYS,C23
4KTY.A,4kty,A,314,CYS,C23
4L1O.A,4l1o,A,243,CYS,C7
4L1O.B,4l1o,B,243,CYS,C7
4LFD.A,4lfd,A,223,CYS,SG
4LFD.B,4lfd,B,223,CYS,SG
4LFD.C,4lfd,C,223,CYS,SG
4LFD.D,4lfd,D,223,CYS,SG
4LQM.A,4lqm,A,797,CYS,C51
4LS8.B,4ls8,B,164,CYS,C3
4LS8.A,4ls8,A,164,CYS,C3
4LUC.A,4luc,A,12,CYS,S19
4LUC.B,4luc,B,12,CYS,S19
4LV6.A,4lv6,A,12,CYS,S17
4LV6.B,4lv6,B,12,CYS,S17
4LYF.B,4lyf,B,12,CYS,C18
4LYH.B,4lyh,B,12,CYS,C17
4LYH.C,4lyh,C,12,CYS,C17
4LYJ.A,4lyj,A,12,CYS,C17
4M1O.B,4m1o,B,12,CYS,C28
4M1S.B,4m1s,B,12,CYS,C23
4M1T.B,4m1t,B,12,CYS,C16
4M1Y.B,4m1y,B,12,CYS,C14
4M21.B,4m21,B,12,CYS,C21
4MT4.B,4mt4,B,1,CYS,CG3
4MT4.C,4mt4,C,1,CYS,CG3
4MT4.A,4mt4,A,1,CYS,CG3
4MZ4.A,4mz4,A,366,CYS,C9
4MZ4.A,4mz4,A,366,CYS,C9
4MZ4.B,4mz4,B,366,CYS,C9
4MZ4.B,4mz4,B,366,CYS,C9
4MZO.G,4mzo,G,147,CYS,C14
4MZO.C,4mzo,C,147,CYS,C14
4MZO.F,4mzo,F,147,CYS,C14
4MZO.B,4mzo,B,147,CYS,C14
4MZO.D,4mzo,D,147,CYS,C14
4MZO.E,4mzo,E,147,CYS,C14
4MZO.H,4mzo,H,147,CYS,C14
4MZO.A,4mzo,A,147,CYS,C14
4MZS.B,4mzs,B,147,CYS,C14
4MZS.A,4mzs,A,147,CYS,C14
4NCR.A,4ncr,A,387,CYS,NBE
4NCR.B,4ncr,B,387,CYS,NBE
4NJ4.B,4nj4,B,200,CYS,C7
4NJ4.A,4nj4,A,200,CYS,C7
4NMM.A,4nmm,A,12,CYS,C13
4NPI.B,4npi,B,302,CYS,CA6
4NPI.D,4npi,D,302,CYS,CA6
4NPI.C,4npi,C,302,CYS,CA6
4NPI.A,4npi,A,302,CYS,CA6
4O0H.B,4o0h,B,65,CYS,NA
4O0H.A,4o0h,A,65,CYS,NA
4ONM.B,4onm,B,87,CYS,C5
4ONN.B,4onn,B,87,CYS,C12
4OU2.C,4ou2,C,302,CYS,C5
4OU2.B,4ou2,B,302,CYS,C5
4OU2.D,4ou2,D,302,CYS,C5
4OU2.A,4ou2,A,302,CYS,C5
4OUB.B,4oub,B,302,CYS,CA6
4OUB.D,4oub,D,302,CYS,CA6
4OUB.C,4oub,C,302,CYS,CA6
4OUB.A,4oub,A,302,CYS,CA6
4PE4.X,4pe4,X,84,CYS,C03
4PE4.A,4pe4,A,84,CYS,C03
4PE7.A,4pe7,A,84,CYS,C14
4PHG.A,4phg,A,35,CYS,CAA
4PHH.A,4phh,A,35,CYS,CAA
4PHH.B,4phh,B,35,CYS,CAA
4PHH.C,4phh,C,35,CYS,CAA
4PHH.D,4phh,D,35,CYS,CAA
4PI3.A,4pi3,A,25,CYS,C22
4PI3.B,4pi3,B,25,CYS,C22
4PID.A,4pid,A,122,CYS,C12
4PIE.A,4pie,A,122,CYS,C32
4PIQ.A,4piq,A,122,CYS,C24
4PIS.A,4pis,A,122,CYS,C31
4PNC.A,4pnc,A,59,CYS,CAN
4PNC.A,4pnc,A,59,CYS,CAN
4PZY.A,4pzy,A,70,CYS,CAH
4PZY.B,4pzy,B,70,CYS,CAH
4PZZ.A,4pzz,A,39,CYS,SAH
4Q01.A,4q01,A,39,CYS,SAH
4Q01.B,4q01,B,39,CYS,SAH
4Q02.A,4q02,A,39,CYS,SAG
4Q95.A,4q95,A,125,CYS,C1
4Q95.B,4q95,B,125,CYS,C1
4QBB.A,4qbb,A,51,CYS,C1
4QBB.B,4qbb,B,51,CYS,C1
4QBB.C,4qbb,C,51,CYS,C1
4QPS.A,4qps,A,909,CYS,C1
4QPS.C,4qps,C,909,CYS,C1
4QQ5.A,4qq5,A,482,CYS,C46
4QQC.A,4qqc,A,477,CYS,C46
4QR7.A,4qr7,A,354,CYS,CAA
4QTF.A,4qtf,A,354,CYS,CAT
4R6V.A,4r6v,A,477,CYS,CAV
4R7U.A,4r7u,A,116,CYS,C1
4R7U.B,4r7u,B,116,CYS,C1
4R7U.C,4r7u,C,116,CYS,C1
4R7U.D,4r7u,D,116,CYS,C1
4RBM.A,4rbm,A,477,CYS,CAK
4RSP.A,4rsp,A,148,CYS,C63
4TKX.L,4tkx,L,477,CYS,CM
4UPV.A,4upv,A,17,CYS,FE4
4UPV.A,4upv,A,20,CYS,FE2
4UPV.A,4upv,A,114,CYS,FE3
4UPV.A,4upv,A,147,CYS,FE1
4UPV.A,4upv,A,187,CYS,FE2
4UPV.A,4upv,A,212,CYS,FE1
4UPV.A,4upv,A,218,CYS,FE4
4UPV.A,4upv,A,227,CYS,FE3
4UPV.A,4upv,A,245,CYS,FE4
4UPV.A,4upv,A,248,CYS,FE1
4UPV.B,4upv,B,17,CYS,FE4
4UPV.B,4upv,B,20,CYS,FE2
4UPV.B,4upv,B,114,CYS,FE3
4UPV.B,4upv,B,147,CYS,FE1
4UPV.B,4upv,B,187,CYS,FE2
4UPV.B,4upv,B,212,CYS,FE1
4UPV.B,4upv,B,218,CYS,FE4
4UPV.B,4upv,B,227,CYS,FE3
4UPV.B,4upv,B,245,CYS,FE4
4UPV.B,4upv,B,248,CYS,FE1
4UPV.Q,4upv,Q,546,CYS,FE
4UPV.Q,4upv,Q,72,CYS,NI
4UPV.Q,4upv,Q,546,CYS,NI
4UPV.Q,4upv,Q,72,CYS,NI
4UPV.Q,4upv,Q,546,CYS,NI
4UPV.R,4upv,R,546,CYS,FE
4UPV.R,4upv,R,72,CYS,NI
4UPV.R,4upv,R,546,CYS,NI
4UPV.R,4upv,R,72,CYS,NI
4UPV.R,4upv,R,546,CYS,NI
4UQL.A,4uql,A,17,CYS,FE4
4UQL.A,4uql,A,20,CYS,FE2
4UQL.A,4uql,A,114,CYS,FE3
4UQL.A,4uql,A,147,CYS,FE1
4UQL.A,4uql,A,187,CYS,FE4
4UQL.A,4uql,A,212,CYS,FE1
4UQL.A,4uql,A,218,CYS,FE2
4UQL.A,4uql,A,227,CYS,FE3
4UQL.A,4uql,A,245,CYS,FE4
4UQL.A,4uql,A,248,CYS,FE1
4UQL.B,4uql,B,17,CYS,FE2
4UQL.B,4uql,B,20,CYS,FE4
4UQL.B,4uql,B,114,CYS,FE3
4UQL.B,4uql,B,147,CYS,FE1
4UQL.B,4uql,B,187,CYS,FE2
4UQL.B,4uql,B,212,CYS,FE1
4UQL.B,4uql,B,218,CYS,FE4
4UQL.B,4uql,B,227,CYS,FE3
4UQL.B,4uql,B,245,CYS,FE4
4UQL.B,4uql,B,248,CYS,FE1
4UQL.Q,4uql,Q,546,CYS,FE
4UQL.R,4uql,R,546,CYS,FE
4UQL.Q,4uql,Q,72,CYS,NI
4UQL.Q,4uql,Q,546,CYS,NI
4UQL.Q,4uql,Q,72,CYS,NI
4UQL.Q,4uql,Q,546,CYS,NI
4UQL.R,4uql,R,72,CYS,NI
4UQL.R,4uql,R,546,CYS,NI
4UQL.R,4uql,R,72,CYS,NI
4UQL.R,4uql,R,546,CYS,NI
4UQP.A,4uqp,A,17,CYS,FE4
4UQP.A,4uqp,A,20,CYS,FE3
4UQP.A,4uqp,A,114,CYS,FE2
4UQP.A,4uqp,A,147,CYS,FE1
4UQP.A,4uqp,A,187,CYS,FE2
4UQP.A,4uqp,A,212,CYS,FE1
4UQP.A,4uqp,A,218,CYS,FE4
4UQP.A,4uqp,A,227,CYS,FE3
4UQP.A,4uqp,A,245,CYS,FE4
4UQP.A,4uqp,A,248,CYS,FE1
4UQP.B,4uqp,B,17,CYS,FE2
4UQP.B,4uqp,B,20,CYS,FE4
4UQP.B,4uqp,B,114,CYS,FE3
4UQP.B,4uqp,B,147,CYS,FE1
4UQP.B,4uqp,B,187,CYS,FE2
4UQP.B,4uqp,B,212,CYS,FE1
4UQP.B,4uqp,B,218,CYS,FE4
4UQP.B,4uqp,B,227,CYS,FE3
4UQP.B,4uqp,B,245,CYS,FE4
4UQP.B,4uqp,B,248,CYS,FE1
4UQP.Q,4uqp,Q,546,CYS,FE
4UQP.Q,4uqp,Q,72,CYS,NI
4UQP.Q,4uqp,Q,546,CYS,NI
4UQP.Q,4uqp,Q,72,CYS,NI
4UQP.Q,4uqp,Q,546,CYS,NI
4UQP.R,4uqp,R,546,CYS,FE
4UQP.R,4uqp,R,72,CYS,NI
4UQP.R,4uqp,R,546,CYS,NI
4UQP.R,4uqp,R,72,CYS,NI
4UQP.R,4uqp,R,546,CYS,NI
4US2.R,4us2,R,118,CYS,C3
4V37.A,4v37,A,450,CYS,C8
4V37.B,4v37,B,450,CYS,C8
4V37.C,4v37,C,450,CYS,C8
4V37.D,4v37,D,450,CYS,C8
4WX6.A,4wx6,A,122,CYS,C27
4WX6.C,4wx6,C,122,CYS,C27
4WX7.A,4wx7,A,122,CYS,C30
4WX7.C,4wx7,C,122,CYS,C30
4X0T.A,4x0t,A,302,CYS,C13
4X0T.B,4x0t,B,302,CYS,C13
4X0T.C,4x0t,C,302,CYS,C13
4X0T.D,4x0t,D,302,CYS,C13
4X6J.A,4x6j,A,25,CYS,C1
4XBB.A,4xbb,A,139,CYS,C31
4XBC.A,4xbc,A,139,CYS,C30
4XBD.A,4xbd,A,139,CYS,C30
4XBD.B,4xbd,B,139,CYS,C30
4XCU.A,4xcu,A,552,CYS,C8
4XTD.A,4xtd,A,334,CYS,C2
4XTD.B,4xtd,B,334,CYS,C2
4XTI.A,4xti,A,334,CYS,K
4XTI.A,4xti,A,334,CYS,C2
4XTI.B,4xti,B,334,CYS,K
4XZ0.A,4xz0,A,117,CYS,CAF
4YEC.B,4yec,B,179,CYS,CAK
4YHF.A,4yhf,A,481,CYS,C1
4YHF.B,4yhf,B,481,CYS,C1
4YQU.A,4yqu,A,32,CYS,C3
4YQU.B,4yqu,B,32,CYS,C3
4YRT.A,4yrt,A,365,CYS,C9
4ZRO.A,4zro,A,144,CYS,C63
4ZRO.B,4zro,B,144,CYS,C63
4ZRO.C,4zro,C,144,CYS,C63
4ZRO.D,4zro,D,144,CYS,C63
4ZZM.A,4zzm,A,166,CYS,C
4ZZO.A,4zzo,A,166,CYS,C
5E51.A,5E51,A,226,CYS,C02
5E51.C,5E51,C,226,CYS,C02
5E93.A,5E93,A,130,CYS,CAH
5E93.B,5E93,B,130,CYS,CAH
5A24.A,5a24,A,26,CYS,C2
5AC0.A,5ac0,A,301,CYS,C8
5AC0.B,5ac0,B,301,CYS,C8
5AC1.B,5ac1,B,301,CYS,C8
5AC1.C,5ac1,C,301,CYS,C8
5AC2.A,5ac2,A,302,CYS,C8
5ARB.A,5arb,A,217,CYS,C1
5ARC.A,5arc,A,217,CYS,C1
5ARD.A,5ard,A,217,CYS,C1
5AXS.A,5axs,A,119,CYS,C4
5AZP.A,5azp,A,1,CYS,CG3
5AZP.A,5azp,A,1,CYS,C10
5AZP.C,5azp,C,1,CYS,CG3
5AZP.C,5azp,C,1,CYS,C10
5C1U.A,5c1u,A,147,CYS,C27
5C1U.B,5c1u,B,147,CYS,C27
5C1X.A,5c1x,A,147,CYS,C27
5C1X.B,5c1x,B,147,CYS,C27
5C1Y.A,5c1y,A,147,CYS,C27
5C5O.A,5c5o,A,145,CYS,C20
5C5O.B,5c5o,B,145,CYS,C20
5CBN.A,5cbn,A,133,CYS,C03
5CBN.A,5cbn,A,1226,CYS,C19
5CZU.A,5czu,A,119,CYS,C4
5D11.A,5d11,A,345,CYS,CAA
5D11.B,5d11,B,345,CYS,CAA
5D63.A,5d63,A,215,CYS,C1
5D63.A,5d63,A,215,CYS,C1
5DAF.A,5daf,A,151,CYS,C1
5DC2.A,5dc2,A,354,CYS,C7
5DC2.B,5dc2,B,354,CYS,C7
5DCC.A,5dcc,A,354,CYS,C7
5DCC.B,5dcc,B,354,CYS,C7
5DG6.A,5dg6,A,139,CYS,C25
5DGJ.A,5dgj,A,139,CYS,C24
5DGJ.A,5dgj,A,139,CYS,C24
5DP3.A,5dp3,A,147,CYS,C14
5DP4.A,5dp4,A,147,CYS,C14
5DP4.B,5dp4,B,147,CYS,C14
5DP4.C,5dp4,C,147,CYS,C14
5DP4.D,5dp4,D,147,CYS,C14
5DP5.A,5dp5,A,147,CYS,C14
5DP7.A,5dp7,A,147,CYS,C14
5DP8.A,5dp8,A,147,CYS,C14
5DP9.A,5dp9,A,147,CYS,C14
5DPA.A,5dpa,A,147,CYS,C14
5DQL.A,5dql,A,191,CYS,C01
5DQL.B,5dql,B,191,CYS,C01
5DQL.C,5dql,C,191,CYS,C01
5DQL.D,5dql,D,191,CYS,C01
5DU9.A,5du9,A,17,CYS,CCH
5DU9.B,5du9,B,17,CYS,CCH
5DUA.A,5dua,A,17,CYS,C01
5DUA.B,5dua,B,17,CYS,C01
5DUJ.A,5duj,A,354,CYS,CAT
5DUJ.B,5duj,B,354,CYS,CAT
5DVC.A,5dvc,A,285,CYS,CAL
5DVP.A,5dvp,A,354,CYS,CAJ
5DVP.B,5dvp,B,354,CYS,CAJ
5DZJ.A,5dzj,A,354,CYS,C13
5DZJ.B,5dzj,B,354,CYS,C13
5DZP.A,5dzp,A,354,CYS,C13
5E0G.A,5e0g,A,139,CYS,C19
5E0H.A,5e0h,A,139,CYS,C02
5E0J.A,5e0j,A,139,CYS,C02
5E1I.A,5e1i,A,354,CYS,C02
5E7R.A,5e7r,A,174,CYS,C30
5EA9.A,5ea9,A,130,CYS,CAJ
5EA9.B,5ea9,B,130,CYS,CAJ
5EL1.A,5el1,A,47,CYS,C2
5EMU.A,5emu,A,47,CYS,C2
5EU8.A,5eu8,A,144,CYS,C20
5EZS.A,5ezs,A,477,CYS,C2
5F02.A,5f02,A,25,CYS,C11
5F2E.A,5f2e,A,12,CYS,C15
5FCT.A,5fct,A,189,CYS,C6
5FCT.B,5fct,B,189,CYS,C6
5FSD.C,5fsd,C,322,CYS,C4
5FSE.C,5fse,C,322,CYS,C2
5FSE.C,5fse,C,555,CYS,C2
5G4H.C,5g4h,C,322,CYS,C2
5GIT.A,5git,A,151,CYS,C14
5GK1.A,5gk1,A,126,CYS,CAH
5GK1.C,5gk1,C,126,CYS,CAH
5GNK.A,5gnk,A,797,CYS,CAO
5GWZ.B,5gwz,B,144,CYS,C20
5GWZ.A,5gwz,A,144,CYS,C20
5H8I.B,5h8i,B,158,CYS,C1
5H8I.C,5h8i,C,158,CYS,C1
5H8I.D,5h8i,D,158,CYS,C1
5H8I.E,5h8i,E,158,CYS,C1
5H8I.F,5h8i,F,158,CYS,C1
5H8I.G,5h8i,G,158,CYS,C1
5H8I.J,5h8i,J,158,CYS,C1
5H8I.K,5h8i,K,158,CYS,C1
5H8I.L,5h8i,L,158,CYS,C1
5H8I.M,5h8i,M,158,CYS,C1
5H8I.N,5h8i,N,158,CYS,C1
5H8I.O,5h8i,O,158,CYS,C1
5HZE.A,5hze,A,207,CYS,CAT
5IC3.A,5ic3,A,319,CYS,C4
5IYT.B,5iyt,B,147,CYS,C26
5J7S.A,5j7s,A,174,CYS,C31
5J87.A,5j87,A,481,CYS,CBA
5J87.B,5j87,B,481,CYS,CBA
5J87.C,5j87,C,481,CYS,CBA
5J87.D,5j87,D,481,CYS,CBA
5J8I.A,5j8i,A,174,CYS,C31
5JH6.A,5jh6,A,174,CYS,C31
5JK3.A,5jk3,A,174,CYS,C25
5JQ2.A,5jq2,A,400,CYS,FE
5JQ2.A,5jq2,A,407,CYS,C49
5JQ2.B,5jq2,B,400,CYS,FE
5JQ2.B,5jq2,B,407,CYS,C49
5JTD.A,5jtd,A,400,CYS,FE
5JTD.A,5jtd,A,407,CYS,C49
5JTD.B,5jtd,B,400,CYS,FE
5JTD.B,5jtd,B,407,CYS,C49
5K69.A,5k69,A,354,CYS,C1
5K69.B,5k69,B,354,CYS,C1
5KWI.A,5kwi,A,209,CYS,SE05
5KWJ.A,5kwj,A,209,CYS,SE07
5KWJ.B,5kwj,B,209,CYS,SE07
5LA6.C,5la6,C,316,CYS,C03
5LB1.A,5lb1,A,354,CYS,S5
5LB1.B,5lb1,B,354,CYS,S5
5LCJ.A,5lcj,A,166,CYS,C43
5LCK.A,5lck,A,166,CYS,C25
5LF0.G,5lf0,G,136,CYS,N
5LF0.U,5lf0,U,136,CYS,N
5LF1.G,5lf1,G,136,CYS,N
5LF1.U,5lf1,U,136,CYS,N
5LF3.G,5lf3,G,136,CYS,N
5LF3.U,5lf3,U,136,CYS,N
5LF4.G,5lf4,G,136,CYS,N
5LF4.U,5lf4,U,136,CYS,N
5LF6.G,5lf6,G,136,CYS,N
5LF6.U,5lf6,U,136,CYS,N
5LF7.G,5lf7,G,136,CYS,N
5LF7.U,5lf7,U,136,CYS,N
5LWN.A,5lwn,A,909,CYS,C12
5M4Z.A,5m4z,A,189,CYS,C6
5M4Z.B,5m4z,B,189,CYS,C6
5MAE.A,5mae,A,25,CYS,C8
5MAJ.A,5maj,A,25,CYS,C8
5MHM.A,5mhm,A,314,CYS,C23
5MHM.B,5mhm,B,314,CYS,C23
5MHN.A,5mhn,A,314,CYS,C23
5MHN.B,5mhn,B,314,CYS,C23
5MI4.A,5mi4,A,550,CYS,C7
5MI5.A,5mi5,A,550,CYS,C7
5MI6.A,5mi6,A,550,CYS,C7
5MI7.A,5mi7,A,550,CYS,C01
5MJB.A,5mjb,A,703,CYS,C7
5MJB.B,5mjb,B,703,CYS,C7
5MMV.A,5mmv,A,285,CYS,C36
5MQY.A,5mqy,A,25,CYS,C24
5MU9.A,5mu9,A,215,CYS,C2
5MUA.A,5mua,A,208,CYS,C2
5MUA.B,5mua,B,208,CYS,C2
5N0M.A,5n0m,A,645,CYS,C2
5N0Y.A,5n0y,A,645,CYS,C14
5NGF.A,5ngf,A,223,CYS,CAA
5NGF.B,5ngf,B,223,CYS,CAA
5NH0.A,5nh0,A,144,CYS,C57
5NH0.B,5nh0,B,144,CYS,C57
5NH0.C,5nh0,C,144,CYS,C57
5NUD.A,5nud,A,552,CYS,C7
5NUD.B,5nud,B,552,CYS,C7
5NWZ.A,5nwz,A,477,CYS,C1
5NWZ.B,5nwz,B,477,CYS,C1
5O3Y.A,5o3y,A,111,CYS,S01
5O3Y.F,5o3y,F,111,CYS,S01
5O8U.A,5o8u,A,252,CYS,CAE
5O8V.A,5o8v,A,251,CYS,CAJ
5OGQ.A,5ogq,A,100,CYS,C27
5OGQ.B,5ogq,B,100,CYS,C27
5OGQ.C,5ogq,C,100,CYS,C27
5OGR.A,5ogr,A,100,CYS,C27
5OGR.B,5ogr,B,100,CYS,C27
5OGR.C,5ogr,C,100,CYS,C27
5OO0.A,5oo0,A,177,CYS,C2
5OO1.A,5oo1,A,80,CYS,C2
5OO3.A,5oo3,A,80,CYS,C2
5ORL.A,5orl,A,247,CYS,S08
5OSJ.A,5osj,A,177,CYS,C9
5OSM.A,5osm,A,80,CYS,C2
5P9J.A,5p9j,A,481,CYS,CAA
5P9K.A,5p9k,A,481,CYS,C37
5P9L.A,5p9l,A,481,CYS,C29
5P9M.A,5p9m,A,481,CYS,C19
5QIP.A,5qip,A,51,CYS,C1
5QIQ.A,5qiq,A,51,CYS,C
5QIR.A,5qir,A,51,CYS,C
5QIS.A,5qis,A,51,CYS,C
5QIT.A,5qit,A,51,CYS,C
5QIU.A,5qiu,A,51,CYS,C
5QIV.A,5qiv,A,51,CYS,C
5QIW.A,5qiw,A,51,CYS,C
5QIX.A,5qix,A,51,CYS,C
5QIY.A,5qiy,A,51,CYS,C
5QIZ.A,5qiz,A,51,CYS,C1
5REJ.A,5rej,A,145,CYS,C
5REK.A,5rek,A,145,CYS,C11
5REL.A,5rel,A,145,CYS,C12
5REM.A,5rem,A,145,CYS,C11
5REN.A,5ren,A,145,CYS,C
5REO.A,5reo,A,145,CYS,C
5REP.A,5rep,A,145,CYS,C11
5RER.A,5rer,A,145,CYS,C03
5RES.A,5res,A,145,CYS,C11
5RET.A,5ret,A,145,CYS,C
5REU.A,5reu,A,145,CYS,C
5REV.A,5rev,A,145,CYS,C
5REW.A,5rew,A,145,CYS,C3
5REX.A,5rex,A,145,CYS,C
5REY.A,5rey,A,145,CYS,C14
5RFF.A,5rff,A,145,CYS,C
5RFG.A,5rfg,A,145,CYS,C03
5RFH.A,5rfh,A,145,CYS,C
5RFI.A,5rfi,A,145,CYS,C13
5RFJ.A,5rfj,A,145,CYS,C8
5RFK.A,5rfk,A,145,CYS,C
5RFL.A,5rfl,A,145,CYS,C13
5RFM.A,5rfm,A,145,CYS,C09
5RFN.A,5rfn,A,145,CYS,C03
5RFO.A,5rfo,A,145,CYS,C
5RFP.A,5rfp,A,145,CYS,C06
5RFQ.A,5rfq,A,145,CYS,C
5RFR.A,5rfr,A,145,CYS,C
5RFS.A,5rfs,A,145,CYS,C
5RFT.A,5rft,A,145,CYS,C03
5RFU.A,5rfu,A,145,CYS,C
5RFV.A,5rfv,A,145,CYS,C
5RFW.A,5rfw,A,145,CYS,C
5RFX.A,5rfx,A,145,CYS,C12
5RFY.A,5rfy,A,145,CYS,C11
5RFZ.A,5rfz,A,145,CYS,C
5RG0.A,5rg0,A,145,CYS,C7
5RG2.A,5rg2,A,145,CYS,C8
5RG3.A,5rg3,A,145,CYS,C8
5RGL.A,5rgl,A,145,CYS,C13
5RGM.A,5rgm,A,145,CYS,C
5RGN.A,5rgn,A,145,CYS,C12
5RGO.A,5rgo,A,145,CYS,C
5RGP.A,5rgp,A,145,CYS,C13
5RGT.A,5rgt,A,145,CYS,C
5RH5.A,5rh5,A,145,CYS,C
5RH6.A,5rh6,A,145,CYS,C
5RH7.A,5rh7,A,145,CYS,C
5RH9.A,5rh9,A,145,CYS,C
5RHA.A,5rha,A,145,CYS,C
5RHB.A,5rhb,A,145,CYS,C
5RHC.A,5rhc,A,145,CYS,C
5RHE.A,5rhe,A,145,CYS,C5
5RHF.A,5rhf,A,145,CYS,C5
5SWH.A,5swh,A,281,CYS,C12
5SWH.B,5swh,B,281,CYS,C12
5T6D.A,5t6d,A,139,CYS,C31
5T6D.B,5t6d,B,139,CYS,C31
5T6F.A,5t6f,A,139,CYS,C31
5T6F.B,5t6f,B,139,CYS,C31
5T6G.A,5t6g,A,139,CYS,C30
5T6G.B,5t6g,B,139,CYS,C30
5TDI.A,5tdi,A,25,CYS,C12
5TG1.A,5tg1,A,139,CYS,C12
5TG2.A,5tg2,A,139,CYS,C20
5TH7.A,5th7,A,311,CYS,CAA
5TH7.B,5th7,B,311,CYS,CAA
5TOZ.A,5toz,A,909,CYS,C9
5TTS.A,5tts,A,909,CYS,C1
5TTU.A,5ttu,A,909,CYS,C16
5TTV.A,5ttv,A,909,CYS,C1
5U4H.A,5u4h,A,116,CYS,C2
5U4H.B,5u4h,B,116,CYS,C2
5UG8.A,5ug8,A,797,CYS,C29
5UG9.A,5ug9,A,797,CYS,C31
5UGC.A,5ugc,A,797,CYS,C29
5V6S.A,5v6s,A,12,CYS,C27
5V6S.A,5v6s,A,12,CYS,C27
5V6V.A,5v6v,A,12,CYS,C26
5V6V.B,5v6v,B,12,CYS,C26
5V71.A,5v71,A,12,CYS,C28
5V71.B,5v71,B,12,CYS,C28
5V71.C,5v71,C,12,CYS,C28
5V71.D,5v71,D,12,CYS,C28
5V71.E,5v71,E,12,CYS,C28
5V71.F,5v71,F,12,CYS,C28
5V9L.A,5v9l,A,12,CYS,C19
5V9L.B,5v9l,B,12,CYS,C19
5V9L.C,5v9l,C,12,CYS,C19
5V9O.A,5v9o,A,12,CYS,C20
5V9U.A,5v9u,A,12,CYS,C20
5V9U.A,5v9u,A,12,CYS,C20
5V9U.B,5v9u,B,12,CYS,C20
5V9U.B,5v9u,B,12,CYS,C20
5VBM.A,5vbm,A,72,CYS,S24
5VBZ.C,5vbz,C,72,CYS,S24
5VND.A,5vnd,A,563,CYS,C27
5VND.B,5vnd,B,563,CYS,C27
5VQX.A,5vqx,A,181,CYS,C26
5VQY.A,5vqy,A,181,CYS,C28
5VQZ.A,5vqz,A,181,CYS,C26
5W1Y.A,5w1y,A,311,CYS,C6
5W1Y.B,5w1y,B,311,CYS,C6
5WEJ.A,5wej,A,139,CYS,C25
5WEJ.B,5wej,B,139,CYS,C25
5WFJ.A,5wfj,A,909,CYS,C25
5WI5.A,5wi5,A,120,CYS,C2
5WI5.B,5wi5,B,120,CYS,C2
5WI5.C,5wi5,C,120,CYS,C2
5WI5.D,5wi5,D,120,CYS,C2
5WKJ.A,5wkj,A,148,CYS,C21
5WKJ.A,5wkj,A,148,CYS,C21
5WKK.A,5wkk,A,148,CYS,C08
5WKK.A,5wkk,A,148,CYS,C08
5WKL.A,5wkl,A,148,CYS,C19
5WKL.A,5wkl,A,148,CYS,C19
5WKM.A,5wkm,A,148,CYS,C19
5WKM.A,5wkm,A,148,CYS,C19
5WQX.A,5wqx,A,285,CYS,C12
5WR1.A,5wr1,A,285,CYS,C10
5XDK.A,5xdk,A,797,CYS,CAS
5XU8.A,5xu8,A,276,CYS,S6
5Y41.A,5y41,A,566,CYS,C11
5Y41.B,5y41,B,566,CYS,C11
5YD6.A,5yd6,A,566,CYS,C11
5YD6.B,5yd6,B,566,CYS,C11
5YD6.C,5yd6,C,566,CYS,C11
5YD6.D,5yd6,D,566,CYS,C11
5YU9.A,5yu9,A,797,CYS,CAA
5YU9.B,5yu9,B,797,CYS,CAA
5YU9.C,5yu9,C,797,CYS,CAA
5YU9.D,5yu9,D,797,CYS,CAA
5YVO.A,5yvo,A,32,CYS,C03
5YVO.A,5yvo,A,112,CYS,C03
5YXZ.A,5yxz,A,12,CYS,C14
5YY1.A,5yy1,A,12,CYS,C14
5ZK4.A,5zk4,A,86,CYS,CAA
5ZK4.B,5zk4,B,86,CYS,CAA
6NNR.A,6NNR,A,146,CYS,C6
6NNR.B,6NNR,B,146,CYS,C6
6AF9.A,6af9,A,106,CYS,C7
6AFD.A,6afd,A,106,CYS,C9
6AFE.A,6afe,A,106,CYS,C9
6AFF.A,6aff,A,106,CYS,C9
6AFG.A,6afg,A,106,CYS,C9
6ALJ.A,6alj,A,320,CYS,C05
6ALJ.B,6alj,B,320,CYS,C05
6ALJ.C,6alj,C,320,CYS,C05
6ALJ.D,6alj,D,320,CYS,C05
6ARK.A,6ark,A,12,CYS,C07
6AY2.A,6ay2,A,29,CYS,C26
6AY2.B,6ay2,B,29,CYS,C26
6AZS.B,6azs,B,175,CYS,C07
6AZS.D,6azs,D,175,CYS,C07
6B0V.A,6b0v,A,12,CYS,C12
6B0V.B,6b0v,B,12,CYS,C12
6B0Y.A,6b0y,A,12,CYS,C28
6B0Y.A,6b0y,A,12,CYS,C28
6B0Y.B,6b0y,B,12,CYS,C28
6B0Y.B,6b0y,B,12,CYS,C28
6B95.A,6b95,A,197,CYS,S19
6BIB.A,6bib,A,139,CYS,C23
6BIB.B,6bib,B,139,CYS,C23
6BIC.A,6bic,A,139,CYS,C02
6BIC.B,6bic,B,139,CYS,C02
6BID.A,6bid,A,139,CYS,C22
6BID.A,6bid,A,139,CYS,C22
6BOI.A,6boi,A,354,CYS,C7
6BOI.B,6boi,B,354,CYS,C7
6BOZ.A,6boz,A,311,CYS,CAA
6BOZ.B,6boz,B,311,CYS,CAA
6BV5.A,6bv5,A,353,CYS,CAG
6BV6.A,6bv6,A,346,CYS,CAG
6BV6.A,6bv6,A,353,CYS,CAG
6BV8.A,6bv8,A,353,CYS,CAG
6BWU.B,6bwu,B,93,CYS,S1
6C1I.A,6c1i,A,285,CYS,C03
6C1I.B,6c1i,B,285,CYS,C03
6CHW.A,6chw,A,530,CYS,C11
6CWY.D,6cwy,D,30,CYS,C19
6DB4.A,6db4,A,909,CYS,C22
6DGE.A,6dge,A,274,CYS,C8
6DI1.A,6di1,A,481,CYS,CAT
6DI5.A,6di5,A,481,CYS,C1
6DI5.A,6di5,A,481,CYS,C1
6DI9.A,6di9,A,481,CYS,C33
6DI9.A,6di9,A,481,CYS,C33
6DQ9.A,6dq9,A,481,CYS,C17
6DQB.A,6dqb,A,481,CYS,C18
6DQB.A,6dqb,A,481,CYS,C18
6DUD.A,6dud,A,909,CYS,C20
6E6T.A,6e6t,A,89,CYS,CAF
6E6T.B,6e6t,B,89,CYS,CAF
6EIN.A,6ein,A,480,CYS,C15
6EXW.A,6exw,A,309,CYS,CAA
6EXW.C,6exw,C,309,CYS,CAA
6EZP.A,6ezp,A,25,CYS,CAE
6EZX.A,6ezx,A,25,CYS,C18
6EZX.B,6ezx,B,25,CYS,C18
6F6R.A,6f6r,A,285,CYS,C36
6FDQ.A,6fdq,A,345,CYS,C12
6FDQ.B,6fdq,B,345,CYS,C12
6FDU.B,6fdu,B,345,CYS,CBE
6FFM.A,6ffm,A,151,CYS,C05
6FV1.A,6fv1,A,144,CYS,C57
6FV1.B,6fv1,B,144,CYS,C57
6FV1.C,6fv1,C,144,CYS,C57
6G54.A,6g54,A,166,CYS,C31
6G58.B,6g58,B,215,CYS,NA
6G83.A,6g83,A,387,CYS,N02
6G83.B,6g83,B,387,CYS,N02
6GA0.A,6ga0,A,119,CYS,C07
6GES.A,6ges,A,183,CYS,C31
6GES.B,6ges,B,183,CYS,C31
6GJK.A,6gjk,A,51,CYS,S
6GJK.A,6gjk,A,295,CYS,S
6GJK.B,6gjk,B,51,CYS,S
6GJK.B,6gjk,B,295,CYS,S
6GQ3.A,6gq3,A,1,CYS,CE
6GQ3.B,6gq3,B,1,CYS,CE
6GXY.A,6gxy,A,40,CYS,C01
6GXY.B,6gxy,B,40,CYS,C01
6GZY.A,6gzy,A,885,CYS,C2
6GZY.B,6gzy,B,885,CYS,C2
6H0U.A,6h0u,A,199,CYS,C2
6H0U.B,6h0u,B,199,CYS,C2
6H8T.J,6h8t,J,25,CYS,CBD
6HEZ.A,6hez,A,387,CYS,NBE
6HEZ.B,6hez,B,387,CYS,NBE
6HF0.A,6hf0,A,387,CYS,N8
6HF0.B,6hf0,B,387,CYS,N8
6HF3.A,6hf3,A,387,CYS,NBE
6HF3.B,6hf3,B,387,CYS,NBE
6HFV.A,6hfv,A,387,CYS,N3
6HFV.B,6hfv,B,387,CYS,N3
6HGY.A,6hgy,A,25,CYS,C59
6HHG.A,6hhg,A,310,CYS,CAA
6HHJ.A,6hhj,A,310,CYS,CAM
6HHP.A,6hhp,A,42,CYS,S05
6HJE.A,6hje,A,300,CYS,C2
6HJE.B,6hje,B,300,CYS,C2
6HJF.A,6hjf,A,130,CYS,C5
6HJF.B,6hjf,B,300,CYS,C2
6HJF.A,6hjf,A,300,CYS,C2
6HJF.B,6hjf,B,130,CYS,C5
6HK2.B,6hk2,B,93,CYS,C6
6HK2.B,6hk2,B,93,CYS,C6
6HK2.D,6hk2,D,93,CYS,C7
6HK2.D,6hk2,D,93,CYS,C7
6HKB.A,6hkb,A,42,CYS,S09
6HKF.A,6hkf,A,42,CYS,S08
6HMT.A,6hmt,A,42,CYS,S12
6HMU.A,6hmu,A,45,CYS,S01
6HN2.A,6hn2,A,42,CYS,S01
6HVE.A,6hve,A,345,CYS,CAV
6HVE.B,6hve,B,345,CYS,CAV
6HVF.A,6hvf,A,345,CYS,CBH
6HVF.B,6hvf,B,345,CYS,CBH
6I0X.A,6i0x,A,351,CYS,CAP
6I0X.B,6i0x,B,351,CYS,CAP
6I99.A,6i99,A,496,CYS,C1
6I99.B,6i99,B,496,CYS,C1
6IB2.A,6ib2,A,218,CYS,C22
6IC5.B,6ic5,B,234,CYS,C37
6IC6.B,6ic6,B,234,CYS,C23
6IJS.A,6ijs,A,285,CYS,CBA
6IUO.A,6iuo,A,477,CYS,C1
6IYV.B,6iyv,B,354,CYS,CAA
6IYV.A,6iyv,A,354,CYS,CAA
6IYW.A,6iyw,A,354,CYS,C7
6IYW.B,6iyw,B,354,CYS,C7
6IYW.C,6iyw,C,354,CYS,C7
6IYW.D,6iyw,D,354,CYS,C7
6IYW.E,6iyw,E,354,CYS,C7
6IYW.F,6iyw,F,354,CYS,C7
6J1M.A,6j1m,A,166,CYS,CAB
6J1M.B,6j1m,B,166,CYS,CAB
6J4P.A,6j4p,A,158,CYS,C15
6J6M.A,6j6m,A,481,CYS,C15
6JPE.A,6jpe,A,552,CYS,CAX
6JXT.A,6jxt,A,797,CYS,C9
6KU2.A,6ku2,A,412,CYS,S15
6KU2.E,6ku2,E,412,CYS,S15
6KX3.A,6kx3,A,107,CYS,C8
6L70.A,6l70,A,144,CYS,C21
6L70.B,6l70,B,144,CYS,C21
6LKA.A,6lka,A,147,CYS,C16
6LS5.A,6ls5,A,128,CYS,S03
6LU7.A,6lu7,A,145,CYS,C20
6LZE.A,6lze,A,145,CYS,C31
6M0K.A,6m0k,A,145,CYS,C32
6MGU.A,6mgu,A,308,CYS,K
6MGU.A,6mgu,A,308,CYS,C10
6MGU.B,6mgu,B,308,CYS,K
6MGU.B,6mgu,B,308,CYS,C10
6MHC.A,6mhc,A,32,CYS,C2
6MHC.B,6mhc,B,32,CYS,C2
6MHD.A,6mhd,A,32,CYS,C2
6MHD.B,6mhd,B,32,CYS,C2
6MIS.A,6mis,A,25,CYS,C2
6MIS.B,6mis,B,25,CYS,C2
6MZW.A,6mzw,A,488,CYS,C0V
6N2J.A,6n2j,A,12,CYS,C30
6N2K.A,6n2k,A,12,CYS,C26
6N4T.A,6n4t,A,122,CYS,SG2
6N9J.A,6n9j,A,183,CYS,CAK
6N9J.B,6n9j,B,183,CYS,CAK
6N9P.A,6n9p,A,481,CYS,C32
6N9P.A,6n9p,A,481,CYS,C32
6ND3.A,6nd3,A,489,CYS,C
6ND3.B,6nd3,B,489,CYS,C
6ND3.C,6nd3,C,489,CYS,C
6ND3.D,6nd3,D,489,CYS,C
6ND3.E,6nd3,E,489,CYS,C
6ND3.F,6nd3,F,489,CYS,C
6ND3.G,6nd3,G,489,CYS,C
6ND3.H,6nd3,H,489,CYS,C
6NKJ.A,6nkj,A,120,CYS,C2
6NKJ.B,6nkj,B,120,CYS,C2
6NVG.A,6nvg,A,552,CYS,C22
6NVH.A,6nvh,A,552,CYS,C23
6NVI.A,6nvi,A,552,CYS,C22
6NVJ.A,6nvj,A,552,CYS,C22
6NVK.A,6nvk,A,552,CYS,C24
6O8I.A,6o8i,A,481,CYS,C19
6O8M.A,6o8m,A,107,CYS,N06
6OCG.A,6ocg,A,169,CYS,C15
6OCH.A,6och,A,169,CYS,C13
6OCH.C,6och,C,169,CYS,C13
6OIM.A,6oim,A,12,CYS,C25
6OWC.A,6owc,A,530,CYS,C5
6OWC.B,6owc,B,530,CYS,C5
6P4E.A,6p4e,A,26,CYS,C15
6P4E.A,6p4e,A,26,CYS,C15
6P4E.B,6p4e,B,26,CYS,C15
6P4E.B,6p4e,B,26,CYS,C15
6P69.A,6p69,A,563,CYS,C28
6P69.B,6p69,B,563,CYS,C28
6P8W.A,6p8w,A,12,CYS,C01
6P8W.B,6p8w,B,12,CYS,C01
6P8Y.A,6p8y,A,12,CYS,C01
6P8Y.B,6p8y,B,12,CYS,C01
6P8Z.A,6p8z,A,12,CYS,C01
6P8Z.B,6p8z,B,12,CYS,C01
6PGO.A,6pgo,A,12,CYS,C01
6PGO.A,6pgo,A,12,CYS,C01
6PGO.B,6pgo,B,12,CYS,C01
6PGP.A,6pgp,A,12,CYS,C27
6PGP.A,6pgp,A,12,CYS,C27
6PGP.B,6pgp,B,12,CYS,C27
6PGP.B,6pgp,B,12,CYS,C27
6PNM.A,6pnm,A,32,CYS,C1
6PNM.A,6pnm,A,32,CYS,C1
6PNN.A,6pnn,A,32,CYS,CAA
6PNO.A,6pno,A,32,CYS,CAR
6PZP.A,6pzp,A,285,CYS,C21
6Q8N.A,6q8n,A,288,CYS,K
6Q8N.A,6q8n,A,294,CYS,K
6Q8N.B,6q8n,B,288,CYS,K
6Q8N.B,6q8n,B,294,CYS,K
6QG4.A,6qg4,A,218,CYS,C9
6QG7.A,6qg7,A,218,CYS,CBC
6QL8.A,6ql8,A,25,CYS,C6
6QLM.A,6qlm,A,25,CYS,C3
6QLM.B,6qlm,B,25,CYS,C3
6QLW.A,6qlw,A,25,CYS,C14
6QLW.B,6qlw,B,25,CYS,C14
6QLW.C,6qlw,C,25,CYS,C14
6QLW.D,6qlw,D,25,CYS,C14
6QLX.A,6qlx,A,25,CYS,C6
6R0R.A,6r0r,A,34,CYS,C1A
6R1V.A,6r1v,A,126,CYS,C7
6R5L.A,6r5l,A,38,CYS,S09
6RJQ.A,6rjq,A,38,CYS,S09
6RN6.E,6rn6,E,234,CYS,C1
6RN7.B,6rn7,B,234,CYS,C2
6RN9.B,6rn9,B,234,CYS,C2
6RNE.B,6rne,B,234,CYS,C16
6RNI.B,6rni,B,234,CYS,C2
6RO2.A,6ro2,A,248,CYS,S2
6RO2.A,6ro2,A,268,CYS,S2
6RRM.A,6rrm,A,354,CYS,SE1
6RRM.A,6rrm,A,354,CYS,SE1
6RRM.B,6rrm,B,354,CYS,SE1
6RWS.A,6rws,A,38,CYS,S1
6RWS.A,6rws,A,38,CYS,S1
6RWU.A,6rwu,A,38,CYS,C
6S9W.A,6s9w,A,310,CYS,CBL
6SC5.A,6sc5,A,885,CYS,C14
6SC8.A,6sc8,A,885,CYS,C14
6SC9.A,6sc9,A,885,CYS,C14
6SGD.A,6sgd,A,22,CYS,C20
6SLX.A,6slx,A,38,CYS,C
6SPH.L,6sph,L,111,CYS,SE1
6SPJ.A,6spj,A,111,CYS,SE1
6SPJ.B,6spj,B,111,CYS,SE1
6SPJ.E,6spj,E,111,CYS,SE1
6SPJ.F,6spj,F,111,CYS,SE1
6SPJ.I,6spj,I,111,CYS,SE1
6SPJ.J,6spj,J,111,CYS,SE1
6T5B.A,6t5b,A,12,CYS,C
6T5U.A,6t5u,A,12,CYS,C
6T5U.B,6t5u,B,12,CYS,C
6T5V.A,6t5v,A,12,CYS,C
6TAM.A,6tam,A,12,CYS,C16
6TAN.A,6tan,A,12,CYS,C17
6UMZ.A,6umz,A,69,CYS,C1
6UN0.A,6un0,A,69,CYS,C1
6UND.A,6und,A,101,CYS,C1
6UND.B,6und,B,101,CYS,C1
6USX.A,6usx,A,12,CYS,C32
6USX.B,6usx,B,12,CYS,C32
6USZ.A,6usz,A,12,CYS,C39
6V66.D,6v66,D,797,CYS,C33
6V66.A,6v66,A,797,CYS,C33
6V66.B,6v66,B,797,CYS,C33
6V66.C,6v66,C,797,CYS,C33
6V6K.D,6v6k,D,797,CYS,C33
6V6K.A,6v6k,A,797,CYS,C33
6V6K.B,6v6k,B,797,CYS,C33
6V6K.C,6v6k,C,797,CYS,C33
6V6K.E,6v6k,E,797,CYS,C33
6V6K.F,6v6k,F,797,CYS,C33
6V6K.G,6v6k,G,797,CYS,C33
6V6K.H,6v6k,H,797,CYS,C33
6V6O.D,6v6o,D,797,CYS,C35
6V6O.A,6v6o,A,797,CYS,C35
6V6O.B,6v6o,B,797,CYS,C35
6V6O.C,6v6o,C,797,CYS,C35
6V6O.E,6v6o,E,797,CYS,C35
6V6O.F,6v6o,F,797,CYS,C35
6V6O.G,6v6o,G,797,CYS,C35
6V6O.H,6v6o,H,797,CYS,C35
6V9C.A,6v9c,A,552,CYS,CBG
6VGY.A,6vgy,A,148,CYS,C19
6VGY.B,6vgy,B,148,CYS,C19
6VGZ.A,6vgz,A,148,CYS,C19
6VGZ.B,6vgz,B,148,CYS,C19
6VH0.A,6vh0,A,148,CYS,C19
6VH0.B,6vh0,B,148,CYS,C19
6VH1.A,6vh1,A,148,CYS,C25
6VH1.B,6vh1,B,148,CYS,C25
6VH2.A,6vh2,A,148,CYS,C28
6VH2.B,6vh2,B,148,CYS,C28
6VH3.A,6vh3,A,148,CYS,C26
6VH3.B,6vh3,B,148,CYS,C26
6VPL.A,6vpl,A,290,CYS,SD
6VPL.B,6vpl,B,290,CYS,SD
6VPM.A,6vpm,A,290,CYS,SAZ
6VPM.B,6vpm,B,290,CYS,SAZ
6VWE.A,6vwe,A,89,CYS,C25
6W2A.A,6w2a,A,145,CYS,C26
6W2A.A,6w2a,A,145,CYS,C26
6W2A.B,6w2a,B,145,CYS,C26
6W2A.B,6w2a,B,145,CYS,C26
6WNP.A,6wnp,A,145,CYS,C03
6WTJ.A,6wtj,A,145,CYS,C21
6WTK.A,6wtk,A,145,CYS,C21
6WTT.A,6wtt,A,145,CYS,C21
6WTT.B,6wtt,B,145,CYS,C21
6WTT.C,6wtt,C,145,CYS,C21
6XA4.A,6xa4,A,145,CYS,C01
6XBG.A,6xbg,A,145,CYS,C28
6XBG.B,6xbg,B,145,CYS,C28
6XBH.A,6xbh,A,145,CYS,C
6XBI.A,6xbi,A,145,CYS,C28
6XBI.B,6xbi,B,145,CYS,C28
6XFN.A,6xfn,A,145,CYS,C23
6XHL.A,6xhl,A,145,CYS,C34
6XHL.B,6xhl,B,145,CYS,C34
6XHM.A,6xhm,A,145,CYS,C34
6XHM.B,6xhm,B,145,CYS,C34
6XHN.A,6xhn,A,145,CYS,C36
6XHN.B,6xhn,B,145,CYS,C36
6XHO.A,6xho,A,145,CYS,C7
6XHO.B,6xho,B,145,CYS,C7
6XMK.A,6xmk,A,145,CYS,C26
6XMK.B,6xmk,B,145,CYS,C26
6XQS.A,6xqs,A,145,CYS,CAI
6XQT.A,6xqt,A,145,CYS,C43
6XQT.B,6xqt,B,145,CYS,C43
6XQU.A,6xqu,A,145,CYS,C03
6XR3.A,6xr3,A,145,CYS,C02
6XVB.A,6xvb,A,788,CYS,C1
6XVB.B,6xvb,B,788,CYS,C1
6YG2.A,6yg2,A,218,CYS,CAA
6YG3.A,6yg3,A,218,CYS,C30
6YG6.A,6yg6,A,218,CYS,C29
6YG6.B,6yg6,B,218,CYS,C29
6YG7.A,6yg7,A,218,CYS,C24
6YG7.B,6yg7,B,218,CYS,C24
6YGV.A,6ygv,A,330,CYS,C3
6YL1.A,6yl1,A,80,CYS,C13
6YNQ.A,6ynq,A,145,CYS,C01
6YNQ.A,6ynq,A,145,CYS,C01
6ZRT.A,6zrt,A,145,CYS,CAI
6ZRU.A,6zru,A,145,CYS,C03
6ZU8.A,6zu8,A,122,CYS,C30
7BQY.A,7bqy,A,145,CYS,C20
7C7P.A,7c7p,A,145,CYS,CAI
7C7P.B,7c7p,B,145,CYS,CAI
7C8R.A,7c8r,A,145,CYS,C07
7C8T.A,7c8t,A,145,CYS,C35
7C8U.A,7c8u,A,145,CYS,C21
7COM.A,7com,A,145,CYS,C03
7COM.B,7com,B,145,CYS,C03
